ISO-10303-21;
HEADER;
FILE_DESCRIPTION(('ViewDefinition [CoordinationView_V2.0, QuantityTakeOffAddOnView]','RevitIdentifiers [VersionGUID: 5fd7bea7-1190-496c-a56f-0949e3ced74c, NumberOfSaves: 223]','CoordinateReference [CoordinateBase: Gemeinsam genutzte Koordinaten, ProjectSite: Internal]'),'2;1');
FILE_NAME('Project  Number','2023-12-06T15:35:54+01:00',(''),(''),'ODA SDAI 23.12','Autodesk Revit 24.0.5.432 (DEU) - IFC 24.0.5.432','');
FILE_SCHEMA(('IFC2X3'));
ENDSEC;

DATA;
#1=IFCORGANIZATION($,'Autodesk Revit 2024 (DEU)',$,$,$);
#2=IFCAPPLICATION(#1,'2024','Autodesk Revit 2024 (DEU)','Revit');
#3=IFCCARTESIANPOINT((0.,0.,0.));
#4=IFCCARTESIANPOINT((0.,0.));
#5=IFCDIRECTION((1.,0.,0.));
#6=IFCDIRECTION((-1.,0.,0.));
#7=IFCDIRECTION((0.,1.,0.));
#8=IFCDIRECTION((0.,-1.,0.));
#9=IFCDIRECTION((0.,0.,1.));
#10=IFCDIRECTION((0.,0.,-1.));
#11=IFCDIRECTION((1.,0.));
#12=IFCDIRECTION((-1.,0.));
#13=IFCDIRECTION((0.,1.));
#14=IFCDIRECTION((0.,-1.));
#15=IFCPERSON($,'','johannes.staudtY3UAA',$,$,$,$,$);
#16=IFCORGANIZATION($,'','',$,$);
#17=IFCPERSONANDORGANIZATION(#15,#16,$);
#18=IFCOWNERHISTORY(#17,#2,$,.NOCHANGE.,$,$,$,1701873291);
#19=IFCSIUNIT(*,.LENGTHUNIT.,$,.METRE.);
#20=IFCSIUNIT(*,.AREAUNIT.,$,.SQUARE_METRE.);
#21=IFCSIUNIT(*,.VOLUMEUNIT.,$,.CUBIC_METRE.);
#22=IFCSIUNIT(*,.PLANEANGLEUNIT.,$,.RADIAN.);
#23=IFCDIMENSIONALEXPONENTS(0,0,0,0,0,0,0);
#24=IFCMEASUREWITHUNIT(IFCRATIOMEASURE(0.017453292519943278),#22);
#25=IFCCONVERSIONBASEDUNIT(#23,.PLANEANGLEUNIT.,'DEGREE',#24);
#26=IFCSIUNIT(*,.MASSUNIT.,.KILO.,.GRAM.);
#27=IFCDERIVEDUNITELEMENT(#26,1);
#28=IFCDERIVEDUNITELEMENT(#19,-3);
#29=IFCDERIVEDUNIT((#27,#28),.MASSDENSITYUNIT.,$);
#30=IFCDERIVEDUNIT((#27,#28),.IONCONCENTRATIONUNIT.,$);
#31=IFCDERIVEDUNITELEMENT(#19,4);
#32=IFCDERIVEDUNIT((#31),.MOMENTOFINERTIAUNIT.,$);
#33=IFCSIUNIT(*,.TIMEUNIT.,$,.SECOND.);
#34=IFCSIUNIT(*,.FREQUENCYUNIT.,$,.HERTZ.);
#35=IFCSIUNIT(*,.THERMODYNAMICTEMPERATUREUNIT.,$,.KELVIN.);
#36=IFCSIUNIT(*,.THERMODYNAMICTEMPERATUREUNIT.,$,.DEGREE_CELSIUS.);
#37=IFCDERIVEDUNITELEMENT(#35,-1);
#38=IFCDERIVEDUNITELEMENT(#33,-3);
#39=IFCDERIVEDUNIT((#27,#37,#38),.THERMALTRANSMITTANCEUNIT.,$);
#40=IFCDERIVEDUNITELEMENT(#19,1);
#41=IFCDERIVEDUNIT((#27,#37,#38,#40),.THERMALCONDUCTANCEUNIT.,$);
#42=IFCSIUNIT(*,.LENGTHUNIT.,.DECI.,.METRE.);
#43=IFCDERIVEDUNITELEMENT(#19,3);
#44=IFCDERIVEDUNITELEMENT(#33,-1);
#45=IFCDERIVEDUNIT((#43,#44),.VOLUMETRICFLOWRATEUNIT.,$);
#46=IFCDERIVEDUNIT((#27,#44),.MASSFLOWRATEUNIT.,$);
#47=IFCDERIVEDUNIT((#44),.ROTATIONALFREQUENCYUNIT.,$);
#48=IFCSIUNIT(*,.ELECTRICCURRENTUNIT.,$,.AMPERE.);
#49=IFCSIUNIT(*,.ELECTRICVOLTAGEUNIT.,$,.VOLT.);
#50=IFCSIUNIT(*,.POWERUNIT.,$,.WATT.);
#51=IFCSIUNIT(*,.FORCEUNIT.,.KILO.,.NEWTON.);
#52=IFCSIUNIT(*,.ILLUMINANCEUNIT.,$,.LUX.);
#53=IFCSIUNIT(*,.LUMINOUSFLUXUNIT.,$,.LUMEN.);
#54=IFCSIUNIT(*,.LUMINOUSINTENSITYUNIT.,$,.CANDELA.);
#55=IFCDERIVEDUNITELEMENT(#26,-1);
#56=IFCDERIVEDUNITELEMENT(#19,-2);
#57=IFCDERIVEDUNITELEMENT(#33,3);
#58=IFCDERIVEDUNITELEMENT(#53,1);
#59=IFCDERIVEDUNIT((#55,#56,#57,#58),.USERDEFINED.,'Luminous Efficacy');
#60=IFCDERIVEDUNITELEMENT(#48,-2);
#61=IFCDERIVEDUNIT((#27,#38,#43,#60),.USERDEFINED.,'Electrical Resistivity');
#62=IFCDERIVEDUNITELEMENT(#19,2);
#63=IFCDERIVEDUNIT((#27,#38,#62),.SOUNDPOWERUNIT.,$);
#64=IFCDERIVEDUNITELEMENT(#19,-1);
#65=IFCDERIVEDUNITELEMENT(#33,-2);
#66=IFCDERIVEDUNIT((#27,#64,#65),.SOUNDPRESSUREUNIT.,$);
#67=IFCDERIVEDUNIT((#40,#44),.LINEARVELOCITYUNIT.,$);
#68=IFCSIUNIT(*,.PRESSUREUNIT.,$,.PASCAL.);
#69=IFCDERIVEDUNIT((#27,#56,#65),.USERDEFINED.,'Friction Loss');
#70=IFCDERIVEDUNIT((#27,#65),.LINEARFORCEUNIT.,$);
#71=IFCDERIVEDUNIT((#27,#64,#65),.PLANARFORCEUNIT.,$);
#72=IFCDERIVEDUNIT((#37,#62,#65),.SPECIFICHEATCAPACITYUNIT.,$);
#73=IFCDERIVEDUNIT((#62,#65),.HEATINGVALUEUNIT.,$);
#74=IFCDERIVEDUNITELEMENT(#33,1);
#75=IFCDERIVEDUNIT((#64,#74),.VAPORPERMEABILITYUNIT.,$);
#76=IFCDERIVEDUNIT((#27,#44,#64),.DYNAMICVISCOSITYUNIT.,$);
#77=IFCDERIVEDUNIT((#37),.THERMALEXPANSIONCOEFFICIENTUNIT.,$);
#78=IFCDERIVEDUNIT((#27,#64,#65),.MODULUSOFELASTICITYUNIT.,$);
#79=IFCDERIVEDUNIT((#43,#55),.ISOTHERMALMOISTURECAPACITYUNIT.,$);
#80=IFCDERIVEDUNIT((#44,#62),.MOISTUREDIFFUSIVITYUNIT.,$);
#81=IFCUNITASSIGNMENT((#19,#20,#21,#25,#26,#29,#30,#32,#33,#34,#36,#39,#41,#45,#46,#47,#48,#49,#50,#51,#52,#53,#54,#59,#61,#63,#66,#67,#68,#69,#70,#71,#72,#73,#75,#76,#77,#78,#79,#80));
#82=IFCAXIS2PLACEMENT3D(#3,$,$);
#83=IFCDIRECTION((6.1230317691118863E-17,1.));
#84=IFCGEOMETRICREPRESENTATIONCONTEXT($,'Model',3,1.0000000000000001E-05,#82,#83);
#85=IFCGEOMETRICREPRESENTATIONSUBCONTEXT('Axis','Model',*,*,*,*,#84,$,.GRAPH_VIEW.,$);
#86=IFCGEOMETRICREPRESENTATIONSUBCONTEXT('Body','Model',*,*,*,*,#84,$,.MODEL_VIEW.,$);
#87=IFCGEOMETRICREPRESENTATIONSUBCONTEXT('Box','Model',*,*,*,*,#84,$,.MODEL_VIEW.,$);
#88=IFCGEOMETRICREPRESENTATIONSUBCONTEXT('FootPrint','Model',*,*,*,*,#84,$,.MODEL_VIEW.,$);
#89=IFCPROJECT('3R0WQnggL8pBUy2$Rposfo',#18,'Project  Number',$,$,'Project Name','Project  Status',(#84),#81);
#90=IFCCLASSIFICATION('https://www.csiresources.org/standards/uniformat','1998',$,'Uniformat');
#91=IFCAXIS2PLACEMENT3D(#3,$,$);
#92=IFCLOCALPLACEMENT(#119,#91);
#93=IFCPOSTALADDRESS($,$,$,$,('## StreetCity, State  Zip'),$,'','Boston','','MA');
#94=IFCBUILDING('3R0WQnggL8pBUy2$Rposfp',#18,'',$,$,#92,$,'',.ELEMENT.,$,$,#93);
#95=IFCCARTESIANPOINT((0.,0.,-3.4599999999999995));
#96=IFCAXIS2PLACEMENT3D(#95,$,$);
#97=IFCLOCALPLACEMENT(#92,#96);
#98=IFCBUILDINGSTOREY('0MCKoHqA14MwLK27RQ3Hl8',#18,'Level -1',$,'Ebene:8mm Head',#97,$,'Level -1',.ELEMENT.,-3.4599999999999995);
#99=IFCAXIS2PLACEMENT3D(#3,$,$);
#100=IFCLOCALPLACEMENT(#92,#99);
#101=IFCBUILDINGSTOREY('1vK3KfqgSHqv5Y0026FnIY',#18,'Level 0',$,'Ebene:8mm Head',#100,$,'Level 0',.ELEMENT.,0.);
#102=IFCCARTESIANPOINT((0.,0.,3.6099999999999994));
#103=IFCAXIS2PLACEMENT3D(#102,$,$);
#104=IFCLOCALPLACEMENT(#92,#103);
#105=IFCBUILDINGSTOREY('14lOI8vZuHqv6B0026Fnc4',#18,'Level 1',$,'Ebene:8mm Head',#104,$,'Level 1',.ELEMENT.,3.6099999999999994);
#106=IFCCARTESIANPOINT((0.,0.,7.2199999999999989));
#107=IFCAXIS2PLACEMENT3D(#106,$,$);
#108=IFCLOCALPLACEMENT(#92,#107);
#109=IFCBUILDINGSTOREY('15d0a9rIvCGAczFaQngxrZ',#18,'Level 2',$,'Ebene:8mm Head',#108,$,'Level 2',.ELEMENT.,7.2199999999999989);
#110=IFCCARTESIANPOINT((0.,0.,10.83));
#111=IFCAXIS2PLACEMENT3D(#110,$,$);
#112=IFCLOCALPLACEMENT(#92,#111);
#113=IFCBUILDINGSTOREY('15d0a9rIvCGAczFaQngxnO',#18,'Level 3',$,'Ebene:8mm Head',#112,$,'Level 3',.ELEMENT.,10.83);
#114=IFCCARTESIANPOINT((0.,0.,14.829999999999998));
#115=IFCAXIS2PLACEMENT3D(#114,$,$);
#116=IFCLOCALPLACEMENT(#92,#115);
#117=IFCBUILDINGSTOREY('15d0a9rIvCGAczFaQngxoN',#18,'Level 4',$,'Ebene:8mm Head',#116,$,'Level 4',.ELEMENT.,14.829999999999998);
#118=IFCAXIS2PLACEMENT3D(#3,$,$);
#119=IFCLOCALPLACEMENT($,#118);
#120=IFCSITE('3R0WQnggL8pBUy2$Rposfm',#18,'Default',$,$,#119,$,$,.ELEMENT.,(42,21,31,181945),(-71,-3,-24,-263305),0.,$,$);
#121=IFCCARTESIANPOINT((-9.8249999999998465,12.750000000009996,0.));
#122=IFCAXIS2PLACEMENT3D(#121,$,$);
#123=IFCLOCALPLACEMENT(#108,#122);
#124=IFCCARTESIANPOINT((28.390553013389916,0.));
#125=IFCPOLYLINE((#4,#124));
#126=IFCSHAPEREPRESENTATION(#85,'Axis','Curve2D',(#125));
#127=IFCCARTESIANPOINT((14.195276506694958,-1.0824674490095276E-15));
#128=IFCAXIS2PLACEMENT2D(#127,#11);
#129=IFCRECTANGLEPROFILEDEF(.AREA.,$,#128,28.390553013389916,0.35000000000000059);
#130=IFCAXIS2PLACEMENT3D(#3,$,$);
#131=IFCEXTRUDEDAREASOLID(#129,#130,#9,3.6100000000000025);
#132=IFCCOLOURRGB($,0.40784313725490196,0.40784313725490196,0.40784313725490196);
#133=IFCSURFACESTYLERENDERING(#132,0.,$,$,$,$,IFCNORMALISEDRATIOMEASURE(0.5),IFCSPECULAREXPONENT(64.),.NOTDEFINED.);
#134=IFCSURFACESTYLE('Rigid insulation',.BOTH.,(#133));
#135=IFCPRESENTATIONSTYLEASSIGNMENT((#134));
#136=IFCSTYLEDITEM(#131,(#135),$);
#137=IFCSHAPEREPRESENTATION(#86,'Body','SweptSolid',(#131));
#138=IFCPRODUCTDEFINITIONSHAPE($,$,(#126,#137));
#139=IFCWALLSTANDARDCASE('3xA8eH7rTDOfSjj2ctA$BY',#18,'Basiswand:Generic - 350mm 2:264992',$,'Basiswand:Generic - 350mm 2',#123,#138,'264992');
#140=IFCQUANTITYLENGTH('Height',$,$,3.6100000000000025);
#141=IFCQUANTITYLENGTH('Length',$,$,28.390553013389916);
#142=IFCQUANTITYLENGTH('Width',$,$,0.34999999999999998);
#143=IFCQUANTITYAREA('GrossFootprintArea',$,$,9.936693554686423);
#144=IFCQUANTITYVOLUME('GrossVolume',$,$,1.8870460100410118);
#145=IFCQUANTITYAREA('GrossSideArea',$,$,5.3915600286886063);
#146=IFCQUANTITYAREA('NetSideArea',$,$,49.853163850474822);
#147=IFCQUANTITYVOLUME('NetVolume',$,$,17.448607347666105);
#148=IFCELEMENTQUANTITY('2ylJ7IARULZ2GP_w41rK6r',#18,'BaseQuantities',$,$,(#140,#141,#142,#143,#144,#145,#146,#147));
#149=IFCRELDEFINESBYPROPERTIES('2Q2FYCHgFmNRvSoVOJUuU4',#18,$,$,(#139),#148);
#150=IFCMATERIAL('Rigid insulation');
#151=IFCPRESENTATIONSTYLEASSIGNMENT((#134));
#152=IFCSTYLEDITEM($,(#151),$);
#153=IFCSTYLEDREPRESENTATION(#84,'Style','Material',(#152));
#154=IFCMATERIALDEFINITIONREPRESENTATION($,$,(#153),#150);
#155=IFCMATERIAL('Concrete, Cast-in-Place gray');
#156=IFCCOLOURRGB($,0.45098039215686275,0.45490196078431372,0.42352941176470588);
#157=IFCSURFACESTYLERENDERING(#156,0.,$,$,$,$,IFCNORMALISEDRATIOMEASURE(0.5),IFCSPECULAREXPONENT(128.),.NOTDEFINED.);
#158=IFCSURFACESTYLE('Concrete, Cast-in-Place gray',.BOTH.,(#157));
#159=IFCPRESENTATIONSTYLEASSIGNMENT((#158));
#160=IFCSTYLEDITEM($,(#159),$);
#161=IFCSTYLEDREPRESENTATION(#84,'Style','Material',(#160));
#162=IFCMATERIALDEFINITIONREPRESENTATION($,$,(#161),#155);
#163=IFCMATERIALLAYER(#150,0.17499999999999999,$);
#164=IFCMATERIALLAYER(#155,0.17499999999999999,$);
#165=IFCMATERIALLAYERSET((#163,#164),'Basiswand:Generic - 350mm 2');
#166=IFCMATERIALLAYERSETUSAGE(#165,.AXIS2.,.POSITIVE.,-0.17499999999999999);
#167=IFCWALLTYPE('15d0a9rIvCGAczFaQngxiE',#18,'Basiswand:Generic - 350mm 2',$,$,(#180),$,'201834',$,.STANDARD.);
#168=IFCPROPERTYSINGLEVALUE('Reference',$,IFCIDENTIFIER('Generic - 350mm 2'),$);
#169=IFCPROPERTYSET('3z9BTChwsHblt9XsNpz5qO',#18,'Pset_QuantityTakeOff',$,(#168));
#170=IFCPROPERTYSINGLEVALUE('Reference',$,IFCLABEL('Generic - 350mm 2'),$);
#171=IFCPROPERTYSET('3uJHy39P32qz8u6s7e6Uz$',#18,'Pset_ReinforcementBarPitchOfWall',$,(#170));
#172=IFCPROPERTYSINGLEVALUE('IsExternal',$,IFCBOOLEAN(.T.),$);
#173=IFCPROPERTYSINGLEVALUE('ExtendToStructure',$,IFCBOOLEAN(.F.),$);
#174=IFCPROPERTYSINGLEVALUE('LoadBearing',$,IFCBOOLEAN(.T.),$);
#175=IFCPROPERTYSET('12mlUmoqIhnTqcxTRQySzo',#18,'Pset_WallCommon',$,(#168,#172,#173,#174));
#176=IFCRELDEFINESBYPROPERTIES('1Nr6LXC0nsT4aTg7GLg$UQ',#18,$,$,(#139),#169);
#177=IFCRELDEFINESBYPROPERTIES('18SmDFxu43iV0rWLdOi_0P',#18,$,$,(#139),#171);
#178=IFCRELDEFINESBYPROPERTIES('2tovXN7Me4zA6S5lqgtWXW',#18,$,$,(#139),#175);
#179=IFCPROPERTYSINGLEVALUE('ThermalTransmittance',$,IFCTHERMALTRANSMITTANCEMEASURE(0.19352451433857543),$);
#180=IFCPROPERTYSET('3U8d$0VhCa$UGgIC$bUIaq',#18,'Pset_WallCommon',$,(#172,#179));
#181=IFCCARTESIANPOINT((20.025000000000144,0.049999999999992113,0.));
#182=IFCAXIS2PLACEMENT3D(#181,#9,#6);
#183=IFCLOCALPLACEMENT(#108,#182);
#184=IFCCARTESIANPOINT((1.8094469866100635,0.));
#185=IFCPOLYLINE((#4,#184));
#186=IFCSHAPEREPRESENTATION(#85,'Axis','Curve2D',(#185));
#187=IFCCARTESIANPOINT((0.90472349330503177,0.));
#188=IFCAXIS2PLACEMENT2D(#187,#12);
#189=IFCRECTANGLEPROFILEDEF(.AREA.,$,#188,1.8094469866100635,0.34999999999999998);
#190=IFCAXIS2PLACEMENT3D(#3,$,$);
#191=IFCEXTRUDEDAREASOLID(#189,#190,#9,3.6100000000000025);
#192=IFCSTYLEDITEM(#191,(#135),$);
#193=IFCSHAPEREPRESENTATION(#86,'Body','SweptSolid',(#191));
#194=IFCPRODUCTDEFINITIONSHAPE($,$,(#186,#193));
#195=IFCWALLSTANDARDCASE('3xA8eH7rTDOfSjj2ctA$SY',#18,'Basiswand:Generic - 350mm 2:265952',$,'Basiswand:Generic - 350mm 2',#183,#194,'265952');
#196=IFCQUANTITYLENGTH('Height',$,$,3.6100000000000025);
#197=IFCQUANTITYLENGTH('Length',$,$,1.8094469866100635);
#198=IFCQUANTITYLENGTH('Width',$,$,0.34999999999999998);
#199=IFCQUANTITYAREA('GrossFootprintArea',$,$,0.63330644531352209);
#200=IFCQUANTITYVOLUME('GrossVolume',$,$,2.2862362675818142);
#201=IFCQUANTITYAREA('GrossSideArea',$,$,6.5321036216623272);
#202=IFCQUANTITYAREA('NetSideArea',$,$,6.5321036216623272);
#203=IFCQUANTITYVOLUME('NetVolume',$,$,2.2862362675818146);
#204=IFCELEMENTQUANTITY('3xFBC$w5PFibAIDBlVtGNv',#18,'BaseQuantities',$,$,(#196,#197,#198,#199,#200,#201,#202,#203));
#205=IFCRELDEFINESBYPROPERTIES('36uM4a_RWpPiR8vRrJ4lHT',#18,$,$,(#195),#204);
#206=IFCMATERIALLAYERSETUSAGE(#165,.AXIS2.,.NEGATIVE.,0.17499999999999999);
#207=IFCPROPERTYSET('2FgUSzuloctw_kQdJPf$TB',#18,'Pset_QuantityTakeOff',$,(#168));
#208=IFCPROPERTYSINGLEVALUE('Reference',$,IFCLABEL('Generic - 350mm 2'),$);
#209=IFCPROPERTYSET('0iqEWLs1Nz1$HN_79DzBAi',#18,'Pset_ReinforcementBarPitchOfWall',$,(#208));
#210=IFCPROPERTYSET('0yVXeoFMT6ES9Dag946NBY',#18,'Pset_WallCommon',$,(#168,#172,#173,#174));
#211=IFCRELDEFINESBYPROPERTIES('0N$s$XCJ8SQweh9NJ6lV$2',#18,$,$,(#195),#207);
#212=IFCRELDEFINESBYPROPERTIES('2lhdCLO7ZReYM6CQ1$$sCy',#18,$,$,(#195),#209);
#213=IFCRELDEFINESBYPROPERTIES('0v_i6yDKKGYUpZby7$KvUH',#18,$,$,(#195),#210);
#214=IFCCARTESIANPOINT((-5.1000000000000014,-0.12500000000000103,0.));
#215=IFCAXIS2PLACEMENT3D(#214,#9,#7);
#216=IFCLOCALPLACEMENT(#108,#215);
#217=IFCCARTESIANPOINT((6.50000000001,0.));
#218=IFCPOLYLINE((#4,#217));
#219=IFCSHAPEREPRESENTATION(#85,'Axis','Curve2D',(#218));
#220=IFCCARTESIANPOINT((3.250000000005,2.0122792321330962E-16));
#221=IFCAXIS2PLACEMENT2D(#220,#11);
#222=IFCRECTANGLEPROFILEDEF(.AREA.,$,#221,6.50000000001,0.24999999999999947);
#223=IFCAXIS2PLACEMENT3D(#3,$,$);
#224=IFCEXTRUDEDAREASOLID(#222,#223,#9,3.2100000000000022);
#225=IFCCOLOURRGB($,0.31372549019607843,0.31372549019607843,0.31372549019607843);
#226=IFCSURFACESTYLERENDERING(#225,0.,$,$,$,$,IFCNORMALISEDRATIOMEASURE(0.5),IFCSPECULAREXPONENT(10.),.NOTDEFINED.);
#227=IFCSURFACESTYLE('Default Wall',.BOTH.,(#226));
#228=IFCPRESENTATIONSTYLEASSIGNMENT((#227));
#229=IFCSTYLEDITEM(#224,(#228),$);
#230=IFCSHAPEREPRESENTATION(#86,'Body','SweptSolid',(#224));
#231=IFCPRODUCTDEFINITIONSHAPE($,$,(#219,#230));
#232=IFCWALLSTANDARDCASE('1ardRmn4n1svAJ1kkR25ix',#18,'Basiswand:Generic - 250mm:266491',$,'Basiswand:Generic - 250mm',#216,#231,'266491');
#233=IFCQUANTITYLENGTH('Height',$,$,3.2100000000000022);
#234=IFCQUANTITYLENGTH('Length',$,$,6.50000000001);
#235=IFCQUANTITYLENGTH('Width',$,$,0.24999999999999997);
#236=IFCQUANTITYAREA('GrossFootprintArea',$,$,1.6250000000024964);
#237=IFCQUANTITYVOLUME('GrossVolume',$,$,4.6827500000080278);
#238=IFCQUANTITYAREA('GrossSideArea',$,$,18.731000000032111);
#239=IFCQUANTITYAREA('NetSideArea',$,$,18.731000000032108);
#240=IFCQUANTITYVOLUME('NetVolume',$,$,4.6827500000080011);
#241=IFCELEMENTQUANTITY('3_ed0qFQc16C060O7yipiw',#18,'BaseQuantities',$,$,(#233,#234,#235,#236,#237,#238,#239,#240));
#242=IFCRELDEFINESBYPROPERTIES('1h22AkrzGicbDeY95kH1tj',#18,$,$,(#232),#241);
#243=IFCMATERIAL('Default Wall');
#244=IFCPRESENTATIONSTYLEASSIGNMENT((#227));
#245=IFCSTYLEDITEM($,(#244),$);
#246=IFCSTYLEDREPRESENTATION(#84,'Style','Material',(#245));
#247=IFCMATERIALDEFINITIONREPRESENTATION($,$,(#246),#243);
#248=IFCMATERIALLAYER(#243,0.25,$);
#249=IFCMATERIALLAYERSET((#248),'Basiswand:Generic - 250mm');
#250=IFCMATERIALLAYERSETUSAGE(#249,.AXIS2.,.NEGATIVE.,0.12499999999999999);
#251=IFCWALLTYPE('2JF5JWaxWHqu3u0C1FZlp8',#18,'Basiswand:Generic - 250mm',$,$,(#261),$,'250',$,.STANDARD.);
#252=IFCPROPERTYSINGLEVALUE('Reference',$,IFCIDENTIFIER('Generic - 250mm'),$);
#253=IFCPROPERTYSET('3ddrPSxYDpey47H6CLjufz',#18,'Pset_QuantityTakeOff',$,(#252));
#254=IFCPROPERTYSINGLEVALUE('Reference',$,IFCLABEL('Generic - 250mm'),$);
#255=IFCPROPERTYSET('08XA2nu3TFeXTX_rY6ExE1',#18,'Pset_ReinforcementBarPitchOfWall',$,(#254));
#256=IFCPROPERTYSINGLEVALUE('IsExternal',$,IFCBOOLEAN(.F.),$);
#257=IFCPROPERTYSET('2SROODTd_hC2u10ehv7wbC',#18,'Pset_WallCommon',$,(#173,#174,#252,#256));
#258=IFCRELDEFINESBYPROPERTIES('13cUtxC_D5ys87k99nOIrq',#18,$,$,(#232),#253);
#259=IFCRELDEFINESBYPROPERTIES('3_nJkJ1DZ5lkzvrN8j3It8',#18,$,$,(#232),#255);
#260=IFCRELDEFINESBYPROPERTIES('1CrF8nGakd8zu_EI6rw0GA',#18,$,$,(#232),#257);
#261=IFCPROPERTYSET('3dXJb2l4FvtMhFgcKtGNtA',#18,'Pset_WallCommon',$,(#256));
#262=IFCCARTESIANPOINT((16.599999999999994,-6.,0.));
#263=IFCAXIS2PLACEMENT3D(#262,#9,#7);
#264=IFCLOCALPLACEMENT(#108,#263);
#265=IFCCARTESIANPOINT((6.1250000000000844,0.));
#266=IFCPOLYLINE((#4,#265));
#267=IFCSHAPEREPRESENTATION(#85,'Axis','Curve2D',(#266));
#268=IFCCARTESIANPOINT((3.0625000000000422,9.7144514654701197E-17));
#269=IFCAXIS2PLACEMENT2D(#268,#12);
#270=IFCRECTANGLEPROFILEDEF(.AREA.,$,#269,6.1250000000000844,0.2499999999999995);
#271=IFCAXIS2PLACEMENT3D(#3,$,$);
#272=IFCEXTRUDEDAREASOLID(#270,#271,#9,3.2100000000000022);
#273=IFCSTYLEDITEM(#272,(#228),$);
#274=IFCSHAPEREPRESENTATION(#86,'Body','SweptSolid',(#272));
#275=IFCPRODUCTDEFINITIONSHAPE($,$,(#267,#274));
#276=IFCWALLSTANDARDCASE('1ardRmn4n1svAJ1kkR25ds',#18,'Basiswand:Generic - 250mm:266806',$,'Basiswand:Generic - 250mm',#264,#275,'266806');
#277=IFCQUANTITYLENGTH('Height',$,$,3.2100000000000022);
#278=IFCQUANTITYLENGTH('Length',$,$,6.1250000000000844);
#279=IFCQUANTITYLENGTH('Width',$,$,0.24999999999999997);
#280=IFCQUANTITYAREA('GrossFootprintArea',$,$,1.5312500000000178);
#281=IFCQUANTITYVOLUME('GrossVolume',$,$,4.3818125000000698);
#282=IFCQUANTITYAREA('GrossSideArea',$,$,17.527250000000279);
#283=IFCQUANTITYAREA('NetSideArea',$,$,17.527250000000276);
#284=IFCQUANTITYVOLUME('NetVolume',$,$,4.3818125000000601);
#285=IFCELEMENTQUANTITY('1I4Pg3ruf2MjzDWBUC13dx',#18,'BaseQuantities',$,$,(#277,#278,#279,#280,#281,#282,#283,#284));
#286=IFCRELDEFINESBYPROPERTIES('3an__h9wRGwzlvaczlQEtP',#18,$,$,(#276),#285);
#287=IFCPROPERTYSET('22yfSQuBg6K9WYfqQc0Jbp',#18,'Pset_QuantityTakeOff',$,(#252));
#288=IFCPROPERTYSINGLEVALUE('Reference',$,IFCLABEL('Generic - 250mm'),$);
#289=IFCPROPERTYSET('1FbPggOw358Jz_C0yoUvj4',#18,'Pset_ReinforcementBarPitchOfWall',$,(#288));
#290=IFCPROPERTYSET('31RP7R1pIrfPmCkAh24r_u',#18,'Pset_WallCommon',$,(#173,#174,#252,#256));
#291=IFCRELDEFINESBYPROPERTIES('0PtAOAZqj0y74qAB_rGPrq',#18,$,$,(#276),#287);
#292=IFCRELDEFINESBYPROPERTIES('03Y5$1soSQWJY$DQSzRCPX',#18,$,$,(#276),#289);
#293=IFCRELDEFINESBYPROPERTIES('0UX5AjW9yVidKXBn3qNJMH',#18,$,$,(#276),#290);
#294=IFCCARTESIANPOINT((-9.4749999999998646,0.,0.));
#295=IFCAXIS2PLACEMENT3D(#294,$,$);
#296=IFCLOCALPLACEMENT(#108,#295);
#297=IFCCARTESIANPOINT((4.2499999999998659,0.));
#298=IFCPOLYLINE((#4,#297));
#299=IFCSHAPEREPRESENTATION(#85,'Axis','Curve2D',(#298));
#300=IFCCARTESIANPOINT((2.1249999999999329,0.));
#301=IFCAXIS2PLACEMENT2D(#300,#12);
#302=IFCRECTANGLEPROFILEDEF(.AREA.,$,#301,4.2499999999998659,0.24999999999999997);
#303=IFCAXIS2PLACEMENT3D(#3,$,$);
#304=IFCEXTRUDEDAREASOLID(#302,#303,#9,3.2100000000000022);
#305=IFCSTYLEDITEM(#304,(#228),$);
#306=IFCSHAPEREPRESENTATION(#86,'Body','SweptSolid',(#304));
#307=IFCPRODUCTDEFINITIONSHAPE($,$,(#299,#306));
#308=IFCWALLSTANDARDCASE('1ardRmn4n1svAJ1kkR25b4',#18,'Basiswand:Generic - 250mm:266884',$,'Basiswand:Generic - 250mm',#296,#307,'266884');
#309=IFCQUANTITYLENGTH('Height',$,$,3.2100000000000022);
#310=IFCQUANTITYLENGTH('Length',$,$,4.2499999999998659);
#311=IFCQUANTITYLENGTH('Width',$,$,0.24999999999999997);
#312=IFCQUANTITYAREA('GrossFootprintArea',$,$,1.0624999999999662);
#313=IFCQUANTITYVOLUME('GrossVolume',$,$,3.410624999999893);
#314=IFCQUANTITYAREA('GrossSideArea',$,$,13.642499999999574);
#315=IFCQUANTITYAREA('NetSideArea',$,$,13.642499999999584);
#316=IFCQUANTITYVOLUME('NetVolume',$,$,3.4106249999998912);
#317=IFCELEMENTQUANTITY('0KAAOWw23XbPfR4pznXgx3',#18,'BaseQuantities',$,$,(#309,#310,#311,#312,#313,#314,#315,#316));
#318=IFCRELDEFINESBYPROPERTIES('3Kg0fIy8v2kNWeDHWn2qO$',#18,$,$,(#308),#317);
#319=IFCPROPERTYSET('03YU1Yj7sAiN4upcTjHFuT',#18,'Pset_QuantityTakeOff',$,(#252));
#320=IFCPROPERTYSINGLEVALUE('Reference',$,IFCLABEL('Generic - 250mm'),$);
#321=IFCPROPERTYSET('1pqz$LJwi3BIaA2GTedVC0',#18,'Pset_ReinforcementBarPitchOfWall',$,(#320));
#322=IFCPROPERTYSET('0lJuRRIWlkcZfNODlHVrln',#18,'Pset_WallCommon',$,(#173,#174,#252,#256));
#323=IFCRELDEFINESBYPROPERTIES('2NBodkDGe0Nl_M7OIGw2kn',#18,$,$,(#308),#319);
#324=IFCRELDEFINESBYPROPERTIES('0cLnIOZb4RH6pJg8GBgkuY',#18,$,$,(#308),#321);
#325=IFCRELDEFINESBYPROPERTIES('1PSM9mDcTXE1P25ab4VsT7',#18,$,$,(#308),#322);
#326=IFCCARTESIANPOINT((-7.5249999999999924,0.12499999999999951,0.));
#327=IFCAXIS2PLACEMENT3D(#326,#9,#7);
#328=IFCLOCALPLACEMENT(#108,#327);
#329=IFCCARTESIANPOINT((1.949999999999998,0.));
#330=IFCPOLYLINE((#4,#329));
#331=IFCSHAPEREPRESENTATION(#85,'Axis','Curve2D',(#330));
#332=IFCCARTESIANPOINT((0.97499999999999898,1.1102230246251565E-16));
#333=IFCAXIS2PLACEMENT2D(#332,#12);
#334=IFCRECTANGLEPROFILEDEF(.AREA.,$,#333,1.949999999999998,0.24999999999999947);
#335=IFCAXIS2PLACEMENT3D(#3,$,$);
#336=IFCEXTRUDEDAREASOLID(#334,#335,#9,3.2100000000000022);
#337=IFCSTYLEDITEM(#336,(#228),$);
#338=IFCSHAPEREPRESENTATION(#86,'Body','SweptSolid',(#336));
#339=IFCPRODUCTDEFINITIONSHAPE($,$,(#331,#338));
#340=IFCWALLSTANDARDCASE('2ipJUCYGH5ExwXO1ZOC5WX',#18,'Basiswand:Generic - 250mm:269230',$,'Basiswand:Generic - 250mm',#328,#339,'269230');
#341=IFCQUANTITYLENGTH('Height',$,$,3.2100000000000022);
#342=IFCQUANTITYLENGTH('Length',$,$,1.949999999999998);
#343=IFCQUANTITYLENGTH('Width',$,$,0.24999999999999997);
#344=IFCQUANTITYAREA('GrossFootprintArea',$,$,0.48749999999999843);
#345=IFCQUANTITYVOLUME('GrossVolume',$,$,1.031374999999999);
#346=IFCQUANTITYAREA('GrossSideArea',$,$,4.1254999999999962);
#347=IFCQUANTITYAREA('NetSideArea',$,$,4.1254999999999962);
#348=IFCQUANTITYVOLUME('NetVolume',$,$,1.0313749999999968);
#349=IFCELEMENTQUANTITY('3PTVIjGiMhGP0xpyZtJNVB',#18,'BaseQuantities',$,$,(#341,#342,#343,#344,#345,#346,#347,#348));
#350=IFCRELDEFINESBYPROPERTIES('2m9EbpnqwuVkSv8yVIyIZP',#18,$,$,(#340),#349);
#351=IFCPROPERTYSET('3vtE2dtzREguaBUDDly6yr',#18,'Pset_QuantityTakeOff',$,(#252));
#352=IFCPROPERTYSINGLEVALUE('Reference',$,IFCLABEL('Generic - 250mm'),$);
#353=IFCPROPERTYSET('1dmWSj8njCCBfcSmBiI8g0',#18,'Pset_ReinforcementBarPitchOfWall',$,(#352));
#354=IFCPROPERTYSET('3m9YsO8q31v88APOLKtSNL',#18,'Pset_WallCommon',$,(#173,#174,#252,#256));
#355=IFCRELDEFINESBYPROPERTIES('35R6W_GE5P$22gZduN9QTp',#18,$,$,(#340),#351);
#356=IFCRELDEFINESBYPROPERTIES('1$HbW8TmzZcX3Jt5yacC4Q',#18,$,$,(#340),#353);
#357=IFCRELDEFINESBYPROPERTIES('3D4mS$k3rFOF81WzZEaBru',#18,$,$,(#340),#354);
#358=IFCCARTESIANPOINT((-7.6499999999999888,1.9499999999999975,0.));
#359=IFCAXIS2PLACEMENT3D(#358,#9,#6);
#360=IFCLOCALPLACEMENT(#108,#359);
#361=IFCCARTESIANPOINT((1.8249999999998732,-0.));
#362=IFCPOLYLINE((#4,#361));
#363=IFCSHAPEREPRESENTATION(#85,'Axis','Curve2D',(#362));
#364=IFCCARTESIANPOINT((0.9124999999999367,-6.2450045135165055E-17));
#365=IFCAXIS2PLACEMENT2D(#364,#12);
#366=IFCRECTANGLEPROFILEDEF(.AREA.,$,#365,1.8249999999998734,0.25);
#367=IFCAXIS2PLACEMENT3D(#3,$,$);
#368=IFCEXTRUDEDAREASOLID(#366,#367,#9,3.2100000000000022);
#369=IFCSTYLEDITEM(#368,(#228),$);
#370=IFCSHAPEREPRESENTATION(#86,'Body','SweptSolid',(#368));
#371=IFCPRODUCTDEFINITIONSHAPE($,$,(#363,#370));
#372=IFCWALLSTANDARDCASE('2ipJUCYGH5ExwXO1ZOC5XZ',#18,'Basiswand:Generic - 250mm:269292',$,'Basiswand:Generic - 250mm',#360,#371,'269292');
#373=IFCQUANTITYLENGTH('Height',$,$,3.2100000000000022);
#374=IFCQUANTITYLENGTH('Length',$,$,1.8249999999998732);
#375=IFCQUANTITYLENGTH('Width',$,$,0.24999999999999997);
#376=IFCQUANTITYAREA('GrossFootprintArea',$,$,0.45624999999996835);
#377=IFCQUANTITYVOLUME('GrossVolume',$,$,1.4645624999998981);
#378=IFCQUANTITYAREA('GrossSideArea',$,$,5.8582499999995932);
#379=IFCQUANTITYAREA('NetSideArea',$,$,5.8582499999995932);
#380=IFCQUANTITYVOLUME('NetVolume',$,$,1.4645624999998974);
#381=IFCELEMENTQUANTITY('1I9jxtkhkIRCyGXf0ZFk8X',#18,'BaseQuantities',$,$,(#373,#374,#375,#376,#377,#378,#379,#380));
#382=IFCRELDEFINESBYPROPERTIES('1MS_okXQCrr9dCVexB$mFH',#18,$,$,(#372),#381);
#383=IFCPROPERTYSET('0TsZjB7A8sXj673nkC_FBE',#18,'Pset_QuantityTakeOff',$,(#252));
#384=IFCPROPERTYSINGLEVALUE('Reference',$,IFCLABEL('Generic - 250mm'),$);
#385=IFCPROPERTYSET('0taWcDIKZC2dhVMJH4XMk5',#18,'Pset_ReinforcementBarPitchOfWall',$,(#384));
#386=IFCPROPERTYSET('3zrhx6BRxsiQ$AGRvWLUX_',#18,'Pset_WallCommon',$,(#173,#174,#252,#256));
#387=IFCRELDEFINESBYPROPERTIES('0SVqaX1eZWLZxu7WtvYaVc',#18,$,$,(#372),#383);
#388=IFCRELDEFINESBYPROPERTIES('0mc8jn6tkHJdIpKgwBUsQk',#18,$,$,(#372),#385);
#389=IFCRELDEFINESBYPROPERTIES('0_LSi_ZwDlfUwgN4BfQpWe',#18,$,$,(#372),#386);
#390=IFCCARTESIANPOINT((-5.2249999999999917,6.2500000000099991,0.));
#391=IFCAXIS2PLACEMENT3D(#390,#9,#6);
#392=IFCLOCALPLACEMENT(#108,#391);
#393=IFCCARTESIANPOINT((4.2499999999998641,0.));
#394=IFCPOLYLINE((#4,#393));
#395=IFCSHAPEREPRESENTATION(#85,'Axis','Curve2D',(#394));
#396=IFCCARTESIANPOINT((2.1249999999999321,4.163336342344337E-17));
#397=IFCAXIS2PLACEMENT2D(#396,#12);
#398=IFCRECTANGLEPROFILEDEF(.AREA.,$,#397,4.2499999999998641,0.24999999999999947);
#399=IFCAXIS2PLACEMENT3D(#3,$,$);
#400=IFCEXTRUDEDAREASOLID(#398,#399,#9,3.2100000000000022);
#401=IFCSTYLEDITEM(#400,(#228),$);
#402=IFCSHAPEREPRESENTATION(#86,'Body','SweptSolid',(#400));
#403=IFCPRODUCTDEFINITIONSHAPE($,$,(#395,#402));
#404=IFCWALLSTANDARDCASE('3a0sLzG0X0LxV0k4dGsMdm',#18,'Basiswand:Generic - 250mm:280725',$,'Basiswand:Generic - 250mm',#392,#403,'280725');
#405=IFCQUANTITYLENGTH('Height',$,$,3.2100000000000022);
#406=IFCQUANTITYLENGTH('Length',$,$,4.2499999999998641);
#407=IFCQUANTITYLENGTH('Width',$,$,0.24999999999999997);
#408=IFCQUANTITYAREA('GrossFootprintArea',$,$,1.062499999999964);
#409=IFCQUANTITYVOLUME('GrossVolume',$,$,3.4106249999998912);
#410=IFCQUANTITYAREA('GrossSideArea',$,$,13.642499999999565);
#411=IFCQUANTITYAREA('NetSideArea',$,$,13.642499999999565);
#412=IFCQUANTITYVOLUME('NetVolume',$,$,3.4106249999998837);
#413=IFCELEMENTQUANTITY('28hiy9QuNwLa24sxUEEeo1',#18,'BaseQuantities',$,$,(#405,#406,#407,#408,#409,#410,#411,#412));
#414=IFCRELDEFINESBYPROPERTIES('1d_8UEWIy_lRSmGo_Pr2i$',#18,$,$,(#404),#413);
#415=IFCPROPERTYSET('0uduHr8iaSdp4MaechGAdj',#18,'Pset_QuantityTakeOff',$,(#252));
#416=IFCPROPERTYSINGLEVALUE('Reference',$,IFCLABEL('Generic - 250mm'),$);
#417=IFCPROPERTYSET('0p_NOt3KBnFOncKqcNf$UR',#18,'Pset_ReinforcementBarPitchOfWall',$,(#416));
#418=IFCPROPERTYSET('3Gd_RI_TCRM3dk7X2ilxOf',#18,'Pset_WallCommon',$,(#173,#174,#252,#256));
#419=IFCRELDEFINESBYPROPERTIES('2NfbNbTBhQGO5KUQDBlml9',#18,$,$,(#404),#415);
#420=IFCRELDEFINESBYPROPERTIES('1412zc5VySUW_nOcfDVs4V',#18,$,$,(#404),#417);
#421=IFCRELDEFINESBYPROPERTIES('1o5vtDSIOBW8S4wZIB_BsR',#18,$,$,(#404),#418);
#422=IFCCARTESIANPOINT((16.725000000000005,0.,0.));
#423=IFCAXIS2PLACEMENT3D(#422,$,$);
#424=IFCLOCALPLACEMENT(#108,#423);
#425=IFCCARTESIANPOINT((1.4905530133900786,-0.));
#426=IFCPOLYLINE((#4,#425));
#427=IFCSHAPEREPRESENTATION(#85,'Axis','Curve2D',(#426));
#428=IFCCARTESIANPOINT((0.74527650669503942,0.));
#429=IFCAXIS2PLACEMENT2D(#428,#12);
#430=IFCRECTANGLEPROFILEDEF(.AREA.,$,#429,1.4905530133900788,0.24999999999999997);
#431=IFCAXIS2PLACEMENT3D(#3,$,$);
#432=IFCEXTRUDEDAREASOLID(#430,#431,#9,3.2100000000000022);
#433=IFCSTYLEDITEM(#432,(#228),$);
#434=IFCSHAPEREPRESENTATION(#86,'Body','SweptSolid',(#432));
#435=IFCPRODUCTDEFINITIONSHAPE($,$,(#427,#434));
#436=IFCWALLSTANDARDCASE('3a0sLzG0X0LxV0k4dGsMjx',#18,'Basiswand:Generic - 250mm:281118',$,'Basiswand:Generic - 250mm',#424,#435,'281118');
#437=IFCQUANTITYLENGTH('Height',$,$,3.2100000000000022);
#438=IFCQUANTITYLENGTH('Length',$,$,1.4905530133900793);
#439=IFCQUANTITYLENGTH('Width',$,$,0.24999999999999997);
#440=IFCQUANTITYAREA('GrossFootprintArea',$,$,0.3726382533475196);
#441=IFCQUANTITYVOLUME('GrossVolume',$,$,0.66266879324553907);
#442=IFCQUANTITYAREA('GrossSideArea',$,$,2.6506751729821563);
#443=IFCQUANTITYAREA('NetSideArea',$,$,2.6506751729821549);
#444=IFCQUANTITYVOLUME('NetVolume',$,$,0.66266879324553851);
#445=IFCELEMENTQUANTITY('1qyUR29Wxo5WOLMQU8EPD6',#18,'BaseQuantities',$,$,(#437,#438,#439,#440,#441,#442,#443,#444));
#446=IFCRELDEFINESBYPROPERTIES('3gnsXiUO8LiKrvT6xgcndP',#18,$,$,(#436),#445);
#447=IFCPROPERTYSET('3AoSnmlvkjdieP4o68wf_N',#18,'Pset_QuantityTakeOff',$,(#252));
#448=IFCPROPERTYSINGLEVALUE('Reference',$,IFCLABEL('Generic - 250mm'),$);
#449=IFCPROPERTYSET('2IKB5Fp6hmCqEHOzG1Q6Fi',#18,'Pset_ReinforcementBarPitchOfWall',$,(#448));
#450=IFCPROPERTYSET('1FnK1TjVB600th9OUDSWs_',#18,'Pset_WallCommon',$,(#173,#174,#252,#256));
#451=IFCRELDEFINESBYPROPERTIES('20$q3DqI8pdWcraiW3agDf',#18,$,$,(#436),#447);
#452=IFCRELDEFINESBYPROPERTIES('2itJPYb7TzUpEY5mYc8Feg',#18,$,$,(#436),#449);
#453=IFCRELDEFINESBYPROPERTIES('1a$qFebiB99TJDTejMmWyf',#18,$,$,(#436),#450);
#454=IFCCARTESIANPOINT((18.565553013390073,12.750000000009999,-0.40000000000000113));
#455=IFCAXIS2PLACEMENT3D(#454,$,$);
#456=IFCLOCALPLACEMENT(#108,#455);
#457=IFCCARTESIANPOINT((1.4594469866100563,0.));
#458=IFCPOLYLINE((#4,#457));
#459=IFCSHAPEREPRESENTATION(#85,'Axis','Curve2D',(#458));
#460=IFCCARTESIANPOINT((0.72972349330502817,-5.5511151231257827E-17));
#461=IFCAXIS2PLACEMENT2D(#460,#12);
#462=IFCRECTANGLEPROFILEDEF(.AREA.,$,#461,1.4594469866100563,0.34999999999999842);
#463=IFCAXIS2PLACEMENT3D(#3,$,$);
#464=IFCEXTRUDEDAREASOLID(#462,#463,#9,4.0100000000000025);
#465=IFCSTYLEDITEM(#464,(#135),$);
#466=IFCSHAPEREPRESENTATION(#86,'Body','SweptSolid',(#464));
#467=IFCPRODUCTDEFINITIONSHAPE($,$,(#459,#466));
#468=IFCWALLSTANDARDCASE('0j50gkzF1EbgFVfLrGI44U',#18,'Basiswand:Generic - 350mm 2:283973',$,'Basiswand:Generic - 350mm 2',#456,#467,'283973');
#469=IFCQUANTITYLENGTH('Height',$,$,4.0100000000000025);
#470=IFCQUANTITYLENGTH('Length',$,$,1.4594469866100575);
#471=IFCQUANTITYLENGTH('Width',$,$,0.34999999999999998);
#472=IFCQUANTITYAREA('GrossFootprintArea',$,$,0.51080644531351738);
#473=IFCQUANTITYVOLUME('GrossVolume',$,$,2.0483338457072144);
#474=IFCQUANTITYAREA('GrossSideArea',$,$,5.8523824163063285);
#475=IFCQUANTITYAREA('NetSideArea',$,$,5.8523824163063276);
#476=IFCQUANTITYVOLUME('NetVolume',$,$,2.0483338457072175);
#477=IFCELEMENTQUANTITY('04OkfPCnPZn6aU8bEiI7Ne',#18,'BaseQuantities',$,$,(#469,#470,#471,#472,#473,#474,#475,#476));
#478=IFCRELDEFINESBYPROPERTIES('2LF5bLN7pE4_sle27KKy2o',#18,$,$,(#468),#477);
#479=IFCPROPERTYSET('0YiGxlDYQ9jrVY9PA6_rdU',#18,'Pset_QuantityTakeOff',$,(#168));
#480=IFCPROPERTYSINGLEVALUE('Reference',$,IFCLABEL('Generic - 350mm 2'),$);
#481=IFCPROPERTYSET('3gPLlTJLMcklKvKK5bdvlF',#18,'Pset_ReinforcementBarPitchOfWall',$,(#480));
#482=IFCPROPERTYSET('0FOeyKPl$PFqXQS9S2c8ja',#18,'Pset_WallCommon',$,(#168,#172,#173,#174));
#483=IFCRELDEFINESBYPROPERTIES('0o8Ks4Ej2avdrKPk5FSzkp',#18,$,$,(#468),#479);
#484=IFCRELDEFINESBYPROPERTIES('2JjN$oRYeR0O4yU3aXehh8',#18,$,$,(#468),#481);
#485=IFCRELDEFINESBYPROPERTIES('2aH22v4wzr1KVnI7aagx2E',#18,$,$,(#468),#482);
#486=IFCCARTESIANPOINT((19.850000000000129,12.575000000009993,-0.40000000000000113));
#487=IFCAXIS2PLACEMENT3D(#486,#9,#8);
#488=IFCLOCALPLACEMENT(#108,#487);
#489=IFCCARTESIANPOINT((6.4999999999999938,0.));
#490=IFCPOLYLINE((#4,#489));
#491=IFCSHAPEREPRESENTATION(#85,'Axis','Curve2D',(#490));
#492=IFCCARTESIANPOINT((3.2499999999999969,0.));
#493=IFCAXIS2PLACEMENT2D(#492,#12);
#494=IFCRECTANGLEPROFILEDEF(.AREA.,$,#493,6.4999999999999938,0.34999999999999842);
#495=IFCAXIS2PLACEMENT3D(#3,$,$);
#496=IFCEXTRUDEDAREASOLID(#494,#495,#9,4.0100000000000025);
#497=IFCSTYLEDITEM(#496,(#135),$);
#498=IFCSHAPEREPRESENTATION(#86,'Body','SweptSolid',(#496));
#499=IFCPRODUCTDEFINITIONSHAPE($,$,(#491,#498));
#500=IFCWALLSTANDARDCASE('0j50gkzF1EbgFVfLrGI47b',#18,'Basiswand:Generic - 350mm 2:284094',$,'Basiswand:Generic - 350mm 2',#488,#499,'284094');
#501=IFCQUANTITYLENGTH('Height',$,$,4.0100000000000025);
#502=IFCQUANTITYLENGTH('Length',$,$,6.4999999999999938);
#503=IFCQUANTITYLENGTH('Width',$,$,0.34999999999999998);
#504=IFCQUANTITYAREA('GrossFootprintArea',$,$,2.2749999999999875);
#505=IFCQUANTITYVOLUME('GrossVolume',$,$,9.1227499999999928);
#506=IFCQUANTITYAREA('GrossSideArea',$,$,26.064999999999984);
#507=IFCQUANTITYAREA('NetSideArea',$,$,26.064999999999984);
#508=IFCQUANTITYVOLUME('NetVolume',$,$,9.122749999999952);
#509=IFCELEMENTQUANTITY('3IjMCIf3hjzkwQ2ilzV_oA',#18,'BaseQuantities',$,$,(#501,#502,#503,#504,#505,#506,#507,#508));
#510=IFCRELDEFINESBYPROPERTIES('0OZ8SfbzndzQMeUT9n8onx',#18,$,$,(#500),#509);
#511=IFCPROPERTYSET('296CyE9oZz27Tk5cuA7x5m',#18,'Pset_QuantityTakeOff',$,(#168));
#512=IFCPROPERTYSINGLEVALUE('Reference',$,IFCLABEL('Generic - 350mm 2'),$);
#513=IFCPROPERTYSET('07PqOO7AZRBEHA_NaSODgX',#18,'Pset_ReinforcementBarPitchOfWall',$,(#512));
#514=IFCPROPERTYSET('1Wch2ayjfeB8sJuRNVyzSO',#18,'Pset_WallCommon',$,(#168,#172,#173,#174));
#515=IFCRELDEFINESBYPROPERTIES('32R5QTx6tcjP6mcwgB1uD_',#18,$,$,(#500),#511);
#516=IFCRELDEFINESBYPROPERTIES('1u8wv4wDMxk7_F4IZb7Prx',#18,$,$,(#500),#513);
#517=IFCRELDEFINESBYPROPERTIES('3ZEpWW8MBYuAd1jYCgCIzf',#18,$,$,(#500),#514);
#518=IFCCARTESIANPOINT((19.675000000000122,6.2500000000099991,-0.40000000000000113));
#519=IFCAXIS2PLACEMENT3D(#518,#9,#6);
#520=IFCLOCALPLACEMENT(#108,#519);
#521=IFCCARTESIANPOINT((1.4594469866100326,-0.));
#522=IFCPOLYLINE((#4,#521));
#523=IFCSHAPEREPRESENTATION(#85,'Axis','Curve2D',(#522));
#524=IFCCARTESIANPOINT((0.72972349330501618,-5.2735593669694936E-16));
#525=IFCAXIS2PLACEMENT2D(#524,#12);
#526=IFCRECTANGLEPROFILEDEF(.AREA.,$,#525,1.4594469866100324,0.35000000000000053);
#527=IFCAXIS2PLACEMENT3D(#3,$,$);
#528=IFCEXTRUDEDAREASOLID(#526,#527,#9,4.0100000000000025);
#529=IFCSTYLEDITEM(#528,(#135),$);
#530=IFCSHAPEREPRESENTATION(#86,'Body','SweptSolid',(#528));
#531=IFCPRODUCTDEFINITIONSHAPE($,$,(#523,#530));
#532=IFCWALLSTANDARDCASE('0j50gkzF1EbgFVfLrGI4BQ',#18,'Basiswand:Generic - 350mm 2:284289',$,'Basiswand:Generic - 350mm 2',#520,#531,'284289');
#533=IFCAXIS2PLACEMENT3D(#3,$,$);
#535=IFCCARTESIANPOINT((-1.0824674490095276E-15,1.6653345369377348E-15));
#536=IFCAXIS2PLACEMENT2D(#535,#13);
#537=IFCRECTANGLEPROFILEDEF(.AREA.,'5850 x 3610mm 2',#536,3.6099999999999923,0.35000000000000059);
#538=IFCCARTESIANPOINT((1.2844469866100341,0.17500000000000246,2.2049999999999992));
#539=IFCAXIS2PLACEMENT3D(#538,#7,#5);
#540=IFCEXTRUDEDAREASOLID(#537,#539,#9,5.8499999999999943);
#541=IFCSHAPEREPRESENTATION(#86,'Body','SweptSolid',(#540));
#542=IFCPRODUCTDEFINITIONSHAPE($,$,(#541));
#543=IFCAXIS2PLACEMENT3D(#3,$,$);
#544=IFCLOCALPLACEMENT(#520,#543);
#545=IFCOPENINGELEMENT('1PoGscdDVxhvlbLlNR1sd$',#18,'Basiswand:Generic - 350mm 2:284289',$,'Opening',#544,#542,'319566');
#546=IFCQUANTITYLENGTH('Depth',$,$,5.8499999999999943);
#547=IFCQUANTITYLENGTH('Height',$,$,3.6099999999999945);
#548=IFCQUANTITYLENGTH('Width',$,$,0.35000000000000059);
#549=IFCELEMENTQUANTITY('3pbK9OXqEofczt1xD1QY91',#18,'BaseQuantities',$,$,(#546,#547,#548));
#550=IFCRELDEFINESBYPROPERTIES('3bStfCTiRbmtKd47dD_XZA',#18,$,$,(#545),#549);
#551=IFCRELVOIDSELEMENT('3$F9MRGR6nk_bFVam$Hcgn',#18,$,$,#532,#545);
#552=IFCQUANTITYLENGTH('Height',$,$,4.0100000000000025);
#553=IFCQUANTITYLENGTH('Length',$,$,1.4594469866100337);
#554=IFCQUANTITYLENGTH('Width',$,$,0.34999999999999998);
#555=IFCQUANTITYAREA('GrossFootprintArea',$,$,0.51080644531351216);
#556=IFCQUANTITYVOLUME('GrossVolume',$,$,2.0483338457071816);
#557=IFCQUANTITYAREA('GrossSideArea',$,$,5.8523824163062335);
#558=IFCQUANTITYAREA('NetSideArea',$,$,5.8523824163062335);
#559=IFCQUANTITYVOLUME('NetVolume',$,$,2.0483338457071789);
#560=IFCELEMENTQUANTITY('1MiZ5gKbW0VMQonJoxWeN0',#18,'BaseQuantities',$,$,(#552,#553,#554,#555,#556,#557,#558,#559));
#561=IFCRELDEFINESBYPROPERTIES('2JMQmDtkcKXeiql1k9mjcc',#18,$,$,(#532),#560);
#562=IFCPROPERTYSET('1rFpREQAKc0_qYI3fi8Hww',#18,'Pset_QuantityTakeOff',$,(#168));
#563=IFCPROPERTYSINGLEVALUE('Reference',$,IFCLABEL('Generic - 350mm 2'),$);
#564=IFCPROPERTYSET('1jIZkfsEnU6yMvHLwyHnIP',#18,'Pset_ReinforcementBarPitchOfWall',$,(#563));
#565=IFCPROPERTYSET('3QTcop95M$OiMtD1OFgpqY',#18,'Pset_WallCommon',$,(#168,#172,#173,#174));
#566=IFCPROPERTYSINGLEVALUE('Reference',$,IFCIDENTIFIER('5850 x 3610mm 2'),$);
#567=IFCPROPERTYSET('3KKLuII65zSF1UyoV8u3FC',#18,'Pset_OpeningElementCommon',$,(#566));
#568=IFCPROPERTYSET('1CLlt0TUzrbRAbpaSPteYD',#18,'Pset_QuantityTakeOff',$,(#566));
#569=IFCRELDEFINESBYPROPERTIES('3mNRxo9hbAoTTzFbXi5O9Z',#18,$,$,(#532),#562);
#570=IFCRELDEFINESBYPROPERTIES('0$UVgsezPtlWjL7DmmBqv5',#18,$,$,(#532),#564);
#571=IFCRELDEFINESBYPROPERTIES('2PYuJbNA4vxCfYIQPhK7wB',#18,$,$,(#532),#565);
#572=IFCRELDEFINESBYPROPERTIES('2brQytn2cD2DVYwASXKY0J',#18,$,$,(#545),#567);
#573=IFCRELDEFINESBYPROPERTIES('1vguh$qTBOcFnhXMWOKOEH',#18,$,$,(#545),#568);
#574=IFCAXIS2PLACEMENT3D(#576,$,$);
#575=IFCLOCALPLACEMENT(#112,#574);
#576=IFCCARTESIANPOINT((-9.8249999999998803,-8.7500000000000053,-0.40000000000000036));
#577=IFCCARTESIANPOINT((14.575000000000033,4.2125000000049999));
#578=IFCCARTESIANPOINT((14.575000000000031,10.662500000004998));
#579=IFCCARTESIANPOINT((-14.580000000000013,10.662500000005002));
#580=IFCCARTESIANPOINT((-14.580000000000013,4.5625000000049205));
#581=IFCCARTESIANPOINT((-13.29055301338998,4.5625000000049249));
#582=IFCCARTESIANPOINT((-13.290553013389943,-2.137500000005002));
#583=IFCCARTESIANPOINT((-14.580000000000013,-2.1375000000050064));
#584=IFCCARTESIANPOINT((-14.580000000000013,-4.1375000000050068));
#585=IFCCARTESIANPOINT((-11.624999999999867,-4.1375000000049962));
#586=IFCCARTESIANPOINT((-11.624999999999861,-7.7375000000050802));
#587=IFCCARTESIANPOINT((-14.580000000000013,-7.73750000000509));
#588=IFCCARTESIANPOINT((-14.580000000000013,-8.9875000000050953));
#589=IFCCARTESIANPOINT((14.574999999999987,-8.9875000000050953));
#590=IFCCARTESIANPOINT((14.574999999999987,-1.7875000000050134));
#591=IFCCARTESIANPOINT((12.750000000000121,-1.787500000004995));
#592=IFCCARTESIANPOINT((12.750000000000123,-0.087500000005011652));
#593=IFCCARTESIANPOINT((14.574999999999996,-0.087500000005011652));
#594=IFCCARTESIANPOINT((14.574999999999996,1.5125000000050013));
#595=IFCCARTESIANPOINT((10.325000000000125,1.5125000000050013));
#596=IFCCARTESIANPOINT((10.325000000000125,4.2125000000049999));
#597=IFCPOLYLINE((#577,#578,#579,#580,#581,#582,#583,#584,#585,#586,#587,#588,#589,#590,#591,#592,#593,#594,#595,#596,#577));
#598=IFCARBITRARYCLOSEDPROFILEDEF(.AREA.,$,#597);
#599=IFCCARTESIANPOINT((14.925000000000011,10.662500000005002,0.40000000000000002));
#600=IFCAXIS2PLACEMENT3D(#599,#10,#6);
#601=IFCEXTRUDEDAREASOLID(#598,#600,#9,0.40000000000000002);
#602=IFCCOLOURRGB($,0.31372549019607843,0.31372549019607843,0.31372549019607843);
#603=IFCSURFACESTYLERENDERING(#602,0.,$,$,$,$,IFCNORMALISEDRATIOMEASURE(0.00390625),IFCSPECULAREXPONENT(10.),.NOTDEFINED.);
#604=IFCSURFACESTYLE('Default Roof',.BOTH.,(#603));
#605=IFCPRESENTATIONSTYLEASSIGNMENT((#604));
#606=IFCSTYLEDITEM(#601,(#623),$);
#607=IFCSHAPEREPRESENTATION(#86,'Body','SweptSolid',(#601));
#608=IFCPRODUCTDEFINITIONSHAPE($,$,(#607));
#609=IFCCARTESIANPOINT((0.,-10.));
#610=IFCAXIS2PLACEMENT2D(#609,#11);
#611=IFCRECTANGLEPROFILEDEF(.AREA.,$,#610,29.850000000000016,1.3249999999999051);
#612=IFCCARTESIANPOINT((14.925000000000011,10.662500000005002,0.40000000000000002));
#613=IFCAXIS2PLACEMENT3D(#612,#10,#6);
#614=IFCEXTRUDEDAREASOLID(#611,#613,#9,0.40000000000000002);
#615=IFCPRESENTATIONSTYLEASSIGNMENT((#604));
#616=IFCSTYLEDITEM(#614,(#623),$);
#617=IFCSHAPEREPRESENTATION(#86,'Body','SweptSolid',(#614));
#618=IFCPRODUCTDEFINITIONSHAPE($,$,(#617));
#619=IFCLOCALPLACEMENT(#112,#574);
#620=IFCCOLOURRGB($,0.31372549019607843,0.31372549019607843,0.31372549019607843);
#621=IFCSURFACESTYLERENDERING(#620,0.,$,$,$,$,IFCNORMALISEDRATIOMEASURE(0.5),IFCSPECULAREXPONENT(10.),.NOTDEFINED.);
#622=IFCSURFACESTYLE('Default Roof',.BOTH.,(#621));
#623=IFCPRESENTATIONSTYLEASSIGNMENT((#622));
#624=IFCSLAB('02tPsiigHCseblyLU$0Qwi',#18,'Geschossdecke:Generic Floor - 400mm:284802',$,'Geschossdecke:Generic Floor - 400mm',#575,#608,'284802',.FLOOR.);
#625=IFCSLAB('3LxmiQpchPg0jZ8ROPZNEr',#18,'Geschossdecke:Generic Floor - 400mm:284802:2',$,'Geschossdecke:Generic Floor - 400mm',#619,#618,'284802',.FLOOR.);
#626=IFCSLABTYPE('2JF4e6axWHqu3u0C1FZlpG',#18,'Geschossdecke:Generic Floor - 400mm',$,$,(#689),$,'226',$,.FLOOR.);
#627=IFCAXIS2PLACEMENT2D(#4,#11);
#628=IFCRECTANGLEPROFILEDEF(.AREA.,$,#627,14.361892944648119,6.0000000000099263);
#629=IFCAXIS2PLACEMENT3D(#3,#10,#6);
#630=IFCEXTRUDEDAREASOLID(#628,#629,#9,0.40000000000000002);
#631=IFCPRESENTATIONSTYLEASSIGNMENT((#604));
#632=IFCSTYLEDITEM(#630,(#623),$);
#633=IFCSHAPEREPRESENTATION(#86,'Body','SweptSolid',(#630));
#634=IFCPRODUCTDEFINITIONSHAPE($,$,(#633));
#635=IFCCARTESIANPOINT((19.569946472323959,11.875000000004965,0.40000000000000002));
#636=IFCAXIS2PLACEMENT3D(#635,$,$);
#637=IFCLOCALPLACEMENT(#575,#636);
#638=IFCOPENINGELEMENT('02lF3VZQ02r3aB8a6EV5F$',#18,'Geschossdecke:Generic Floor - 400mm:284802:2',$,'Opening',#637,#634,'284802');
#639=IFCQUANTITYLENGTH('Depth',$,$,0.40000000000000002);
#640=IFCQUANTITYLENGTH('Height',$,$,14.361892944648153);
#641=IFCQUANTITYLENGTH('Width',$,$,6.0000000000099263);
#642=IFCELEMENTQUANTITY('20YvOHGWMYuhYdy$hE_pSq',#18,'BaseQuantities',$,$,(#639,#640,#641));
#643=IFCRELDEFINESBYPROPERTIES('2ixWwa7txfyW1AGUTfMrcC',#18,$,$,(#638),#642);
#644=IFCRELVOIDSELEMENT('2gXdu$16tQiPUlFqrBEao5',#18,$,$,#624,#638);
#645=IFCMATERIAL('Default Roof');
#646=IFCPRESENTATIONSTYLEASSIGNMENT((#622));
#647=IFCSTYLEDITEM($,(#646),$);
#648=IFCSTYLEDREPRESENTATION(#84,'Style','Material',(#647));
#649=IFCMATERIALDEFINITIONREPRESENTATION($,$,(#648),#645);
#650=IFCMATERIALLAYER(#645,0.40000000000000002,$);
#651=IFCMATERIALLAYERSET((#650),'Geschossdecke:Generic Floor - 400mm');
#652=IFCMATERIALLAYERSETUSAGE(#651,.AXIS3.,.POSITIVE.,0.);
#653=IFCPROPERTYSINGLEVALUE('Reference',$,IFCIDENTIFIER('Generic Floor - 400mm'),$);
#654=IFCPROPERTYSET('1C0N9WqWX3RvJ9A$NJlYRp',#18,'Pset_QuantityTakeOff',$,(#653));
#655=IFCPROPERTYSINGLEVALUE('Reference',$,IFCLABEL('Generic Floor - 400mm'),$);
#656=IFCPROPERTYSET('0_$jhBXxqs0eVNRiUTjLHR',#18,'Pset_ReinforcementBarPitchOfSlab',$,(#655));
#657=IFCPROPERTYSINGLEVALUE('PitchAngle',$,IFCPLANEANGLEMEASURE(0.),$);
#658=IFCPROPERTYSET('2dZ8o1YQ7HA5Gkbv9oVFg9',#18,'Pset_SlabCommon',$,(#174,#256,#653,#657));
#659=IFCPROPERTYSET('2c3my2mU6ubuytcuhxs8x$',#18,'Pset_QuantityTakeOff',$,(#653));
#660=IFCPROPERTYSINGLEVALUE('Reference',$,IFCLABEL('Generic Floor - 400mm'),$);
#661=IFCPROPERTYSET('2cnQxImUu_BvH0oR4FQvxo',#18,'Pset_ReinforcementBarPitchOfSlab',$,(#660));
#662=IFCPROPERTYSET('0XGAsr$mNpYoCsdNcXFjgq',#18,'Pset_SlabCommon',$,(#174,#256,#653,#657));
#663=IFCPROPERTYSET('2YxIxFHLQjvRjAT3q2OOzE',#18,'Pset_OpeningElementCommon',$,(#653));
#664=IFCPROPERTYSET('1wYITiMU0Ilno2hLhxZVdP',#18,'Pset_QuantityTakeOff',$,(#653));
#665=IFCRELDEFINESBYPROPERTIES('2jWuk1AstgQwMd995K7E$X',#18,$,$,(#624),#654);
#666=IFCRELDEFINESBYPROPERTIES('0x3CvFwDZBR$wC_TLzVPpc',#18,$,$,(#624),#656);
#667=IFCRELDEFINESBYPROPERTIES('3Gq30LKYe$KEIPLFTwQTrB',#18,$,$,(#624),#658);
#668=IFCRELDEFINESBYPROPERTIES('3Pws2biLnpKa97lIWTMFDZ',#18,$,$,(#625),#659);
#669=IFCRELDEFINESBYPROPERTIES('2uYXE6mdsZ3Mk4gy_V3k8L',#18,$,$,(#625),#661);
#670=IFCRELDEFINESBYPROPERTIES('1TpsEYhoFZNMFAF_2iOX3b',#18,$,$,(#625),#662);
#671=IFCRELDEFINESBYPROPERTIES('20O8AYuay921GeFUqc8lyT',#18,$,$,(#638),#663);
#672=IFCRELDEFINESBYPROPERTIES('1NpQVzirsgCAu1ODsV5iDW',#18,$,$,(#638),#664);
#673=IFCQUANTITYAREA('GrossArea','',$,539.04095518999441);
#674=IFCQUANTITYAREA('NetArea','',$,492.4208475219603);
#675=IFCQUANTITYVOLUME('GrossVolume','',$,215.61638207599779);
#676=IFCQUANTITYVOLUME('NetVolume','',$,196.96833900878408);
#677=IFCQUANTITYLENGTH('Perimeter','',$,118.2488939732401);
#678=IFCQUANTITYLENGTH('Depth','',$,0.40000000000000002);
#679=IFCELEMENTQUANTITY('3xQYyhPpEZHua$6fd7IQES',#18,'BaseQuantities',$,$,(#673,#674,#675,#676,#677,#678));
#680=IFCRELDEFINESBYPROPERTIES('3J$QfLb5YJ0WrM0kHPzI6r',#18,$,$,(#624),#679);
#681=IFCQUANTITYAREA('GrossArea','',$,39.551249999997204);
#682=IFCQUANTITYAREA('NetArea','',$,492.4208475219603);
#683=IFCQUANTITYVOLUME('GrossVolume','',$,15.820499999998884);
#684=IFCQUANTITYVOLUME('NetVolume','',$,196.96833900878408);
#685=IFCQUANTITYLENGTH('Perimeter','',$,62.349999999999845);
#686=IFCQUANTITYLENGTH('Depth','',$,0.40000000000000002);
#687=IFCELEMENTQUANTITY('2DgqQUbYzv2SntuXMGJEmu',#18,'BaseQuantities',$,$,(#681,#682,#683,#684,#685,#686));
#688=IFCRELDEFINESBYPROPERTIES('1isRy2FJ$tUKyzMU9nAA8I',#18,$,$,(#625),#687);
#689=IFCPROPERTYSET('2As3Swmoefj8Sif3pV86UV',#18,'Pset_SlabCommon',$,(#256));
#690=IFCCARTESIANPOINT((-9.649999999999844,12.575000000009997,-0.40000000000000113));
#691=IFCAXIS2PLACEMENT3D(#690,#9,#8);
#692=IFCLOCALPLACEMENT(#108,#691);
#693=IFCCARTESIANPOINT((20.,-0.));
#694=IFCPOLYLINE((#4,#693));
#695=IFCSHAPEREPRESENTATION(#85,'Axis','Curve2D',(#694));
#696=IFCCARTESIANPOINT((10.000000000004999,5.4123372450476381E-16));
#697=IFCAXIS2PLACEMENT2D(#696,#12);
#698=IFCRECTANGLEPROFILEDEF(.AREA.,$,#697,20.000000000009997,0.34999999999999953);
#699=IFCAXIS2PLACEMENT3D(#3,$,$);
#700=IFCEXTRUDEDAREASOLID(#698,#699,#9,4.0100000000000025);
#701=IFCSTYLEDITEM(#700,(#135),$);
#702=IFCSHAPEREPRESENTATION(#86,'Body','SweptSolid',(#700));
#703=IFCPRODUCTDEFINITIONSHAPE($,$,(#695,#702));
#704=IFCWALLSTANDARDCASE('2vjl0pkSX0CBSUj3seVUMi',#18,'Basiswand:Generic - 350mm 2:285229',$,'Basiswand:Generic - 350mm 2',#692,#703,'285229');
#705=IFCQUANTITYLENGTH('Height',$,$,4.0100000000000025);
#706=IFCQUANTITYLENGTH('Length',$,$,20.000000000009997);
#707=IFCQUANTITYLENGTH('Width',$,$,0.34999999999999998);
#708=IFCQUANTITYAREA('GrossFootprintArea',$,$,7.0000000000034888);
#709=IFCQUANTITYVOLUME('GrossVolume',$,$,28.070000000014041);
#710=IFCQUANTITYAREA('GrossSideArea',$,$,80.20000000004012);
#711=IFCQUANTITYAREA('NetSideArea',$,$,66.369487262296062);
#712=IFCQUANTITYVOLUME('NetVolume',$,$,23.229320541803581);
#713=IFCELEMENTQUANTITY('0SO0iquYVvTcw9KLiOaO69',#18,'BaseQuantities',$,$,(#705,#706,#707,#708,#709,#710,#711,#712));
#714=IFCRELDEFINESBYPROPERTIES('2rz7jvL_LfNpYstfOLnNUD',#18,$,$,(#704),#713);
#715=IFCPROPERTYSET('3FWzRu9_7bbU7VQ$ea9Unf',#18,'Pset_QuantityTakeOff',$,(#168));
#716=IFCPROPERTYSINGLEVALUE('Reference',$,IFCLABEL('Generic - 350mm 2'),$);
#717=IFCPROPERTYSET('1vxX5zD5ebgnlb8A8CudEW',#18,'Pset_ReinforcementBarPitchOfWall',$,(#716));
#718=IFCPROPERTYSET('2bcePeY2r7rj7FF3or5ApR',#18,'Pset_WallCommon',$,(#168,#172,#173,#174));
#719=IFCRELDEFINESBYPROPERTIES('3nKUFfBLma1OZYzFYR9vU7',#18,$,$,(#704),#715);
#720=IFCRELDEFINESBYPROPERTIES('2YEE5lE_GUn2_oU_e5hIAT',#18,$,$,(#704),#717);
#721=IFCRELDEFINESBYPROPERTIES('0PoV5ze45MV6VTbOfJn_X_',#18,$,$,(#704),#718);
#722=IFCCARTESIANPOINT((-9.4749999999998771,-7.2500000000000036,-0.40000000000000113));
#723=IFCAXIS2PLACEMENT3D(#722,$,$);
#724=IFCLOCALPLACEMENT(#108,#723);
#725=IFCCARTESIANPOINT((29.500000000000004,0.));
#726=IFCPOLYLINE((#4,#725));
#727=IFCSHAPEREPRESENTATION(#85,'Axis','Curve2D',(#726));
#728=IFCCARTESIANPOINT((14.750000000000004,0.));
#729=IFCAXIS2PLACEMENT2D(#728,#12);
#730=IFCRECTANGLEPROFILEDEF(.AREA.,$,#729,29.500000000000007,0.35000000000000059);
#731=IFCAXIS2PLACEMENT3D(#3,$,$);
#732=IFCEXTRUDEDAREASOLID(#730,#731,#9,4.0100000000000025);
#733=IFCSTYLEDITEM(#732,(#135),$);
#734=IFCSHAPEREPRESENTATION(#86,'Body','SweptSolid',(#732));
#735=IFCPRODUCTDEFINITIONSHAPE($,$,(#727,#734));
#736=IFCWALLSTANDARDCASE('2vjl0pkSX0CBSUj3seVUKh',#18,'Basiswand:Generic - 350mm 2:285354',$,'Basiswand:Generic - 350mm 2',#724,#735,'285354');
#737=IFCQUANTITYLENGTH('Height',$,$,4.0100000000000025);
#738=IFCQUANTITYLENGTH('Length',$,$,29.500000000000007);
#739=IFCQUANTITYLENGTH('Width',$,$,0.34999999999999998);
#740=IFCQUANTITYAREA('GrossFootprintArea',$,$,10.325000000000019);
#741=IFCQUANTITYVOLUME('GrossVolume',$,$,41.403250000000028);
#742=IFCQUANTITYAREA('GrossSideArea',$,$,118.29500000000007);
#743=IFCQUANTITYAREA('NetSideArea',$,$,78.049476727396879);
#744=IFCQUANTITYVOLUME('NetVolume',$,$,27.317316854588853);
#745=IFCELEMENTQUANTITY('3T41y55tn_6cswf6LUArcM',#18,'BaseQuantities',$,$,(#737,#738,#739,#740,#741,#742,#743,#744));
#746=IFCRELDEFINESBYPROPERTIES('1vBeLYYN17$kH6uY2NQjVv',#18,$,$,(#736),#745);
#747=IFCPROPERTYSET('0eyv96W34H8jqi6FjdkY7k',#18,'Pset_QuantityTakeOff',$,(#168));
#748=IFCPROPERTYSINGLEVALUE('Reference',$,IFCLABEL('Generic - 350mm 2'),$);
#749=IFCPROPERTYSET('3oVP6RtdxF_fTIVZR4DXb4',#18,'Pset_ReinforcementBarPitchOfWall',$,(#748));
#750=IFCPROPERTYSET('2iD4iQ3JeF0F_JsHosrRN_',#18,'Pset_WallCommon',$,(#168,#172,#173,#174));
#751=IFCRELDEFINESBYPROPERTIES('0AU6PC1GhtlK5vwdkM0rA2',#18,$,$,(#736),#747);
#752=IFCRELDEFINESBYPROPERTIES('1LeZajCgAnUzv4PtWsB3zp',#18,$,$,(#736),#749);
#753=IFCRELDEFINESBYPROPERTIES('2COqLQMOFMi9zDrRRKAlsg',#18,$,$,(#736),#750);
#754=IFCCARTESIANPOINT((19.850000000000129,-7.0750000000000979,-0.40000000000000113));
#755=IFCAXIS2PLACEMENT3D(#754,#9,#7);
#756=IFCLOCALPLACEMENT(#108,#755);
#757=IFCCARTESIANPOINT((6.9500000000000908,-0.));
#758=IFCPOLYLINE((#4,#757));
#759=IFCSHAPEREPRESENTATION(#85,'Axis','Curve2D',(#758));
#760=IFCCARTESIANPOINT((3.4750000000000454,-3.0531133177191805E-16));
#761=IFCAXIS2PLACEMENT2D(#760,#12);
#762=IFCRECTANGLEPROFILEDEF(.AREA.,$,#761,6.9500000000000908,0.34999999999999842);
#763=IFCAXIS2PLACEMENT3D(#3,$,$);
#764=IFCEXTRUDEDAREASOLID(#762,#763,#9,4.0100000000000025);
#765=IFCSTYLEDITEM(#764,(#135),$);
#766=IFCSHAPEREPRESENTATION(#86,'Body','SweptSolid',(#764));
#767=IFCPRODUCTDEFINITIONSHAPE($,$,(#759,#766));
#768=IFCWALLSTANDARDCASE('2vjl0pkSX0CBSUj3seVULs',#18,'Basiswand:Generic - 350mm 2:285431',$,'Basiswand:Generic - 350mm 2',#756,#767,'285431');
#769=IFCQUANTITYLENGTH('Height',$,$,4.0100000000000025);
#770=IFCQUANTITYLENGTH('Length',$,$,6.9500000000000908);
#771=IFCQUANTITYLENGTH('Width',$,$,0.34999999999999998);
#772=IFCQUANTITYAREA('GrossFootprintArea',$,$,2.4325000000000205);
#773=IFCQUANTITYVOLUME('GrossVolume',$,$,9.7543250000001294);
#774=IFCQUANTITYAREA('GrossSideArea',$,$,27.869500000000372);
#775=IFCQUANTITYAREA('NetSideArea',$,$,27.869500000000379);
#776=IFCQUANTITYVOLUME('NetVolume',$,$,9.7543250000000832);
#777=IFCELEMENTQUANTITY('0l3n35Y03LRWEmhuUkQxqg',#18,'BaseQuantities',$,$,(#769,#770,#771,#772,#773,#774,#775,#776));
#778=IFCRELDEFINESBYPROPERTIES('3vhIzUMpx6WzPOBF4QiL9e',#18,$,$,(#768),#777);
#779=IFCPROPERTYSET('399GnYe9f5sLMM6GpkZh1S',#18,'Pset_QuantityTakeOff',$,(#168));
#780=IFCPROPERTYSINGLEVALUE('Reference',$,IFCLABEL('Generic - 350mm 2'),$);
#781=IFCPROPERTYSET('2dqU_z5dm0zrmVXs5NyXha',#18,'Pset_ReinforcementBarPitchOfWall',$,(#780));
#782=IFCPROPERTYSET('2qDd_E8UsHHWszrMXHyMgP',#18,'Pset_WallCommon',$,(#168,#172,#173,#174));
#783=IFCRELDEFINESBYPROPERTIES('3QUY3EOOmyqwiA85rp$k0K',#18,$,$,(#768),#779);
#784=IFCRELDEFINESBYPROPERTIES('2KRy7gjAXwdVJA$FZS3Wpj',#18,$,$,(#768),#781);
#785=IFCRELDEFINESBYPROPERTIES('3EKjBDFW1EyjrsBfBJ7_if',#18,$,$,(#768),#782);
#786=IFCCARTESIANPOINT((4.974999999999997,0.,0.));
#787=IFCAXIS2PLACEMENT3D(#786,$,$);
#788=IFCLOCALPLACEMENT(#108,#787);
#789=IFCCARTESIANPOINT((0.24999999999999947,0.));
#790=IFCPOLYLINE((#4,#789));
#791=IFCSHAPEREPRESENTATION(#85,'Axis','Curve2D',(#790));
#792=IFCCARTESIANPOINT((0.12499999999999974,0.));
#793=IFCAXIS2PLACEMENT2D(#792,#12);
#794=IFCRECTANGLEPROFILEDEF(.AREA.,$,#793,0.24999999999999947,0.24999999999999997);
#795=IFCAXIS2PLACEMENT3D(#3,$,$);
#796=IFCEXTRUDEDAREASOLID(#794,#795,#9,3.2100000000000022);
#797=IFCCARTESIANPOINT((0.24999999999999997,-0.));
#798=IFCCARTESIANPOINT((0.25000000000000006,0.24999999999999936));
#799=IFCCARTESIANPOINT((0.,0.24999999999999947));
#800=IFCPOLYLINE((#4,#797,#798,#799,#4));
#801=IFCCARTESIANPOINT((0.,-0.12499999999999999,3.2100000000000022));
#802=IFCAXIS2PLACEMENT3D(#801,#10,#7);
#803=IFCPLANE(#802);
#804=IFCCARTESIANPOINT((0.,-0.12499999999999999,3.2100000000000022));
#805=IFCAXIS2PLACEMENT3D(#804,#10,#7);
#806=IFCPOLYGONALBOUNDEDHALFSPACE(#803,.T.,#805,#800);
#807=IFCBOOLEANCLIPPINGRESULT(.DIFFERENCE.,#796,#806);
#808=IFCSTYLEDITEM(#796,(#228),$);
#809=IFCSHAPEREPRESENTATION(#86,'Body','Clipping',(#807));
#810=IFCPRODUCTDEFINITIONSHAPE($,$,(#791,#809));
#811=IFCWALLSTANDARDCASE('2xLyhp5mf9a9GpW93MrR9Z',#18,'Basiswand:Generic column- 250mm 2:288854',$,'Basiswand:Generic column- 250mm 2',#788,#810,'288854');
#812=IFCQUANTITYLENGTH('Height',$,$,3.2100000000000022);
#813=IFCQUANTITYLENGTH('Length',$,$,0.24999999999999947);
#814=IFCQUANTITYLENGTH('Width',$,$,0.24999999999999997);
#815=IFCQUANTITYAREA('GrossFootprintArea',$,$,0.062499999999999868);
#816=IFCQUANTITYVOLUME('GrossVolume',$,$,0.20062500000000005);
#817=IFCQUANTITYAREA('GrossSideArea',$,$,0.80250000000000021);
#818=IFCQUANTITYAREA('NetSideArea',$,$,0.80250000000000021);
#819=IFCQUANTITYVOLUME('NetVolume',$,$,0.20062499999999958);
#820=IFCELEMENTQUANTITY('234kDYKtU$_LXBtNgz80Di',#18,'BaseQuantities',$,$,(#812,#813,#814,#815,#816,#817,#818,#819));
#821=IFCRELDEFINESBYPROPERTIES('35s70YavzUYv0j0nlOlBEF',#18,$,$,(#811),#820);
#822=IFCMATERIALLAYER(#243,0.25,$);
#823=IFCMATERIALLAYERSET((#822),'Basiswand:Generic column- 250mm 2');
#824=IFCMATERIALLAYERSETUSAGE(#823,.AXIS2.,.NEGATIVE.,0.12499999999999999);
#825=IFCWALLTYPE('0LknRmTVfF6RbeHkRAcmkg',#18,'Basiswand:Generic column- 250mm 2',$,$,(#834),$,'210139',$,.STANDARD.);
#826=IFCPROPERTYSINGLEVALUE('Reference',$,IFCIDENTIFIER('Generic column- 250mm 2'),$);
#827=IFCPROPERTYSET('0JsLz_sGrRxDxZEmSLzekP',#18,'Pset_QuantityTakeOff',$,(#826));
#828=IFCPROPERTYSINGLEVALUE('Reference',$,IFCLABEL('Generic column- 250mm 2'),$);
#829=IFCPROPERTYSET('1$9gZn4ynKgONwBNmTwKZu',#18,'Pset_ReinforcementBarPitchOfWall',$,(#828));
#830=IFCPROPERTYSET('2QgvRv$FIEHwZ4dW0hfrO2',#18,'Pset_WallCommon',$,(#172,#173,#174,#826));
#831=IFCRELDEFINESBYPROPERTIES('00Fbb73L4S6l1U6IMapxzZ',#18,$,$,(#811),#827);
#832=IFCRELDEFINESBYPROPERTIES('2NbDL3KCCGXALfdvshJzbB',#18,$,$,(#811),#829);
#833=IFCRELDEFINESBYPROPERTIES('2Oxhk8jvVsyugyu5VkQVQx',#18,$,$,(#811),#830);
#834=IFCPROPERTYSET('01DowPQXu7ALEWCKP4qNlb',#18,'Pset_WallCommon',$,(#172));
#835=IFCCARTESIANPOINT((10.075000000000241,0.,0.));
#836=IFCAXIS2PLACEMENT3D(#835,$,$);
#837=IFCLOCALPLACEMENT(#108,#836);
#838=IFCCARTESIANPOINT((0.24999999999999947,0.));
#839=IFCPOLYLINE((#4,#838));
#840=IFCSHAPEREPRESENTATION(#85,'Axis','Curve2D',(#839));
#841=IFCCARTESIANPOINT((0.12499999999999974,0.));
#842=IFCAXIS2PLACEMENT2D(#841,#12);
#843=IFCRECTANGLEPROFILEDEF(.AREA.,$,#842,0.24999999999999947,0.24999999999999997);
#844=IFCAXIS2PLACEMENT3D(#3,$,$);
#845=IFCEXTRUDEDAREASOLID(#843,#844,#9,3.2100000000000022);
#846=IFCCARTESIANPOINT((0.24999999999999997,-0.));
#847=IFCCARTESIANPOINT((0.25000000000000006,0.24999999999999936));
#848=IFCCARTESIANPOINT((0.,0.24999999999999947));
#849=IFCPOLYLINE((#4,#846,#847,#848,#4));
#850=IFCCARTESIANPOINT((0.,-0.12499999999999999,3.2100000000000022));
#851=IFCAXIS2PLACEMENT3D(#850,#10,#7);
#852=IFCPLANE(#851);
#853=IFCCARTESIANPOINT((0.,-0.12499999999999999,3.2100000000000022));
#854=IFCAXIS2PLACEMENT3D(#853,#10,#7);
#855=IFCPOLYGONALBOUNDEDHALFSPACE(#852,.T.,#854,#849);
#856=IFCBOOLEANCLIPPINGRESULT(.DIFFERENCE.,#845,#855);
#857=IFCSTYLEDITEM(#845,(#228),$);
#858=IFCSHAPEREPRESENTATION(#86,'Body','Clipping',(#856));
#859=IFCPRODUCTDEFINITIONSHAPE($,$,(#840,#858));
#860=IFCWALLSTANDARDCASE('2xLyhp5mf9a9GpW93MrRBi',#18,'Basiswand:Generic column- 250mm 2:288985',$,'Basiswand:Generic column- 250mm 2',#837,#859,'288985');
#861=IFCQUANTITYLENGTH('Height',$,$,3.2100000000000022);
#862=IFCQUANTITYLENGTH('Length',$,$,0.24999999999999947);
#863=IFCQUANTITYLENGTH('Width',$,$,0.24999999999999997);
#864=IFCQUANTITYAREA('GrossFootprintArea',$,$,0.062499999999999868);
#865=IFCQUANTITYVOLUME('GrossVolume',$,$,0.20062500000000005);
#866=IFCQUANTITYAREA('GrossSideArea',$,$,0.80250000000000021);
#867=IFCQUANTITYAREA('NetSideArea',$,$,0.80250000000000021);
#868=IFCQUANTITYVOLUME('NetVolume',$,$,0.2006250000000008);
#869=IFCELEMENTQUANTITY('2ziDXhRmfJ5_hrA0bJ73A8',#18,'BaseQuantities',$,$,(#861,#862,#863,#864,#865,#866,#867,#868));
#870=IFCRELDEFINESBYPROPERTIES('0iJrLrUXycqKA8ecQFzLFi',#18,$,$,(#860),#869);
#871=IFCPROPERTYSET('1bxn4CCfY5ImzZQL9Lcd2R',#18,'Pset_QuantityTakeOff',$,(#826));
#872=IFCPROPERTYSINGLEVALUE('Reference',$,IFCLABEL('Generic column- 250mm 2'),$);
#873=IFCPROPERTYSET('37DllqQGaRhzy6FtoKaHdZ',#18,'Pset_ReinforcementBarPitchOfWall',$,(#872));
#874=IFCPROPERTYSET('1Y0w7TdSfiEbct$uH1treH',#18,'Pset_WallCommon',$,(#172,#173,#174,#826));
#875=IFCRELDEFINESBYPROPERTIES('08yhfJ9BLCpBVqr8ufcNp7',#18,$,$,(#860),#871);
#876=IFCRELDEFINESBYPROPERTIES('22_HUOPjg2aqtK7YGZoing',#18,$,$,(#860),#873);
#877=IFCRELDEFINESBYPROPERTIES('0j32Bgb7P2OtSszuaoOLba',#18,$,$,(#860),#874);
#878=IFCCARTESIANPOINT((15.175000000000239,0.,0.));
#879=IFCAXIS2PLACEMENT3D(#878,$,$);
#880=IFCLOCALPLACEMENT(#108,#879);
#881=IFCCARTESIANPOINT((0.24999999999999947,0.));
#882=IFCPOLYLINE((#4,#881));
#883=IFCSHAPEREPRESENTATION(#85,'Axis','Curve2D',(#882));
#884=IFCCARTESIANPOINT((0.12499999999999974,0.));
#885=IFCAXIS2PLACEMENT2D(#884,#12);
#886=IFCRECTANGLEPROFILEDEF(.AREA.,$,#885,0.24999999999999947,0.24999999999999997);
#887=IFCAXIS2PLACEMENT3D(#3,$,$);
#888=IFCEXTRUDEDAREASOLID(#886,#887,#9,3.2100000000000022);
#889=IFCCARTESIANPOINT((0.24999999999999997,-0.));
#890=IFCCARTESIANPOINT((0.25000000000000006,0.24999999999999936));
#891=IFCCARTESIANPOINT((0.,0.24999999999999947));
#892=IFCPOLYLINE((#4,#889,#890,#891,#4));
#893=IFCCARTESIANPOINT((0.,-0.12499999999999999,3.2100000000000022));
#894=IFCAXIS2PLACEMENT3D(#893,#10,#7);
#895=IFCPLANE(#894);
#896=IFCCARTESIANPOINT((0.,-0.12499999999999999,3.2100000000000022));
#897=IFCAXIS2PLACEMENT3D(#896,#10,#7);
#898=IFCPOLYGONALBOUNDEDHALFSPACE(#895,.T.,#897,#892);
#899=IFCBOOLEANCLIPPINGRESULT(.DIFFERENCE.,#888,#898);
#900=IFCSTYLEDITEM(#888,(#228),$);
#901=IFCSHAPEREPRESENTATION(#86,'Body','Clipping',(#899));
#902=IFCPRODUCTDEFINITIONSHAPE($,$,(#883,#901));
#903=IFCWALLSTANDARDCASE('2xLyhp5mf9a9GpW93MrRBO',#18,'Basiswand:Generic column- 250mm 2:289005',$,'Basiswand:Generic column- 250mm 2',#880,#902,'289005');
#904=IFCQUANTITYLENGTH('Height',$,$,3.2100000000000022);
#905=IFCQUANTITYLENGTH('Length',$,$,0.24999999999999947);
#906=IFCQUANTITYLENGTH('Width',$,$,0.24999999999999997);
#907=IFCQUANTITYAREA('GrossFootprintArea',$,$,0.062499999999999868);
#908=IFCQUANTITYVOLUME('GrossVolume',$,$,0.20062500000000005);
#909=IFCQUANTITYAREA('GrossSideArea',$,$,0.80250000000000021);
#910=IFCQUANTITYAREA('NetSideArea',$,$,0.80250000000000021);
#911=IFCQUANTITYVOLUME('NetVolume',$,$,0.20062499999999878);
#912=IFCELEMENTQUANTITY('2doLm9ylh1R$jzGsGKHCxK',#18,'BaseQuantities',$,$,(#904,#905,#906,#907,#908,#909,#910,#911));
#913=IFCRELDEFINESBYPROPERTIES('2tFFv$wISTpHHJ6zU5Onn_',#18,$,$,(#903),#912);
#914=IFCPROPERTYSET('0dNQY5wHef1BDqwzj8A6rF',#18,'Pset_QuantityTakeOff',$,(#826));
#915=IFCPROPERTYSINGLEVALUE('Reference',$,IFCLABEL('Generic column- 250mm 2'),$);
#916=IFCPROPERTYSET('053ItdB0NSdl0MIIndOT9J',#18,'Pset_ReinforcementBarPitchOfWall',$,(#915));
#917=IFCPROPERTYSET('04yU07KOq5DPhXn2WP7jSq',#18,'Pset_WallCommon',$,(#172,#173,#174,#826));
#918=IFCRELDEFINESBYPROPERTIES('0iTBdMsgiGkDoZRTYoEwOg',#18,$,$,(#903),#914);
#919=IFCRELDEFINESBYPROPERTIES('2mlP9bNoPlgxuJWgxB2qGX',#18,$,$,(#903),#916);
#920=IFCRELDEFINESBYPROPERTIES('0AsZ7FDAWqmpZZgM4eaEk3',#18,$,$,(#903),#917);
#921=IFCCARTESIANPOINT((-5.0979999999998755,6.3750000000099991,0.));
#922=IFCAXIS2PLACEMENT3D(#921,#9,#7);
#923=IFCLOCALPLACEMENT(#108,#922);
#924=IFCCARTESIANPOINT((6.1999999999999957,-0.));
#925=IFCPOLYLINE((#4,#924));
#926=IFCSHAPEREPRESENTATION(#85,'Axis','Curve2D',(#925));
#927=IFCCARTESIANPOINT((3.0999999999999979,-5.8286708792820718E-16));
#928=IFCAXIS2PLACEMENT2D(#927,#11);
#929=IFCRECTANGLEPROFILEDEF(.AREA.,$,#928,6.1999999999999957,0.12800000000000014);
#930=IFCAXIS2PLACEMENT3D(#3,$,$);
#931=IFCEXTRUDEDAREASOLID(#929,#930,#9,3.2100000000000022);
#932=IFCCARTESIANPOINT((1.2499999999999984,0.));
#933=IFCCARTESIANPOINT((1.3779999999999986,0.));
#934=IFCCARTESIANPOINT((6.1999999999999957,-0.));
#935=IFCCARTESIANPOINT((6.1999999999999957,0.12800000000000006));
#936=IFCCARTESIANPOINT((0.,0.12800000000000017));
#937=IFCPOLYLINE((#4,#932,#933,#934,#935,#936,#4));
#938=IFCCARTESIANPOINT((0.,-0.06400000000000039,3.2100000000000022));
#939=IFCAXIS2PLACEMENT3D(#938,#10,#5);
#940=IFCPLANE(#939);
#941=IFCCARTESIANPOINT((0.,-0.06400000000000039,3.2100000000000022));
#942=IFCAXIS2PLACEMENT3D(#941,$,$);
#943=IFCPOLYGONALBOUNDEDHALFSPACE(#940,.T.,#942,#937);
#944=IFCBOOLEANCLIPPINGRESULT(.DIFFERENCE.,#931,#943);
#945=IFCCOLOURRGB($,0.6705882352941176,0.66666666666666663,0.6588235294117647);
#946=IFCSURFACESTYLERENDERING(#945,0.,$,$,$,$,IFCNORMALISEDRATIOMEASURE(0.5),IFCSPECULAREXPONENT(0.),.NOTDEFINED.);
#947=IFCSURFACESTYLE('Gypsum Wall Board',.BOTH.,(#946));
#948=IFCPRESENTATIONSTYLEASSIGNMENT((#947));
#949=IFCSTYLEDITEM(#931,(#948),$);
#950=IFCSHAPEREPRESENTATION(#86,'Body','Clipping',(#944));
#951=IFCPRODUCTDEFINITIONSHAPE($,$,(#926,#950));
#952=IFCWALLSTANDARDCASE('00rx_E4Bf4tw0ORMnlC2eR',#18,'Basiswand:Interior - 126mm Partition (2-hr):293438',$,'Basiswand:Interior - 126mm Partition (2-hr)',#923,#951,'293438');
#953=IFCQUANTITYLENGTH('Height',$,$,3.2100000000000022);
#954=IFCQUANTITYLENGTH('Length',$,$,6.1999999999999957);
#955=IFCQUANTITYLENGTH('Width',$,$,0.12799999999999997);
#956=IFCQUANTITYAREA('GrossFootprintArea',$,$,0.79359999999999364);
#957=IFCQUANTITYVOLUME('GrossVolume',$,$,2.2743039999999994);
#958=IFCQUANTITYAREA('GrossSideArea',$,$,17.768000000000001);
#959=IFCQUANTITYAREA('NetSideArea',$,$,17.767999999999997);
#960=IFCQUANTITYVOLUME('NetVolume',$,$,2.2743040000000021);
#961=IFCELEMENTQUANTITY('10jOumZ4tXJ40zScniaYZm',#18,'BaseQuantities',$,$,(#953,#954,#955,#956,#957,#958,#959,#960));
#962=IFCRELDEFINESBYPROPERTIES('28GfqYND0nhw93bNqJolLY',#18,$,$,(#952),#961);
#963=IFCMATERIAL('Gypsum Wall Board');
#964=IFCPRESENTATIONSTYLEASSIGNMENT((#947));
#965=IFCSTYLEDITEM($,(#964),$);
#966=IFCSTYLEDREPRESENTATION(#84,'Style','Material',(#965));
#967=IFCMATERIALDEFINITIONREPRESENTATION($,$,(#966),#963);
#968=IFCMATERIAL('Metal Stud Layer');
#969=IFCCOLOURRGB($,0.32941176470588235,0.32549019607843138,0.31764705882352939);
#970=IFCSURFACESTYLERENDERING(#969,0.,$,$,$,$,IFCNORMALISEDRATIOMEASURE(0.5),IFCSPECULAREXPONENT(64.),.NOTDEFINED.);
#971=IFCSURFACESTYLE('Metal Stud Layer',.BOTH.,(#970));
#972=IFCPRESENTATIONSTYLEASSIGNMENT((#971));
#973=IFCSTYLEDITEM($,(#972),$);
#974=IFCSTYLEDREPRESENTATION(#84,'Style','Material',(#973));
#975=IFCMATERIALDEFINITIONREPRESENTATION($,$,(#974),#968);
#976=IFCMATERIALLAYER(#963,0.016,$);
#977=IFCMATERIALLAYER(#963,0.016,$);
#978=IFCMATERIALLAYER(#968,0.064000000000000001,$);
#979=IFCMATERIALLAYER(#963,0.016,$);
#980=IFCMATERIALLAYER(#963,0.016,$);
#981=IFCMATERIALLAYERSET((#976,#977,#978,#979,#980),'Basiswand:Interior - 126mm Partition (2-hr)');
#982=IFCMATERIALLAYERSETUSAGE(#981,.AXIS2.,.POSITIVE.,-0.063999999999999987);
#983=IFCWALLTYPE('2m$q4TaxOHqu3u0C1FZlqr',#18,'Basiswand:Interior - 126mm Partition (2-hr)',$,$,(#995),$,'263',$,.STANDARD.);
#984=IFCPROPERTYSINGLEVALUE('Reference',$,IFCIDENTIFIER('Interior - 126mm Partition (2-hr)'),$);
#985=IFCPROPERTYSET('2UGrghUSEiB2LkJHdVthXj',#18,'Pset_QuantityTakeOff',$,(#984));
#986=IFCPROPERTYSINGLEVALUE('Reference',$,IFCLABEL('Interior - 126mm Partition (2-hr)'),$);
#987=IFCPROPERTYSET('18pcAYpUhK29mL_E495RXY',#18,'Pset_ReinforcementBarPitchOfWall',$,(#986));
#988=IFCPROPERTYSINGLEVALUE('ExtendToStructure',$,IFCBOOLEAN(.T.),$);
#989=IFCPROPERTYSINGLEVALUE('LoadBearing',$,IFCBOOLEAN(.F.),$);
#990=IFCPROPERTYSET('1pBI4wpd1rJoVgcOA5aGRl',#18,'Pset_WallCommon',$,(#256,#984,#988,#989));
#991=IFCRELDEFINESBYPROPERTIES('0LmgiffDckDjFMfAVSWFNt',#18,$,$,(#952),#985);
#992=IFCRELDEFINESBYPROPERTIES('18Pzxh9tAPvGbTInNUTnhU',#18,$,$,(#952),#987);
#993=IFCRELDEFINESBYPROPERTIES('3rkazQRB9UcKpjH$t9qg9b',#18,$,$,(#952),#990);
#994=IFCPROPERTYSINGLEVALUE('ThermalTransmittance',$,IFCTHERMALTRANSMITTANCEMEASURE(0.37615740740740733),$);
#995=IFCPROPERTYSET('38OqMGCW_mViD99PbOxFVU',#18,'Pset_WallCommon',$,(#256,#994));
#996=IFCCARTESIANPOINT((-5.0339999999998728,7.6890000000099983,0.));
#997=IFCAXIS2PLACEMENT3D(#996,$,$);
#998=IFCLOCALPLACEMENT(#108,#997);
#999=IFCCARTESIANPOINT((10.064,0.));
#1000=IFCPOLYLINE((#4,#999));
#1001=IFCSHAPEREPRESENTATION(#85,'Axis','Curve2D',(#1000));
#1002=IFCCARTESIANPOINT((5.032,-4.2327252813834093E-16));
#1003=IFCAXIS2PLACEMENT2D(#1002,#11);
#1004=IFCRECTANGLEPROFILEDEF(.AREA.,$,#1003,10.064,0.12800000000000014);
#1005=IFCAXIS2PLACEMENT3D(#3,$,$);
#1006=IFCEXTRUDEDAREASOLID(#1004,#1005,#9,3.2100000000000022);
#1007=IFCCARTESIANPOINT((10.064000000000002,0.));
#1008=IFCCARTESIANPOINT((10.064,0.12800000000000014));
#1009=IFCCARTESIANPOINT((6.8869999999998699,0.12800000000000122));
#1010=IFCCARTESIANPOINT((6.7589999999998716,0.12800000000000014));
#1011=IFCCARTESIANPOINT((3.3869999999998712,0.12800000000000014));
#1012=IFCCARTESIANPOINT((3.2589999999998711,0.12800000000000014));
#1013=IFCCARTESIANPOINT((-0.,0.12800000000000014));
#1014=IFCPOLYLINE((#4,#1007,#1008,#1009,#1010,#1011,#1012,#1013,#4));
#1015=IFCCARTESIANPOINT((0.,-0.064000000000000612,3.2100000000000022));
#1016=IFCAXIS2PLACEMENT3D(#1015,#10,#7);
#1017=IFCPLANE(#1016);
#1018=IFCCARTESIANPOINT((0.,-0.064000000000000612,3.2100000000000022));
#1019=IFCAXIS2PLACEMENT3D(#1018,$,$);
#1020=IFCPOLYGONALBOUNDEDHALFSPACE(#1017,.T.,#1019,#1014);
#1021=IFCBOOLEANCLIPPINGRESULT(.DIFFERENCE.,#1006,#1020);
#1022=IFCSTYLEDITEM(#1006,(#948),$);
#1023=IFCSHAPEREPRESENTATION(#86,'Body','Clipping',(#1021));
#1024=IFCPRODUCTDEFINITIONSHAPE($,$,(#1001,#1023));
#1025=IFCWALLSTANDARDCASE('00rx_E4Bf4tw0ORMnlC2eQ',#18,'Basiswand:Interior - 126mm Partition (2-hr):293439',$,'Basiswand:Interior - 126mm Partition (2-hr)',#998,#1024,'293439');
#1026=IFCQUANTITYLENGTH('Height',$,$,3.2100000000000022);
#1027=IFCQUANTITYLENGTH('Length',$,$,10.064);
#1028=IFCQUANTITYLENGTH('Width',$,$,0.12799999999999997);
#1029=IFCQUANTITYAREA('GrossFootprintArea',$,$,1.2881919999999905);
#1030=IFCQUANTITYVOLUME('GrossVolume',$,$,3.476959872000001);
#1031=IFCQUANTITYAREA('GrossSideArea',$,$,27.163749000000013);
#1032=IFCQUANTITYAREA('NetSideArea',$,$,27.163749000000024);
#1033=IFCQUANTITYVOLUME('NetVolume',$,$,3.476959872000005);
#1034=IFCELEMENTQUANTITY('0XsB46shIJyP5texTitjZg',#18,'BaseQuantities',$,$,(#1026,#1027,#1028,#1029,#1030,#1031,#1032,#1033));
#1035=IFCRELDEFINESBYPROPERTIES('0EUSM_GWsHB8hwLyJKLnYq',#18,$,$,(#1025),#1034);
#1036=IFCPROPERTYSET('1seDMClccj0Fia5EWr0opI',#18,'Pset_QuantityTakeOff',$,(#984));
#1037=IFCPROPERTYSINGLEVALUE('Reference',$,IFCLABEL('Interior - 126mm Partition (2-hr)'),$);
#1038=IFCPROPERTYSET('1wcY9KBI5F5CXr9QW8g3S7',#18,'Pset_ReinforcementBarPitchOfWall',$,(#1037));
#1039=IFCPROPERTYSET('1uhf4QmuHGnBUxnJ7V1G8U',#18,'Pset_WallCommon',$,(#256,#984,#988,#989));
#1040=IFCRELDEFINESBYPROPERTIES('3Go2QlLsr0YmSMDKbuegtF',#18,$,$,(#1025),#1036);
#1041=IFCRELDEFINESBYPROPERTIES('1vKufR1kR31LUFNOSil2Xf',#18,$,$,(#1025),#1038);
#1042=IFCRELDEFINESBYPROPERTIES('36TPxHmm0Q0qGvqMIG9C0m',#18,$,$,(#1025),#1039);
#1043=IFCCARTESIANPOINT((5.1000000000001213,6.3750000000099636,0.));
#1044=IFCAXIS2PLACEMENT3D(#1043,#9,#7);
#1045=IFCLOCALPLACEMENT(#108,#1044);
#1046=IFCCARTESIANPOINT((6.2000000000000322,0.));
#1047=IFCPOLYLINE((#4,#1046));
#1048=IFCSHAPEREPRESENTATION(#85,'Axis','Curve2D',(#1047));
#1049=IFCCARTESIANPOINT((3.1000000000000161,-5.2735593669694936E-16));
#1050=IFCAXIS2PLACEMENT2D(#1049,#11);
#1051=IFCRECTANGLEPROFILEDEF(.AREA.,$,#1050,6.2000000000000322,0.12799999999999906);
#1052=IFCAXIS2PLACEMENT3D(#3,$,$);
#1053=IFCEXTRUDEDAREASOLID(#1051,#1052,#9,3.2100000000000022);
#1054=IFCCARTESIANPOINT((6.2000000000000322,0.));
#1055=IFCCARTESIANPOINT((6.2000000000000313,0.12799999999999909));
#1056=IFCCARTESIANPOINT((0.,0.12800000000000014));
#1057=IFCPOLYLINE((#4,#1054,#1055,#1056,#4));
#1058=IFCCARTESIANPOINT((0.,-0.064000000000000307,3.2100000000000022));
#1059=IFCAXIS2PLACEMENT3D(#1058,#10,#5);
#1060=IFCPLANE(#1059);
#1061=IFCCARTESIANPOINT((0.,-0.064000000000000307,3.2100000000000022));
#1062=IFCAXIS2PLACEMENT3D(#1061,$,$);
#1063=IFCPOLYGONALBOUNDEDHALFSPACE(#1060,.T.,#1062,#1057);
#1064=IFCBOOLEANCLIPPINGRESULT(.DIFFERENCE.,#1053,#1063);
#1065=IFCSTYLEDITEM(#1053,(#948),$);
#1066=IFCSHAPEREPRESENTATION(#86,'Body','Clipping',(#1064));
#1067=IFCPRODUCTDEFINITIONSHAPE($,$,(#1048,#1066));
#1068=IFCWALLSTANDARDCASE('00rx_E4Bf4tw0ORMnlC2fb',#18,'Basiswand:Interior - 126mm Partition (2-hr):293440',$,'Basiswand:Interior - 126mm Partition (2-hr)',#1045,#1067,'293440');
#1069=IFCQUANTITYLENGTH('Height',$,$,3.2100000000000022);
#1070=IFCQUANTITYLENGTH('Length',$,$,6.2000000000000322);
#1071=IFCQUANTITYLENGTH('Width',$,$,0.12799999999999997);
#1072=IFCQUANTITYAREA('GrossFootprintArea',$,$,0.7935999999999982);
#1073=IFCQUANTITYVOLUME('GrossVolume',$,$,2.2743040000000132);
#1074=IFCQUANTITYAREA('GrossSideArea',$,$,17.768000000000107);
#1075=IFCQUANTITYAREA('NetSideArea',$,$,17.768000000000107);
#1076=IFCQUANTITYVOLUME('NetVolume',$,$,2.2743040000000168);
#1077=IFCELEMENTQUANTITY('2sgVsH3I_f0lxOyNuNIm44',#18,'BaseQuantities',$,$,(#1069,#1070,#1071,#1072,#1073,#1074,#1075,#1076));
#1078=IFCRELDEFINESBYPROPERTIES('2i_EHuzKpICCmgyH$m$OSX',#18,$,$,(#1068),#1077);
#1079=IFCMATERIALLAYERSETUSAGE(#981,.AXIS2.,.NEGATIVE.,0.063999999999999987);
#1080=IFCPROPERTYSET('3qZi2Y00DQEjOJJsWQ2JmD',#18,'Pset_QuantityTakeOff',$,(#984));
#1081=IFCPROPERTYSINGLEVALUE('Reference',$,IFCLABEL('Interior - 126mm Partition (2-hr)'),$);
#1082=IFCPROPERTYSET('1b4TrCY$l1gfMBatPOM9g4',#18,'Pset_ReinforcementBarPitchOfWall',$,(#1081));
#1083=IFCPROPERTYSET('1CXOhSDxqQNwiAtQ7N4UKr',#18,'Pset_WallCommon',$,(#256,#984,#988,#989));
#1084=IFCRELDEFINESBYPROPERTIES('1d554kqPvbCbBDUfngI8P$',#18,$,$,(#1068),#1080);
#1085=IFCRELDEFINESBYPROPERTIES('2YKjppCH237xcekgGx$ZsT',#18,$,$,(#1068),#1082);
#1086=IFCRELDEFINESBYPROPERTIES('0NUhg7ZggoTDIer8fBlL9G',#18,$,$,(#1068),#1083);
#1087=IFCCARTESIANPOINT((12.100000000000126,7.9500000000099398,0.));
#1088=IFCAXIS2PLACEMENT3D(#1087,#9,#7);
#1089=IFCLOCALPLACEMENT(#108,#1088);
#1090=IFCCARTESIANPOINT((3.5000000000000013,-0.));
#1091=IFCPOLYLINE((#4,#1090));
#1092=IFCSHAPEREPRESENTATION(#85,'Axis','Curve2D',(#1091));
#1093=IFCCARTESIANPOINT((1.7500000000000007,0.));
#1094=IFCAXIS2PLACEMENT2D(#1093,#12);
#1095=IFCRECTANGLEPROFILEDEF(.AREA.,$,#1094,3.5000000000000013,0.12800000000000122);
#1096=IFCAXIS2PLACEMENT3D(#3,$,$);
#1097=IFCEXTRUDEDAREASOLID(#1095,#1096,#9,3.2100000000000022);
#1098=IFCCARTESIANPOINT((3.5000000000000013,0.));
#1099=IFCCARTESIANPOINT((3.5000000000000013,0.12799999999999906));
#1100=IFCCARTESIANPOINT((0.,0.12799999999999906));
#1101=IFCPOLYLINE((#4,#1098,#1099,#1100,#4));
#1102=IFCCARTESIANPOINT((0.,-0.063999999999998849,3.2100000000000022));
#1103=IFCAXIS2PLACEMENT3D(#1102,#10,#5);
#1104=IFCPLANE(#1103);
#1105=IFCCARTESIANPOINT((0.,-0.063999999999998849,3.2100000000000022));
#1106=IFCAXIS2PLACEMENT3D(#1105,$,$);
#1107=IFCPOLYGONALBOUNDEDHALFSPACE(#1104,.T.,#1106,#1101);
#1108=IFCBOOLEANCLIPPINGRESULT(.DIFFERENCE.,#1097,#1107);
#1109=IFCSTYLEDITEM(#1097,(#948),$);
#1110=IFCSHAPEREPRESENTATION(#86,'Body','Clipping',(#1108));
#1111=IFCPRODUCTDEFINITIONSHAPE($,$,(#1092,#1110));
#1112=IFCWALLSTANDARDCASE('00rx_E4Bf4tw0ORMnlC2fa',#18,'Basiswand:Interior - 126mm Partition (2-hr):293441',$,'Basiswand:Interior - 126mm Partition (2-hr)',#1089,#1111,'293441');
#1113=IFCQUANTITYLENGTH('Height',$,$,3.2100000000000022);
#1114=IFCQUANTITYLENGTH('Length',$,$,3.5000000000000013);
#1115=IFCQUANTITYLENGTH('Width',$,$,0.12799999999999997);
#1116=IFCQUANTITYAREA('GrossFootprintArea',$,$,0.44800000000000445);
#1117=IFCQUANTITYVOLUME('GrossVolume',$,$,1.4380800000000007);
#1118=IFCQUANTITYAREA('GrossSideArea',$,$,11.235000000000008);
#1119=IFCQUANTITYAREA('NetSideArea',$,$,11.23500000000001);
#1120=IFCQUANTITYVOLUME('NetVolume',$,$,1.4380799999999949);
#1121=IFCELEMENTQUANTITY('0pYMj4CEktcikXH7iyf0L7',#18,'BaseQuantities',$,$,(#1113,#1114,#1115,#1116,#1117,#1118,#1119,#1120));
#1122=IFCRELDEFINESBYPROPERTIES('0puLVMti7GqzcaZWAvH_SN',#18,$,$,(#1112),#1121);
#1123=IFCPROPERTYSET('3WBlSf9uCTyPDg0rggnmx$',#18,'Pset_QuantityTakeOff',$,(#984));
#1124=IFCPROPERTYSINGLEVALUE('Reference',$,IFCLABEL('Interior - 126mm Partition (2-hr)'),$);
#1125=IFCPROPERTYSET('0XTwoh9ApUc4Ywdqsk085A',#18,'Pset_ReinforcementBarPitchOfWall',$,(#1124));
#1126=IFCPROPERTYSET('3HvDvCahHnbHpvNk0M_Sph',#18,'Pset_WallCommon',$,(#256,#984,#988,#989));
#1127=IFCRELDEFINESBYPROPERTIES('09dNFhcKe_5ihWHgnonaLB',#18,$,$,(#1112),#1123);
#1128=IFCRELDEFINESBYPROPERTIES('1GSPYEOW4yAO_zeMKT5_ew',#18,$,$,(#1112),#1125);
#1129=IFCRELDEFINESBYPROPERTIES('1r40AlNlVqv_JoMW8qW70_',#18,$,$,(#1112),#1126);
#1130=IFCCARTESIANPOINT((1.7889999999999995,7.7530000000099761,0.));
#1131=IFCAXIS2PLACEMENT3D(#1130,#9,#7);
#1132=IFCLOCALPLACEMENT(#108,#1131);
#1133=IFCCARTESIANPOINT((4.8220000000000196,-0.));
#1134=IFCPOLYLINE((#4,#1133));
#1135=IFCSHAPEREPRESENTATION(#85,'Axis','Curve2D',(#1134));
#1136=IFCCARTESIANPOINT((2.4110000000000098,7.5633943552588789E-16));
#1137=IFCAXIS2PLACEMENT2D(#1136,#11);
#1138=IFCRECTANGLEPROFILEDEF(.AREA.,$,#1137,4.8220000000000196,0.12799999999999961);
#1139=IFCAXIS2PLACEMENT3D(#3,$,$);
#1140=IFCEXTRUDEDAREASOLID(#1138,#1139,#9,3.2100000000000022);
#1141=IFCCARTESIANPOINT((4.8220000000000196,-0.));
#1142=IFCCARTESIANPOINT((4.8220000000000196,0.12800000000000084));
#1143=IFCCARTESIANPOINT((0.,0.12799999999999989));
#1144=IFCPOLYLINE((#4,#1141,#1142,#1143,#4));
#1145=IFCCARTESIANPOINT((0.,-0.063999999999999904,3.2100000000000022));
#1146=IFCAXIS2PLACEMENT3D(#1145,#10,#5);
#1147=IFCPLANE(#1146);
#1148=IFCCARTESIANPOINT((0.,-0.063999999999999904,3.2100000000000022));
#1149=IFCAXIS2PLACEMENT3D(#1148,$,$);
#1150=IFCPOLYGONALBOUNDEDHALFSPACE(#1147,.T.,#1149,#1144);
#1151=IFCBOOLEANCLIPPINGRESULT(.DIFFERENCE.,#1140,#1150);
#1152=IFCSTYLEDITEM(#1140,(#948),$);
#1153=IFCSHAPEREPRESENTATION(#86,'Body','Clipping',(#1151));
#1154=IFCPRODUCTDEFINITIONSHAPE($,$,(#1135,#1153));
#1155=IFCWALLSTANDARDCASE('00rx_E4Bf4tw0ORMnlC2fd',#18,'Basiswand:Interior - 126mm Partition (2-hr):293442',$,'Basiswand:Interior - 126mm Partition (2-hr)',#1132,#1154,'293442');
#1156=IFCQUANTITYLENGTH('Height',$,$,3.2100000000000022);
#1157=IFCQUANTITYLENGTH('Length',$,$,4.8220000000000196);
#1158=IFCQUANTITYLENGTH('Width',$,$,0.12799999999999997);
#1159=IFCQUANTITYAREA('GrossFootprintArea',$,$,0.6172160000000031);
#1160=IFCQUANTITYVOLUME('GrossVolume',$,$,1.7731215360000085);
#1161=IFCQUANTITYAREA('GrossSideArea',$,$,13.852512000000068);
#1162=IFCQUANTITYAREA('NetSideArea',$,$,13.852512000000068);
#1163=IFCQUANTITYVOLUME('NetVolume',$,$,1.7731215360000083);
#1164=IFCELEMENTQUANTITY('3eW9G2hz0drqIX1UAJzwo7',#18,'BaseQuantities',$,$,(#1156,#1157,#1158,#1159,#1160,#1161,#1162,#1163));
#1165=IFCRELDEFINESBYPROPERTIES('3JecBpnQwy_TUfez6vOJZN',#18,$,$,(#1155),#1164);
#1166=IFCPROPERTYSET('2BPSeSGjadf0smam2k4JBQ',#18,'Pset_QuantityTakeOff',$,(#984));
#1167=IFCPROPERTYSINGLEVALUE('Reference',$,IFCLABEL('Interior - 126mm Partition (2-hr)'),$);
#1168=IFCPROPERTYSET('39zRqnxGf2P0ZE5ba6i_GA',#18,'Pset_ReinforcementBarPitchOfWall',$,(#1167));
#1169=IFCPROPERTYSET('32kBl9ics5xlztLFjv8HcG',#18,'Pset_WallCommon',$,(#256,#984,#988,#989));
#1170=IFCRELDEFINESBYPROPERTIES('1wS$a5p2o_PrZ2HfKvx8ig',#18,$,$,(#1155),#1166);
#1171=IFCRELDEFINESBYPROPERTIES('0J7IXmzsc6sz8x9viNLWRG',#18,$,$,(#1155),#1168);
#1172=IFCRELDEFINESBYPROPERTIES('2hy4CL7iXRdv7DFI51kVV0',#18,$,$,(#1155),#1169);
#1173=IFCCARTESIANPOINT((2.4999999999999938,-1.3500000000000818,0.));
#1174=IFCAXIS2PLACEMENT3D(#1173,#9,#7);
#1175=IFCLOCALPLACEMENT(#108,#1174);
#1176=IFCCARTESIANPOINT((7.4750000000100556,0.));
#1177=IFCPOLYLINE((#4,#1176));
#1178=IFCSHAPEREPRESENTATION(#85,'Axis','Curve2D',(#1177));
#1179=IFCCARTESIANPOINT((3.7375000000050278,5.5511151231257827E-17));
#1180=IFCAXIS2PLACEMENT2D(#1179,#12);
#1181=IFCRECTANGLEPROFILEDEF(.AREA.,$,#1180,7.4750000000100556,0.12800000000000014);
#1182=IFCAXIS2PLACEMENT3D(#3,$,$);
#1183=IFCEXTRUDEDAREASOLID(#1181,#1182,#9,3.2100000000000022);
#1184=IFCCARTESIANPOINT((1.4750000000000776,0.));
#1185=IFCCARTESIANPOINT((7.4750000000100538,0.));
#1186=IFCCARTESIANPOINT((7.4750000000100556,0.12800000000000078));
#1187=IFCCARTESIANPOINT((6.4560000000000777,0.12800000000000022));
#1188=IFCCARTESIANPOINT((6.3280000000000776,0.12800000000000028));
#1189=IFCCARTESIANPOINT((4.3280000000000776,0.12800000000000034));
#1190=IFCCARTESIANPOINT((4.2000000000000774,0.12800000000000039));
#1191=IFCCARTESIANPOINT((0.,0.12800000000000011));
#1192=IFCPOLYLINE((#4,#1184,#1185,#1186,#1187,#1188,#1189,#1190,#1191,#4));
#1193=IFCCARTESIANPOINT((0.,-0.064000000000000085,3.2100000000000022));
#1194=IFCAXIS2PLACEMENT3D(#1193,#10,#5);
#1195=IFCPLANE(#1194);
#1196=IFCCARTESIANPOINT((0.,-0.064000000000000085,3.2100000000000022));
#1197=IFCAXIS2PLACEMENT3D(#1196,$,$);
#1198=IFCPOLYGONALBOUNDEDHALFSPACE(#1195,.T.,#1197,#1192);
#1199=IFCBOOLEANCLIPPINGRESULT(.DIFFERENCE.,#1183,#1198);
#1200=IFCSTYLEDITEM(#1183,(#948),$);
#1201=IFCSHAPEREPRESENTATION(#86,'Body','Clipping',(#1199));
#1202=IFCPRODUCTDEFINITIONSHAPE($,$,(#1178,#1201));
#1203=IFCWALLSTANDARDCASE('00rx_E4Bf4tw0ORMnlC2fc',#18,'Basiswand:Interior - 126mm Partition (2-hr):293443',$,'Basiswand:Interior - 126mm Partition (2-hr)',#1175,#1202,'293443');
#1204=IFCQUANTITYLENGTH('Height',$,$,3.2100000000000022);
#1205=IFCQUANTITYLENGTH('Length',$,$,7.4750000000100538);
#1206=IFCQUANTITYLENGTH('Width',$,$,0.12799999999999997);
#1207=IFCQUANTITYAREA('GrossFootprintArea',$,$,0.95680000000128806);
#1208=IFCQUANTITYVOLUME('GrossVolume',$,$,2.798176000004132);
#1209=IFCQUANTITYAREA('GrossSideArea',$,$,21.860750000032287);
#1210=IFCQUANTITYAREA('NetSideArea',$,$,21.860750000032287);
#1211=IFCQUANTITYVOLUME('NetVolume',$,$,2.7981760000041351);
#1212=IFCELEMENTQUANTITY('1C$1BbY1uIWCGpIiOkhE0w',#18,'BaseQuantities',$,$,(#1204,#1205,#1206,#1207,#1208,#1209,#1210,#1211));
#1213=IFCRELDEFINESBYPROPERTIES('2f0iQVO9k4Qa4_M_tTPMPG',#18,$,$,(#1203),#1212);
#1214=IFCPROPERTYSET('1zpzxCbO9Aeyc61wTyq1bC',#18,'Pset_QuantityTakeOff',$,(#984));
#1215=IFCPROPERTYSINGLEVALUE('Reference',$,IFCLABEL('Interior - 126mm Partition (2-hr)'),$);
#1216=IFCPROPERTYSET('1EpQgfP4IU8i6xXsAxniTF',#18,'Pset_ReinforcementBarPitchOfWall',$,(#1215));
#1217=IFCPROPERTYSET('0gqa0XXY7__lO4G3tatH5Y',#18,'Pset_WallCommon',$,(#256,#984,#988,#989));
#1218=IFCRELDEFINESBYPROPERTIES('2OkU_ixRfmubY8SxnaMwrk',#18,$,$,(#1203),#1214);
#1219=IFCRELDEFINESBYPROPERTIES('1eBBw54ZvSi877mCKa1lEw',#18,$,$,(#1203),#1216);
#1220=IFCRELDEFINESBYPROPERTIES('1mHRoEw_M$SdhHvZ2LjKHY',#18,$,$,(#1203),#1217);
#1221=IFCCARTESIANPOINT((-2.4110000000000031,-0.12500000000000025,0.));
#1222=IFCAXIS2PLACEMENT3D(#1221,#9,#7);
#1223=IFCLOCALPLACEMENT(#108,#1222);
#1224=IFCCARTESIANPOINT((6.5000000000099876,-0.));
#1225=IFCPOLYLINE((#4,#1224));
#1226=IFCSHAPEREPRESENTATION(#85,'Axis','Curve2D',(#1225));
#1227=IFCCARTESIANPOINT((3.2500000000049938,-2.4286128663675299E-16));
#1228=IFCAXIS2PLACEMENT2D(#1227,#11);
#1229=IFCRECTANGLEPROFILEDEF(.AREA.,$,#1228,6.5000000000099876,0.12799999999999986);
#1230=IFCAXIS2PLACEMENT3D(#3,$,$);
#1231=IFCEXTRUDEDAREASOLID(#1229,#1230,#9,3.2100000000000022);
#1232=IFCCARTESIANPOINT((2.,0.));
#1233=IFCCARTESIANPOINT((2.1280000000000032,-0.));
#1234=IFCCARTESIANPOINT((3.1280000000000032,-0.));
#1235=IFCCARTESIANPOINT((3.2560000000000033,-0.));
#1236=IFCCARTESIANPOINT((5.1030000000000104,-0.));
#1237=IFCCARTESIANPOINT((5.2310000000000105,-0.));
#1238=IFCCARTESIANPOINT((6.5000000000099876,-0.));
#1239=IFCCARTESIANPOINT((6.5000000000099867,0.12799999999999911));
#1240=IFCCARTESIANPOINT((-0.,0.12799999999999989));
#1241=IFCPOLYLINE((#4,#1232,#1233,#1234,#1235,#1236,#1237,#1238,#1239,#1240,#4));
#1242=IFCCARTESIANPOINT((0.,-0.063999999999999738,3.2100000000000022));
#1243=IFCAXIS2PLACEMENT3D(#1242,#10,#5);
#1244=IFCPLANE(#1243);
#1245=IFCCARTESIANPOINT((0.,-0.063999999999999738,3.2100000000000022));
#1246=IFCAXIS2PLACEMENT3D(#1245,$,$);
#1247=IFCPOLYGONALBOUNDEDHALFSPACE(#1244,.T.,#1246,#1241);
#1248=IFCBOOLEANCLIPPINGRESULT(.DIFFERENCE.,#1231,#1247);
#1249=IFCSTYLEDITEM(#1231,(#948),$);
#1250=IFCSHAPEREPRESENTATION(#86,'Body','Clipping',(#1248));
#1251=IFCPRODUCTDEFINITIONSHAPE($,$,(#1226,#1250));
#1252=IFCWALLSTANDARDCASE('00rx_E4Bf4tw0ORMnlC2fX',#18,'Basiswand:Interior - 126mm Partition (2-hr):293444',$,'Basiswand:Interior - 126mm Partition (2-hr)',#1223,#1251,'293444');
#1253=IFCQUANTITYLENGTH('Height',$,$,3.2100000000000022);
#1254=IFCQUANTITYLENGTH('Length',$,$,6.5000000000099876);
#1255=IFCQUANTITYLENGTH('Width',$,$,0.12799999999999997);
#1256=IFCQUANTITYAREA('GrossFootprintArea',$,$,0.83200000000127938);
#1257=IFCQUANTITYVOLUME('GrossVolume',$,$,2.0462945280041049);
#1258=IFCQUANTITYAREA('GrossSideArea',$,$,15.986676000032075);
#1259=IFCQUANTITYAREA('NetSideArea',$,$,15.98667600003207);
#1260=IFCQUANTITYVOLUME('NetVolume',$,$,2.0462945280041049);
#1261=IFCELEMENTQUANTITY('2ZulbSXTqMhNYqpaOOc7VI',#18,'BaseQuantities',$,$,(#1253,#1254,#1255,#1256,#1257,#1258,#1259,#1260));
#1262=IFCRELDEFINESBYPROPERTIES('2W$pLcU5$pv0DLl4eiXxOb',#18,$,$,(#1252),#1261);
#1263=IFCPROPERTYSET('0ZbquhxNydxnHkLlQ4CxTE',#18,'Pset_QuantityTakeOff',$,(#984));
#1264=IFCPROPERTYSINGLEVALUE('Reference',$,IFCLABEL('Interior - 126mm Partition (2-hr)'),$);
#1265=IFCPROPERTYSET('2zcOq_JPd3QuBCBdnjE90J',#18,'Pset_ReinforcementBarPitchOfWall',$,(#1264));
#1266=IFCPROPERTYSET('19McxCqJQwRhGDmqVEridL',#18,'Pset_WallCommon',$,(#256,#984,#988,#989));
#1267=IFCRELDEFINESBYPROPERTIES('0a5_Ry0HrNSPI$YIBNnuij',#18,$,$,(#1252),#1263);
#1268=IFCRELDEFINESBYPROPERTIES('1HD6UduIODeV26RfFFlfvU',#18,$,$,(#1252),#1265);
#1269=IFCRELDEFINESBYPROPERTIES('1btjM8CP8ZxH3mPDUl2999',#18,$,$,(#1252),#1266);
#1270=IFCCARTESIANPOINT((-2.3469999999999951,5.0420000000000114,0.));
#1271=IFCAXIS2PLACEMENT3D(#1270,$,$);
#1272=IFCLOCALPLACEMENT(#108,#1271);
#1273=IFCCARTESIANPOINT((4.7829999999999986,0.));
#1274=IFCPOLYLINE((#4,#1273));
#1275=IFCSHAPEREPRESENTATION(#85,'Axis','Curve2D',(#1274));
#1276=IFCCARTESIANPOINT((2.3914999999999997,0.));
#1277=IFCAXIS2PLACEMENT2D(#1276,#12);
#1278=IFCRECTANGLEPROFILEDEF(.AREA.,$,#1277,4.7829999999999995,0.12799999999999906);
#1279=IFCAXIS2PLACEMENT3D(#3,$,$);
#1280=IFCEXTRUDEDAREASOLID(#1278,#1279,#9,3.2100000000000022);
#1281=IFCCARTESIANPOINT((1.9270000000003469,0.));
#1282=IFCCARTESIANPOINT((2.0550000000003465,0.));
#1283=IFCCARTESIANPOINT((4.7829999999999977,0.));
#1284=IFCCARTESIANPOINT((4.7829999999999977,0.12800000000000014));
#1285=IFCCARTESIANPOINT((3.7609999999999975,0.12800000000000014));
#1286=IFCCARTESIANPOINT((3.6329999999999987,0.12800000000000014));
#1287=IFCCARTESIANPOINT((-0.,0.12800000000000014));
#1288=IFCPOLYLINE((#4,#1281,#1282,#1283,#1284,#1285,#1286,#1287,#4));
#1289=IFCCARTESIANPOINT((0.,-0.064000000000000612,3.2100000000000022));
#1290=IFCAXIS2PLACEMENT3D(#1289,#10,#7);
#1291=IFCPLANE(#1290);
#1292=IFCCARTESIANPOINT((0.,-0.064000000000000612,3.2100000000000022));
#1293=IFCAXIS2PLACEMENT3D(#1292,$,$);
#1294=IFCPOLYGONALBOUNDEDHALFSPACE(#1291,.T.,#1293,#1288);
#1295=IFCBOOLEANCLIPPINGRESULT(.DIFFERENCE.,#1280,#1294);
#1296=IFCSTYLEDITEM(#1280,(#948),$);
#1297=IFCSHAPEREPRESENTATION(#86,'Body','Clipping',(#1295));
#1298=IFCPRODUCTDEFINITIONSHAPE($,$,(#1275,#1297));
#1299=IFCWALLSTANDARDCASE('00rx_E4Bf4tw0ORMnlC2fW',#18,'Basiswand:Interior - 126mm Partition (2-hr):293445',$,'Basiswand:Interior - 126mm Partition (2-hr)',#1272,#1298,'293445');
#1300=IFCQUANTITYLENGTH('Height',$,$,3.2100000000000022);
#1301=IFCQUANTITYLENGTH('Length',$,$,4.7829999999999986);
#1302=IFCQUANTITYLENGTH('Width',$,$,0.12799999999999997);
#1303=IFCQUANTITYAREA('GrossFootprintArea',$,$,0.61222399999999533);
#1304=IFCQUANTITYVOLUME('GrossVolume',$,$,1.9652390399999997);
#1305=IFCQUANTITYAREA('GrossSideArea',$,$,15.353430000000001);
#1306=IFCQUANTITYAREA('NetSideArea',$,$,15.353430000000001);
#1307=IFCQUANTITYVOLUME('NetVolume',$,$,1.9652390400000024);
#1308=IFCELEMENTQUANTITY('2EIic1DDv2QZoNWFrHEd5K',#18,'BaseQuantities',$,$,(#1300,#1301,#1302,#1303,#1304,#1305,#1306,#1307));
#1309=IFCRELDEFINESBYPROPERTIES('2q$l_cb4cOwqMht3_WsqZ0',#18,$,$,(#1299),#1308);
#1310=IFCPROPERTYSET('2rjnJ_$tOfyrZYnPz5CMgh',#18,'Pset_QuantityTakeOff',$,(#984));
#1311=IFCPROPERTYSINGLEVALUE('Reference',$,IFCLABEL('Interior - 126mm Partition (2-hr)'),$);
#1312=IFCPROPERTYSET('2XQspX4LdIZkCi6cpJw6sP',#18,'Pset_ReinforcementBarPitchOfWall',$,(#1311));
#1313=IFCPROPERTYSET('3Z7Mzj4vsK0PG1cPBr7WTA',#18,'Pset_WallCommon',$,(#256,#984,#988,#989));
#1314=IFCRELDEFINESBYPROPERTIES('3XXAy3dvEsAWV9tLZRVJrx',#18,$,$,(#1299),#1310);
#1315=IFCRELDEFINESBYPROPERTIES('1GupSKqvWQjZHpkatUDH6H',#18,$,$,(#1299),#1312);
#1316=IFCRELDEFINESBYPROPERTIES('04kEs2ekGK2uH8QSj8yQY1',#18,$,$,(#1299),#1313);
#1317=IFCCARTESIANPOINT((-0.35599999999964749,4.9780000000000051,0.));
#1318=IFCAXIS2PLACEMENT3D(#1317,#9,#8);
#1319=IFCLOCALPLACEMENT(#108,#1318);
#1320=IFCCARTESIANPOINT((4.8449999999900255,0.));
#1321=IFCPOLYLINE((#4,#1320));
#1322=IFCSHAPEREPRESENTATION(#85,'Axis','Curve2D',(#1321));
#1323=IFCCARTESIANPOINT((2.4224999999950132,-6.9388939039072284E-17));
#1324=IFCAXIS2PLACEMENT2D(#1323,#11);
#1325=IFCRECTANGLEPROFILEDEF(.AREA.,$,#1324,4.8449999999900246,0.12800000000000014);
#1326=IFCAXIS2PLACEMENT3D(#3,$,$);
#1327=IFCEXTRUDEDAREASOLID(#1325,#1326,#9,3.2100000000000022);
#1328=IFCCARTESIANPOINT((1.8470000000000089,0.));
#1329=IFCCARTESIANPOINT((1.9750000000000085,0.));
#1330=IFCCARTESIANPOINT((2.9750000000000081,-0.));
#1331=IFCCARTESIANPOINT((3.1030000000000082,-0.));
#1332=IFCCARTESIANPOINT((4.8449999999900255,0.));
#1333=IFCCARTESIANPOINT((4.8449999999900237,0.128));
#1334=IFCCARTESIANPOINT((2.1279999999999992,0.128));
#1335=IFCCARTESIANPOINT((2.,0.128));
#1336=IFCCARTESIANPOINT((0.,0.128));
#1337=IFCPOLYLINE((#4,#1328,#1329,#1330,#1331,#1332,#1333,#1334,#1335,#1336,#4));
#1338=IFCCARTESIANPOINT((0.,-0.063999999999999974,3.2100000000000022));
#1339=IFCAXIS2PLACEMENT3D(#1338,#10,#6);
#1340=IFCPLANE(#1339);
#1341=IFCCARTESIANPOINT((0.,-0.063999999999999974,3.2100000000000022));
#1342=IFCAXIS2PLACEMENT3D(#1341,$,$);
#1343=IFCPOLYGONALBOUNDEDHALFSPACE(#1340,.T.,#1342,#1337);
#1344=IFCBOOLEANCLIPPINGRESULT(.DIFFERENCE.,#1327,#1343);
#1345=IFCSTYLEDITEM(#1327,(#948),$);
#1346=IFCSHAPEREPRESENTATION(#86,'Body','Clipping',(#1344));
#1347=IFCPRODUCTDEFINITIONSHAPE($,$,(#1322,#1346));
#1348=IFCWALLSTANDARDCASE('00rx_E4Bf4tw0ORMnlC2fZ',#18,'Basiswand:Interior - 126mm Partition (2-hr):293446',$,'Basiswand:Interior - 126mm Partition (2-hr)',#1319,#1347,'293446');
#1349=IFCQUANTITYLENGTH('Height',$,$,3.2100000000000022);
#1350=IFCQUANTITYLENGTH('Length',$,$,4.8449999999900255);
#1351=IFCQUANTITYLENGTH('Width',$,$,0.12799999999999997);
#1352=IFCQUANTITYAREA('GrossFootprintArea',$,$,0.62015999999872318);
#1353=IFCQUANTITYVOLUME('GrossVolume',$,$,1.5744299519959024);
#1354=IFCQUANTITYAREA('GrossSideArea',$,$,12.30023399996799);
#1355=IFCQUANTITYAREA('NetSideArea',$,$,12.300233999967984);
#1356=IFCQUANTITYVOLUME('NetVolume',$,$,1.5744299519959037);
#1357=IFCELEMENTQUANTITY('3WwAhrDzEwhW0Fa3HGZlyb',#18,'BaseQuantities',$,$,(#1349,#1350,#1351,#1352,#1353,#1354,#1355,#1356));
#1358=IFCRELDEFINESBYPROPERTIES('2w4cOuL$94hK1iyiSUsh76',#18,$,$,(#1348),#1357);
#1359=IFCPROPERTYSET('2UOEZBg50CnXnsv31RRIA3',#18,'Pset_QuantityTakeOff',$,(#984));
#1360=IFCPROPERTYSINGLEVALUE('Reference',$,IFCLABEL('Interior - 126mm Partition (2-hr)'),$);
#1361=IFCPROPERTYSET('1hX4LsWGv2W1MBHyYAJl2q',#18,'Pset_ReinforcementBarPitchOfWall',$,(#1360));
#1362=IFCPROPERTYSET('3Uh5WXrct76uwxvjiMm0p$',#18,'Pset_WallCommon',$,(#256,#984,#988,#989));
#1363=IFCRELDEFINESBYPROPERTIES('0dksaSowDVkf7WkbJdh1u8',#18,$,$,(#1348),#1359);
#1364=IFCRELDEFINESBYPROPERTIES('0vCGGyPbG6aRPFdLzjawL1',#18,$,$,(#1348),#1361);
#1365=IFCRELDEFINESBYPROPERTIES('2WschB$9JZKTsSDv_XP3Up',#18,$,$,(#1348),#1362);
#1366=IFCCARTESIANPOINT((-2.3469999999999982,3.0670000000000033,0.));
#1367=IFCAXIS2PLACEMENT3D(#1366,$,$);
#1368=IFCLOCALPLACEMENT(#108,#1367);
#1369=IFCCARTESIANPOINT((1.9270000000003478,-0.));
#1370=IFCPOLYLINE((#4,#1369));
#1371=IFCSHAPEREPRESENTATION(#85,'Axis','Curve2D',(#1370));
#1372=IFCCARTESIANPOINT((0.96350000000017388,-4.163336342344337E-17));
#1373=IFCAXIS2PLACEMENT2D(#1372,#12);
#1374=IFCRECTANGLEPROFILEDEF(.AREA.,$,#1373,1.9270000000003478,0.12800000000000011);
#1375=IFCAXIS2PLACEMENT3D(#3,$,$);
#1376=IFCEXTRUDEDAREASOLID(#1374,#1375,#9,3.2100000000000022);
#1377=IFCCARTESIANPOINT((1.9270000000003475,-0.));
#1378=IFCCARTESIANPOINT((1.9270000000003471,0.12799999999999961));
#1379=IFCCARTESIANPOINT((0.,0.12800000000000017));
#1380=IFCPOLYLINE((#4,#1377,#1378,#1379,#4));
#1381=IFCCARTESIANPOINT((0.,-0.064000000000000071,3.2100000000000022));
#1382=IFCAXIS2PLACEMENT3D(#1381,#10,#7);
#1383=IFCPLANE(#1382);
#1384=IFCCARTESIANPOINT((0.,-0.064000000000000071,3.2100000000000022));
#1385=IFCAXIS2PLACEMENT3D(#1384,$,$);
#1386=IFCPOLYGONALBOUNDEDHALFSPACE(#1383,.T.,#1385,#1380);
#1387=IFCBOOLEANCLIPPINGRESULT(.DIFFERENCE.,#1376,#1386);
#1388=IFCSTYLEDITEM(#1376,(#948),$);
#1389=IFCSHAPEREPRESENTATION(#86,'Body','Clipping',(#1387));
#1390=IFCPRODUCTDEFINITIONSHAPE($,$,(#1371,#1389));
#1391=IFCWALLSTANDARDCASE('00rx_E4Bf4tw0ORMnlC2fY',#18,'Basiswand:Interior - 126mm Partition (2-hr):293447',$,'Basiswand:Interior - 126mm Partition (2-hr)',#1368,#1390,'293447');
#1392=IFCQUANTITYLENGTH('Height',$,$,3.2100000000000022);
#1393=IFCQUANTITYLENGTH('Length',$,$,1.9270000000003478);
#1394=IFCQUANTITYLENGTH('Width',$,$,0.12799999999999997);
#1395=IFCQUANTITYAREA('GrossFootprintArea',$,$,0.24665600000004481);
#1396=IFCQUANTITYVOLUME('GrossVolume',$,$,0.79176576000014287);
#1397=IFCQUANTITYAREA('GrossSideArea',$,$,6.1856700000011173);
#1398=IFCQUANTITYAREA('NetSideArea',$,$,6.1856700000011173);
#1399=IFCQUANTITYVOLUME('NetVolume',$,$,0.79176576000014287);
#1400=IFCELEMENTQUANTITY('1T1T9MpZ8QXQHAt2gthYSP',#18,'BaseQuantities',$,$,(#1392,#1393,#1394,#1395,#1396,#1397,#1398,#1399));
#1401=IFCRELDEFINESBYPROPERTIES('2H_xloSv_yCmZycWPTfNwT',#18,$,$,(#1391),#1400);
#1402=IFCPROPERTYSET('3oGMbV70A$VXvlA5tCXW8l',#18,'Pset_QuantityTakeOff',$,(#984));
#1403=IFCPROPERTYSINGLEVALUE('Reference',$,IFCLABEL('Interior - 126mm Partition (2-hr)'),$);
#1404=IFCPROPERTYSET('1oTc1x1v8vZX8kv5F0cem9',#18,'Pset_ReinforcementBarPitchOfWall',$,(#1403));
#1405=IFCPROPERTYSET('28wIqqK5IdZjjkIQh$$rFH',#18,'Pset_WallCommon',$,(#256,#984,#988,#989));
#1406=IFCRELDEFINESBYPROPERTIES('2nJ12kYpZ1fMiP8lrlsSaP',#18,$,$,(#1391),#1402);
#1407=IFCRELDEFINESBYPROPERTIES('01D1bRTnYT5ltkZ8kUyCm3',#18,$,$,(#1391),#1404);
#1408=IFCRELDEFINESBYPROPERTIES('0Lwo4eNia$do6MofmrpHxB',#18,$,$,(#1391),#1405);
#1409=IFCCARTESIANPOINT((-2.347,1.9390000000000034,0.));
#1410=IFCAXIS2PLACEMENT3D(#1409,$,$);
#1411=IFCLOCALPLACEMENT(#108,#1410);
#1412=IFCCARTESIANPOINT((1.9270000000003478,0.));
#1413=IFCPOLYLINE((#4,#1412));
#1414=IFCSHAPEREPRESENTATION(#85,'Axis','Curve2D',(#1413));
#1415=IFCCARTESIANPOINT((0.96350000000017388,-4.163336342344337E-17));
#1416=IFCAXIS2PLACEMENT2D(#1415,#12);
#1417=IFCRECTANGLEPROFILEDEF(.AREA.,$,#1416,1.9270000000003478,0.12800000000000011);
#1418=IFCAXIS2PLACEMENT3D(#3,$,$);
#1419=IFCEXTRUDEDAREASOLID(#1417,#1418,#9,3.2100000000000022);
#1420=IFCCARTESIANPOINT((1.9270000000003475,0.));
#1421=IFCCARTESIANPOINT((1.9270000000003473,0.12799999999999986));
#1422=IFCCARTESIANPOINT((-0.,0.12799999999999986));
#1423=IFCPOLYLINE((#4,#1420,#1421,#1422,#4));
#1424=IFCCARTESIANPOINT((0.,-0.063999999999999793,3.2100000000000022));
#1425=IFCAXIS2PLACEMENT3D(#1424,#10,#7);
#1426=IFCPLANE(#1425);
#1427=IFCCARTESIANPOINT((0.,-0.063999999999999793,3.2100000000000022));
#1428=IFCAXIS2PLACEMENT3D(#1427,$,$);
#1429=IFCPOLYGONALBOUNDEDHALFSPACE(#1426,.T.,#1428,#1423);
#1430=IFCBOOLEANCLIPPINGRESULT(.DIFFERENCE.,#1419,#1429);
#1431=IFCSTYLEDITEM(#1419,(#948),$);
#1432=IFCSHAPEREPRESENTATION(#86,'Body','Clipping',(#1430));
#1433=IFCPRODUCTDEFINITIONSHAPE($,$,(#1414,#1432));
#1434=IFCWALLSTANDARDCASE('00rx_E4Bf4tw0ORMnlC2fj',#18,'Basiswand:Interior - 126mm Partition (2-hr):293448',$,'Basiswand:Interior - 126mm Partition (2-hr)',#1411,#1433,'293448');
#1435=IFCQUANTITYLENGTH('Height',$,$,3.2100000000000022);
#1436=IFCQUANTITYLENGTH('Length',$,$,1.9270000000003478);
#1437=IFCQUANTITYLENGTH('Width',$,$,0.12799999999999997);
#1438=IFCQUANTITYAREA('GrossFootprintArea',$,$,0.24665600000004476);
#1439=IFCQUANTITYVOLUME('GrossVolume',$,$,0.79176576000014287);
#1440=IFCQUANTITYAREA('GrossSideArea',$,$,6.1856700000011173);
#1441=IFCQUANTITYAREA('NetSideArea',$,$,6.1856700000011182);
#1442=IFCQUANTITYVOLUME('NetVolume',$,$,0.79176576000014132);
#1443=IFCELEMENTQUANTITY('37rhmIWv_GPQy3pnArgo0M',#18,'BaseQuantities',$,$,(#1435,#1436,#1437,#1438,#1439,#1440,#1441,#1442));
#1444=IFCRELDEFINESBYPROPERTIES('1xXkpzQRshZbpDWTBu9X5Y',#18,$,$,(#1434),#1443);
#1445=IFCPROPERTYSET('22bxNClCuqNhq$8XHWMQMS',#18,'Pset_QuantityTakeOff',$,(#984));
#1446=IFCPROPERTYSINGLEVALUE('Reference',$,IFCLABEL('Interior - 126mm Partition (2-hr)'),$);
#1447=IFCPROPERTYSET('2sLHBXIz31o1DXNHb_o7Qd',#18,'Pset_ReinforcementBarPitchOfWall',$,(#1446));
#1448=IFCPROPERTYSET('1$A3NJnXTUFJ9UebjDgPyz',#18,'Pset_WallCommon',$,(#256,#984,#988,#989));
#1449=IFCRELDEFINESBYPROPERTIES('2MAthhufBB0E58tbgE3MoJ',#18,$,$,(#1434),#1445);
#1450=IFCRELDEFINESBYPROPERTIES('1ixHoWkFuUe87guYSeIKlb',#18,$,$,(#1434),#1447);
#1451=IFCRELDEFINESBYPROPERTIES('0bhBY1RzObEg$o8tJCro3O',#18,$,$,(#1434),#1448);
#1452=IFCCARTESIANPOINT((-0.29199999999965121,2.914000000000005,0.));
#1453=IFCAXIS2PLACEMENT3D(#1452,$,$);
#1454=IFCLOCALPLACEMENT(#108,#1453);
#1455=IFCCARTESIANPOINT((2.7279999999996516,0.));
#1456=IFCPOLYLINE((#4,#1455));
#1457=IFCSHAPEREPRESENTATION(#85,'Axis','Curve2D',(#1456));
#1458=IFCCARTESIANPOINT((1.3639999999998258,0.));
#1459=IFCAXIS2PLACEMENT2D(#1458,#12);
#1460=IFCRECTANGLEPROFILEDEF(.AREA.,$,#1459,2.7279999999996516,0.12800000000000014);
#1461=IFCAXIS2PLACEMENT3D(#3,$,$);
#1462=IFCEXTRUDEDAREASOLID(#1460,#1461,#9,3.2100000000000022);
#1463=IFCCARTESIANPOINT((2.7279999999996511,0.));
#1464=IFCCARTESIANPOINT((2.7279999999996511,0.12800000000000014));
#1465=IFCCARTESIANPOINT((0.,0.12800000000000014));
#1466=IFCPOLYLINE((#4,#1463,#1464,#1465,#4));
#1467=IFCCARTESIANPOINT((0.,-0.064000000000000071,3.2100000000000022));
#1468=IFCAXIS2PLACEMENT3D(#1467,#10,#7);
#1469=IFCPLANE(#1468);
#1470=IFCCARTESIANPOINT((0.,-0.064000000000000071,3.2100000000000022));
#1471=IFCAXIS2PLACEMENT3D(#1470,$,$);
#1472=IFCPOLYGONALBOUNDEDHALFSPACE(#1469,.T.,#1471,#1466);
#1473=IFCBOOLEANCLIPPINGRESULT(.DIFFERENCE.,#1462,#1472);
#1474=IFCSTYLEDITEM(#1462,(#948),$);
#1475=IFCSHAPEREPRESENTATION(#86,'Body','Clipping',(#1473));
#1476=IFCPRODUCTDEFINITIONSHAPE($,$,(#1457,#1475));
#1477=IFCWALLSTANDARDCASE('00rx_E4Bf4tw0ORMnlC2fi',#18,'Basiswand:Interior - 126mm Partition (2-hr):293449',$,'Basiswand:Interior - 126mm Partition (2-hr)',#1454,#1476,'293449');
#1478=IFCQUANTITYLENGTH('Height',$,$,3.2100000000000022);
#1479=IFCQUANTITYLENGTH('Length',$,$,2.7279999999996516);
#1480=IFCQUANTITYLENGTH('Width',$,$,0.12799999999999997);
#1481=IFCQUANTITYAREA('GrossFootprintArea',$,$,0.34918399999995581);
#1482=IFCQUANTITYVOLUME('GrossVolume',$,$,1.120880639999857);
#1483=IFCQUANTITYAREA('GrossSideArea',$,$,8.7568799999988851);
#1484=IFCQUANTITYAREA('NetSideArea',$,$,8.7568799999988833);
#1485=IFCQUANTITYVOLUME('NetVolume',$,$,1.1208806399998583);
#1486=IFCELEMENTQUANTITY('1Ub6xYwSw6tQ7s2O4i4tCF',#18,'BaseQuantities',$,$,(#1478,#1479,#1480,#1481,#1482,#1483,#1484,#1485));
#1487=IFCRELDEFINESBYPROPERTIES('0nEux4nDTYjyq4VfGwKT0B',#18,$,$,(#1477),#1486);
#1488=IFCPROPERTYSET('0lsCM3AgDNSD7OyaP1Rtio',#18,'Pset_QuantityTakeOff',$,(#984));
#1489=IFCPROPERTYSINGLEVALUE('Reference',$,IFCLABEL('Interior - 126mm Partition (2-hr)'),$);
#1490=IFCPROPERTYSET('1rVGGufiUaGgVtaX9HD$ys',#18,'Pset_ReinforcementBarPitchOfWall',$,(#1489));
#1491=IFCPROPERTYSET('2lQNAxXxBIyxX6ydP5Gdvn',#18,'Pset_WallCommon',$,(#256,#984,#988,#989));
#1492=IFCRELDEFINESBYPROPERTIES('0DrnfTv59jq7xK5O_LFvKT',#18,$,$,(#1477),#1488);
#1493=IFCRELDEFINESBYPROPERTIES('0NNOEsdZ87Q4PjU8a4sdii',#18,$,$,(#1477),#1490);
#1494=IFCRELDEFINESBYPROPERTIES('2p$6RB$627nsJyfpb9OOsf',#18,$,$,(#1477),#1491);
#1495=IFCCARTESIANPOINT((16.475000000000005,-1.4140000000001267,0.));
#1496=IFCAXIS2PLACEMENT3D(#1495,#9,#6);
#1497=IFCLOCALPLACEMENT(#108,#1496);
#1498=IFCCARTESIANPOINT((21.45000000000001,-0.));
#1499=IFCPOLYLINE((#4,#1498));
#1500=IFCSHAPEREPRESENTATION(#85,'Axis','Curve2D',(#1499));
#1501=IFCCARTESIANPOINT((10.725000000000005,-6.2450045135165055E-17));
#1502=IFCAXIS2PLACEMENT2D(#1501,#12);
#1503=IFCRECTANGLEPROFILEDEF(.AREA.,$,#1502,21.45000000000001,0.12800000000000014);
#1504=IFCAXIS2PLACEMENT3D(#3,$,$);
#1505=IFCEXTRUDEDAREASOLID(#1503,#1504,#9,3.2100000000000022);
#1506=IFCCARTESIANPOINT((13.91100000000001,-0.));
#1507=IFCCARTESIANPOINT((14.03900000000001,0.));
#1508=IFCCARTESIANPOINT((21.45000000000001,-0.));
#1509=IFCCARTESIANPOINT((21.450000000000014,0.12799999999999959));
#1510=IFCCARTESIANPOINT((19.406000000000009,0.12799999999999986));
#1511=IFCCARTESIANPOINT((19.278000000000009,0.12799999999999959));
#1512=IFCCARTESIANPOINT((16.538999999999877,0.12799999999999986));
#1513=IFCCARTESIANPOINT((16.410999999999881,0.12799999999999986));
#1514=IFCCARTESIANPOINT((13.870403701096398,0.12799999999999986));
#1515=IFCCARTESIANPOINT((13.742403701096398,0.12799999999999959));
#1516=IFCCARTESIANPOINT((12.638999999999777,0.12799999999999959));
#1517=IFCCARTESIANPOINT((12.510999999999777,0.12799999999999986));
#1518=IFCCARTESIANPOINT((11.438999999999879,0.12799999999999986));
#1519=IFCCARTESIANPOINT((11.310999999999877,0.12799999999999959));
#1520=IFCCARTESIANPOINT((10.238999999999205,0.12799999999999986));
#1521=IFCCARTESIANPOINT((10.110999999999205,0.12799999999999986));
#1522=IFCCARTESIANPOINT((9.0974543347498784,0.12799999999999986));
#1523=IFCCARTESIANPOINT((8.9694543347498765,0.12799999999999986));
#1524=IFCCARTESIANPOINT((6.3389999999998734,0.12799999999999959));
#1525=IFCCARTESIANPOINT((6.2109999999998768,0.12799999999999986));
#1526=IFCCARTESIANPOINT((3.5805456652491023,0.12799999999999959));
#1527=IFCCARTESIANPOINT((3.4525456652491009,0.12799999999999986));
#1528=IFCCARTESIANPOINT((1.8749999999998375,0.12799999999999986));
#1529=IFCCARTESIANPOINT((1.7469999999998385,0.12799999999999986));
#1530=IFCCARTESIANPOINT((0.,0.12799999999999986));
#1531=IFCPOLYLINE((#4,#1506,#1507,#1508,#1509,#1510,#1511,#1512,#1513,#1514,#1515,#1516,#1517,#1518,#1519,#1520,#1521,#1522,#1523,#1524,#1525,#1526,#1527,#1528,#1529,#1530,#4));
#1532=IFCCARTESIANPOINT((-0.,-0.063999999999999793,3.2100000000000022));
#1533=IFCAXIS2PLACEMENT3D(#1532,#10,#8);
#1534=IFCPLANE(#1533);
#1535=IFCCARTESIANPOINT((-0.,-0.063999999999999793,3.2100000000000022));
#1536=IFCAXIS2PLACEMENT3D(#1535,$,$);
#1537=IFCPOLYGONALBOUNDEDHALFSPACE(#1534,.T.,#1536,#1531);
#1538=IFCBOOLEANCLIPPINGRESULT(.DIFFERENCE.,#1505,#1537);
#1539=IFCSTYLEDITEM(#1505,(#948),$);
#1540=IFCSHAPEREPRESENTATION(#86,'Body','Clipping',(#1538));
#1541=IFCPRODUCTDEFINITIONSHAPE($,$,(#1500,#1540));
#1542=IFCWALLSTANDARDCASE('00rx_E4Bf4tw0ORMnlC2fl',#18,'Basiswand:Interior - 126mm Partition (2-hr):293450',$,'Basiswand:Interior - 126mm Partition (2-hr)',#1497,#1541,'293450');
#1543=IFCQUANTITYLENGTH('Height',$,$,3.2100000000000022);
#1544=IFCQUANTITYLENGTH('Length',$,$,21.45000000000001);
#1545=IFCQUANTITYLENGTH('Width',$,$,0.12799999999999997);
#1546=IFCQUANTITYAREA('GrossFootprintArea',$,$,2.7456000000000036);
#1547=IFCQUANTITYVOLUME('GrossVolume',$,$,7.8459648000000053);
#1548=IFCQUANTITYAREA('GrossSideArea',$,$,61.296600000000055);
#1549=IFCQUANTITYAREA('NetSideArea',$,$,61.296600000000062);
#1550=IFCQUANTITYVOLUME('NetVolume',$,$,7.8459648000000088);
#1551=IFCELEMENTQUANTITY('3h8mkydN4FTqiphcs1n9ox',#18,'BaseQuantities',$,$,(#1543,#1544,#1545,#1546,#1547,#1548,#1549,#1550));
#1552=IFCRELDEFINESBYPROPERTIES('1GpX7VlyBx8RaZWcr8W0sf',#18,$,$,(#1542),#1551);
#1553=IFCPROPERTYSET('2SIZhb8l4cEjF7OLgVNVUu',#18,'Pset_QuantityTakeOff',$,(#984));
#1554=IFCPROPERTYSINGLEVALUE('Reference',$,IFCLABEL('Interior - 126mm Partition (2-hr)'),$);
#1555=IFCPROPERTYSET('1XPIZHyqZAJVc0Whnl6oRe',#18,'Pset_ReinforcementBarPitchOfWall',$,(#1554));
#1556=IFCPROPERTYSET('2NGjymUcbEdIqSk_b_Q5qo',#18,'Pset_WallCommon',$,(#256,#984,#988,#989));
#1557=IFCRELDEFINESBYPROPERTIES('1Bkk0SCn$PUIGLOOm7EluW',#18,$,$,(#1542),#1553);
#1558=IFCRELDEFINESBYPROPERTIES('1wfr0tagLOMqdvNPMx_65N',#18,$,$,(#1542),#1555);
#1559=IFCRELDEFINESBYPROPERTIES('0Grf_gPef9C9PY$PvuPY7e',#18,$,$,(#1542),#1556);
#1560=IFCCARTESIANPOINT((-5.0390000000000059,-0.12500000000000072,0.));
#1561=IFCAXIS2PLACEMENT3D(#1560,#9,#8);
#1562=IFCLOCALPLACEMENT(#108,#1561);
#1563=IFCCARTESIANPOINT((2.0720000000000027,-0.));
#1564=IFCPOLYLINE((#4,#1563));
#1565=IFCSHAPEREPRESENTATION(#85,'Axis','Curve2D',(#1564));
#1566=IFCCARTESIANPOINT((1.0360000000000014,-4.8572257327350599E-17));
#1567=IFCAXIS2PLACEMENT2D(#1566,#12);
#1568=IFCRECTANGLEPROFILEDEF(.AREA.,$,#1567,2.0720000000000027,0.12799999999999906);
#1569=IFCAXIS2PLACEMENT3D(#3,$,$);
#1570=IFCEXTRUDEDAREASOLID(#1568,#1569,#9,3.2100000000000022);
#1571=IFCCARTESIANPOINT((2.0720000000000027,-0.));
#1572=IFCCARTESIANPOINT((2.0720000000000027,0.12800000000000006));
#1573=IFCCARTESIANPOINT((1.3530000000000566,0.12800000000000006));
#1574=IFCCARTESIANPOINT((1.2250000000000565,0.12799999999999986));
#1575=IFCCARTESIANPOINT((-0.,0.12800000000000011));
#1576=IFCPOLYLINE((#4,#1571,#1572,#1573,#1574,#1575,#4));
#1577=IFCCARTESIANPOINT((0.,-0.064000000000000432,3.2100000000000022));
#1578=IFCAXIS2PLACEMENT3D(#1577,#10,#6);
#1579=IFCPLANE(#1578);
#1580=IFCCARTESIANPOINT((0.,-0.064000000000000432,3.2100000000000022));
#1581=IFCAXIS2PLACEMENT3D(#1580,$,$);
#1582=IFCPOLYGONALBOUNDEDHALFSPACE(#1579,.T.,#1581,#1576);
#1583=IFCBOOLEANCLIPPINGRESULT(.DIFFERENCE.,#1570,#1582);
#1584=IFCSTYLEDITEM(#1570,(#948),$);
#1585=IFCSHAPEREPRESENTATION(#86,'Body','Clipping',(#1583));
#1586=IFCPRODUCTDEFINITIONSHAPE($,$,(#1565,#1585));
#1587=IFCWALLSTANDARDCASE('00rx_E4Bf4tw0ORMnlC2fk',#18,'Basiswand:Interior - 126mm Partition (2-hr):293451',$,'Basiswand:Interior - 126mm Partition (2-hr)',#1562,#1586,'293451');
#1588=IFCQUANTITYLENGTH('Height',$,$,3.2100000000000022);
#1589=IFCQUANTITYLENGTH('Length',$,$,2.0720000000000027);
#1590=IFCQUANTITYLENGTH('Width',$,$,0.12799999999999997);
#1591=IFCQUANTITYAREA('GrossFootprintArea',$,$,0.2652159999999984);
#1592=IFCQUANTITYVOLUME('GrossVolume',$,$,0.85134336000000121);
#1593=IFCQUANTITYAREA('GrossSideArea',$,$,6.6511200000000112);
#1594=IFCQUANTITYAREA('NetSideArea',$,$,6.6511200000000112);
#1595=IFCQUANTITYVOLUME('NetVolume',$,$,0.85134336000000366);
#1596=IFCELEMENTQUANTITY('2rZD7m38RgXvd7YHs4SxfL',#18,'BaseQuantities',$,$,(#1588,#1589,#1590,#1591,#1592,#1593,#1594,#1595));
#1597=IFCRELDEFINESBYPROPERTIES('1hvJp6aSWZGv6qDlpnko6m',#18,$,$,(#1587),#1596);
#1598=IFCPROPERTYSET('3A6goe9TvfQ7tpCyu4uXvs',#18,'Pset_QuantityTakeOff',$,(#984));
#1599=IFCPROPERTYSINGLEVALUE('Reference',$,IFCLABEL('Interior - 126mm Partition (2-hr)'),$);
#1600=IFCPROPERTYSET('2pPNnKedA9ZbvOzyw1QnUZ',#18,'Pset_ReinforcementBarPitchOfWall',$,(#1599));
#1601=IFCPROPERTYSET('3Yey1gIHlSIQeTDIvPw0jT',#18,'Pset_WallCommon',$,(#256,#984,#988,#989));
#1602=IFCRELDEFINESBYPROPERTIES('1ITSKcqMeVGH$Sh0SojCH6',#18,$,$,(#1587),#1598);
#1603=IFCRELDEFINESBYPROPERTIES('0LL7hRJyBvfy4Y2KTK9th2',#18,$,$,(#1587),#1600);
#1604=IFCRELDEFINESBYPROPERTIES('2EXxnipnL2MjvuYognWTcy',#18,$,$,(#1587),#1601);
#1605=IFCCARTESIANPOINT((-6.3609999999999918,-0.12500000000000039,0.));
#1606=IFCAXIS2PLACEMENT3D(#1605,#9,#8);
#1607=IFCLOCALPLACEMENT(#108,#1606);
#1608=IFCCARTESIANPOINT((2.2000000000000006,-0.));
#1609=IFCPOLYLINE((#4,#1608));
#1610=IFCSHAPEREPRESENTATION(#85,'Axis','Curve2D',(#1609));
#1611=IFCCARTESIANPOINT((1.1000000000000003,-1.6445178552260131E-15));
#1612=IFCAXIS2PLACEMENT2D(#1611,#11);
#1613=IFCRECTANGLEPROFILEDEF(.AREA.,$,#1612,2.2000000000000002,0.12800000000000231);
#1614=IFCAXIS2PLACEMENT3D(#3,$,$);
#1615=IFCEXTRUDEDAREASOLID(#1613,#1614,#9,3.2100000000000022);
#1616=IFCCARTESIANPOINT((2.1999999999999997,-0.));
#1617=IFCCARTESIANPOINT((2.1999999999999997,0.12800000000000011));
#1618=IFCCARTESIANPOINT((2.0720000000000001,0.12799999999999992));
#1619=IFCCARTESIANPOINT((-0.,0.12800000000000011));
#1620=IFCPOLYLINE((#4,#1616,#1617,#1618,#1619,#4));
#1621=IFCCARTESIANPOINT((0.,-0.064000000000000432,3.2100000000000022));
#1622=IFCAXIS2PLACEMENT3D(#1621,#10,#6);
#1623=IFCPLANE(#1622);
#1624=IFCCARTESIANPOINT((0.,-0.064000000000000432,3.2100000000000022));
#1625=IFCAXIS2PLACEMENT3D(#1624,$,$);
#1626=IFCPOLYGONALBOUNDEDHALFSPACE(#1623,.T.,#1625,#1620);
#1627=IFCBOOLEANCLIPPINGRESULT(.DIFFERENCE.,#1615,#1626);
#1628=IFCSTYLEDITEM(#1615,(#948),$);
#1629=IFCSHAPEREPRESENTATION(#86,'Body','Clipping',(#1627));
#1630=IFCPRODUCTDEFINITIONSHAPE($,$,(#1610,#1629));
#1631=IFCWALLSTANDARDCASE('00rx_E4Bf4tw0ORMnlC2ff',#18,'Basiswand:Interior - 126mm Partition (2-hr):293452',$,'Basiswand:Interior - 126mm Partition (2-hr)',#1607,#1630,'293452');
#1632=IFCQUANTITYLENGTH('Height',$,$,3.2100000000000022);
#1633=IFCQUANTITYLENGTH('Length',$,$,2.2000000000000006);
#1634=IFCQUANTITYLENGTH('Width',$,$,0.12799999999999997);
#1635=IFCQUANTITYAREA('GrossFootprintArea',$,$,0.28159999999999796);
#1636=IFCQUANTITYVOLUME('GrossVolume',$,$,0.69579417600000038);
#1637=IFCQUANTITYAREA('GrossSideArea',$,$,5.4358920000000044);
#1638=IFCQUANTITYAREA('NetSideArea',$,$,5.4358920000000044);
#1639=IFCQUANTITYVOLUME('NetVolume',$,$,0.69579417600000226);
#1640=IFCELEMENTQUANTITY('2GdB9YE6jyYQvWmGH6ya$x',#18,'BaseQuantities',$,$,(#1632,#1633,#1634,#1635,#1636,#1637,#1638,#1639));
#1641=IFCRELDEFINESBYPROPERTIES('0UVUL0PFAqdgC0VC6KMyLq',#18,$,$,(#1631),#1640);
#1642=IFCPROPERTYSET('2kOtz1hSI7ELyFyYeZyHTj',#18,'Pset_QuantityTakeOff',$,(#984));
#1643=IFCPROPERTYSINGLEVALUE('Reference',$,IFCLABEL('Interior - 126mm Partition (2-hr)'),$);
#1644=IFCPROPERTYSET('2378ggokLqhd3$prFPeRT8',#18,'Pset_ReinforcementBarPitchOfWall',$,(#1643));
#1645=IFCPROPERTYSET('2r9d6AYQahXAuEb8l$Cgl2',#18,'Pset_WallCommon',$,(#256,#984,#988,#989));
#1646=IFCRELDEFINESBYPROPERTIES('3sfRw4sUswB0V7ksElPoeQ',#18,$,$,(#1631),#1642);
#1647=IFCRELDEFINESBYPROPERTIES('3RkNU8S6Pkv2VOi1JVvhS5',#18,$,$,(#1631),#1644);
#1648=IFCRELDEFINESBYPROPERTIES('05zFNACmprf7tnRgrXzszl',#18,$,$,(#1631),#1645);
#1649=IFCCARTESIANPOINT((-6.2969999999999962,-2.261000000000001,0.));
#1650=IFCAXIS2PLACEMENT3D(#1649,$,$);
#1651=IFCLOCALPLACEMENT(#108,#1650);
#1652=IFCCARTESIANPOINT((1.8720000000000012,0.));
#1653=IFCPOLYLINE((#4,#1652));
#1654=IFCSHAPEREPRESENTATION(#85,'Axis','Curve2D',(#1653));
#1655=IFCCARTESIANPOINT((0.93600000000000061,-1.3877787807814457E-17));
#1656=IFCAXIS2PLACEMENT2D(#1655,#12);
#1657=IFCRECTANGLEPROFILEDEF(.AREA.,$,#1656,1.8720000000000012,0.12800000000000014);
#1658=IFCAXIS2PLACEMENT3D(#3,$,$);
#1659=IFCEXTRUDEDAREASOLID(#1657,#1658,#9,3.2100000000000022);
#1660=IFCCARTESIANPOINT((1.872000000000001,0.));
#1661=IFCCARTESIANPOINT((1.8720000000000006,0.12799999999999986));
#1662=IFCCARTESIANPOINT((1.3219999999999861,0.12799999999999986));
#1663=IFCCARTESIANPOINT((1.193999999999986,0.12799999999999986));
#1664=IFCCARTESIANPOINT((-0.,0.12799999999999986));
#1665=IFCPOLYLINE((#4,#1660,#1661,#1662,#1663,#1664,#4));
#1666=IFCCARTESIANPOINT((0.,-0.063999999999999793,3.2100000000000022));
#1667=IFCAXIS2PLACEMENT3D(#1666,#10,#7);
#1668=IFCPLANE(#1667);
#1669=IFCCARTESIANPOINT((0.,-0.063999999999999793,3.2100000000000022));
#1670=IFCAXIS2PLACEMENT3D(#1669,$,$);
#1671=IFCPOLYGONALBOUNDEDHALFSPACE(#1668,.T.,#1670,#1665);
#1672=IFCBOOLEANCLIPPINGRESULT(.DIFFERENCE.,#1659,#1671);
#1673=IFCSTYLEDITEM(#1659,(#948),$);
#1674=IFCSHAPEREPRESENTATION(#86,'Body','Clipping',(#1672));
#1675=IFCPRODUCTDEFINITIONSHAPE($,$,(#1654,#1674));
#1676=IFCWALLSTANDARDCASE('00rx_E4Bf4tw0ORMnlC2fe',#18,'Basiswand:Interior - 126mm Partition (2-hr):293453',$,'Basiswand:Interior - 126mm Partition (2-hr)',#1651,#1675,'293453');
#1677=IFCQUANTITYLENGTH('Height',$,$,3.2100000000000022);
#1678=IFCQUANTITYLENGTH('Length',$,$,1.872000000000001);
#1679=IFCQUANTITYLENGTH('Width',$,$,0.12799999999999997);
#1680=IFCQUANTITYAREA('GrossFootprintArea',$,$,0.23961600000000038);
#1681=IFCQUANTITYVOLUME('GrossVolume',$,$,0.76916736000000052);
#1682=IFCQUANTITYAREA('GrossSideArea',$,$,6.0091200000000056);
#1683=IFCQUANTITYAREA('NetSideArea',$,$,6.0091200000000056);
#1684=IFCQUANTITYVOLUME('NetVolume',$,$,0.76916735999999819);
#1685=IFCELEMENTQUANTITY('0TTeQtHJbTRPNPDTLsoYW_',#18,'BaseQuantities',$,$,(#1677,#1678,#1679,#1680,#1681,#1682,#1683,#1684));
#1686=IFCRELDEFINESBYPROPERTIES('07XKWhDiTFA1WdwerauNYi',#18,$,$,(#1676),#1685);
#1687=IFCPROPERTYSET('0jATfMvyGc$5qEdgkPvngr',#18,'Pset_QuantityTakeOff',$,(#984));
#1688=IFCPROPERTYSINGLEVALUE('Reference',$,IFCLABEL('Interior - 126mm Partition (2-hr)'),$);
#1689=IFCPROPERTYSET('2MLXOdyT7q_8MkNWFFZG8W',#18,'Pset_ReinforcementBarPitchOfWall',$,(#1688));
#1690=IFCPROPERTYSET('1$hkJC5fuKuJhq3wor8rc2',#18,'Pset_WallCommon',$,(#256,#984,#988,#989));
#1691=IFCRELDEFINESBYPROPERTIES('1mMCbQCHDqDM6s4a2CN3sW',#18,$,$,(#1676),#1687);
#1692=IFCRELDEFINESBYPROPERTIES('1DXsfzs1xfUCqaryWtaSsc',#18,$,$,(#1676),#1689);
#1693=IFCRELDEFINESBYPROPERTIES('2oCspuEK_69Fp$rM9JfbMM',#18,$,$,(#1676),#1690);
#1694=IFCCARTESIANPOINT((-5.0359999999998752,-7.0750000000000997,0.));
#1695=IFCAXIS2PLACEMENT3D(#1694,#9,#7);
#1696=IFCLOCALPLACEMENT(#108,#1695);
#1697=IFCCARTESIANPOINT((3.7750000000000861,0.));
#1698=IFCPOLYLINE((#4,#1697));
#1699=IFCSHAPEREPRESENTATION(#85,'Axis','Curve2D',(#1698));
#1700=IFCCARTESIANPOINT((1.887500000000043,6.9388939039072284E-18));
#1701=IFCAXIS2PLACEMENT2D(#1700,#12);
#1702=IFCRECTANGLEPROFILEDEF(.AREA.,$,#1701,3.7750000000000861,0.12799999999999906);
#1703=IFCAXIS2PLACEMENT3D(#3,$,$);
#1704=IFCEXTRUDEDAREASOLID(#1702,#1703,#9,3.2100000000000022);
#1705=IFCCARTESIANPOINT((3.647000000000086,0.));
#1706=IFCCARTESIANPOINT((3.7750000000000861,0.));
#1707=IFCCARTESIANPOINT((3.7750000000000861,0.12800000000000017));
#1708=IFCCARTESIANPOINT((0.,0.12800000000000017));
#1709=IFCPOLYLINE((#4,#1705,#1706,#1707,#1708,#4));
#1710=IFCCARTESIANPOINT((0.,-0.064000000000001042,3.2100000000000022));
#1711=IFCAXIS2PLACEMENT3D(#1710,#10,#5);
#1712=IFCPLANE(#1711);
#1713=IFCCARTESIANPOINT((0.,-0.064000000000001042,3.2100000000000022));
#1714=IFCAXIS2PLACEMENT3D(#1713,$,$);
#1715=IFCPOLYGONALBOUNDEDHALFSPACE(#1712,.T.,#1714,#1709);
#1716=IFCBOOLEANCLIPPINGRESULT(.DIFFERENCE.,#1704,#1715);
#1717=IFCSTYLEDITEM(#1704,(#948),$);
#1718=IFCSHAPEREPRESENTATION(#86,'Body','Clipping',(#1716));
#1719=IFCPRODUCTDEFINITIONSHAPE($,$,(#1699,#1718));
#1720=IFCWALLSTANDARDCASE('00rx_E4Bf4tw0ORMnlC2fh',#18,'Basiswand:Interior - 126mm Partition (2-hr):293454',$,'Basiswand:Interior - 126mm Partition (2-hr)',#1696,#1719,'293454');
#1721=IFCQUANTITYLENGTH('Height',$,$,3.2100000000000022);
#1722=IFCQUANTITYLENGTH('Length',$,$,3.7750000000000861);
#1723=IFCQUANTITYLENGTH('Width',$,$,0.12799999999999997);
#1724=IFCQUANTITYAREA('GrossFootprintArea',$,$,0.48320000000000746);
#1725=IFCQUANTITYVOLUME('GrossVolume',$,$,1.5510720000000187);
#1726=IFCQUANTITYAREA('GrossSideArea',$,$,12.117750000000148);
#1727=IFCQUANTITYAREA('NetSideArea',$,$,12.11775000000015);
#1728=IFCQUANTITYVOLUME('NetVolume',$,$,1.5510720000002016);
#1729=IFCELEMENTQUANTITY('1XVL1f8abttN_U32rvJ1nI',#18,'BaseQuantities',$,$,(#1721,#1722,#1723,#1724,#1725,#1726,#1727,#1728));
#1730=IFCRELDEFINESBYPROPERTIES('3AEJN_F5lPeaGNWruIIcWl',#18,$,$,(#1720),#1729);
#1731=IFCPROPERTYSET('0VbZeDY7CgzfNnOsS7_zFq',#18,'Pset_QuantityTakeOff',$,(#984));
#1732=IFCPROPERTYSINGLEVALUE('Reference',$,IFCLABEL('Interior - 126mm Partition (2-hr)'),$);
#1733=IFCPROPERTYSET('2RPCW8DuDrvCYovR5WJ9hd',#18,'Pset_ReinforcementBarPitchOfWall',$,(#1732));
#1734=IFCPROPERTYSET('0pGOIiS_Lzj3KstYJu2AaZ',#18,'Pset_WallCommon',$,(#256,#984,#988,#989));
#1735=IFCRELDEFINESBYPROPERTIES('20JWf8tuAeLF0FGyBPnqv0',#18,$,$,(#1720),#1731);
#1736=IFCRELDEFINESBYPROPERTIES('0MiunhUzDxq8Db1tR1tZ8n',#18,$,$,(#1720),#1733);
#1737=IFCRELDEFINESBYPROPERTIES('1gevKwDfh8Ol1UXbLFtlvc',#18,$,$,(#1720),#1734);
#1738=IFCCARTESIANPOINT((-4.9719999999998779,-3.3640000000000132,0.));
#1739=IFCAXIS2PLACEMENT3D(#1738,$,$);
#1740=IFCLOCALPLACEMENT(#108,#1739);
#1741=IFCCARTESIANPOINT((7.5765962989034783,0.));
#1742=IFCPOLYLINE((#4,#1741));
#1743=IFCSHAPEREPRESENTATION(#85,'Axis','Curve2D',(#1742));
#1744=IFCCARTESIANPOINT((3.78829814945174,0.));
#1745=IFCAXIS2PLACEMENT2D(#1744,#11);
#1746=IFCRECTANGLEPROFILEDEF(.AREA.,$,#1745,7.5765962989034783,0.12800000000000014);
#1747=IFCAXIS2PLACEMENT3D(#3,$,$);
#1748=IFCEXTRUDEDAREASOLID(#1746,#1747,#9,3.2100000000000022);
#1749=IFCCARTESIANPOINT((4.9079999999999986,0.));
#1750=IFCCARTESIANPOINT((5.0359999999999978,0.));
#1751=IFCCARTESIANPOINT((7.5765962989034783,0.));
#1752=IFCCARTESIANPOINT((7.5765962989034801,0.12800000000000014));
#1753=IFCCARTESIANPOINT((5.0359999999999978,0.12800000000000014));
#1754=IFCCARTESIANPOINT((4.9079999999999986,0.12800000000000014));
#1755=IFCCARTESIANPOINT((2.1689999999998681,0.12800000000000014));
#1756=IFCCARTESIANPOINT((2.0409999999998676,0.12800000000000014));
#1757=IFCCARTESIANPOINT((0.,0.12800000000000014));
#1758=IFCPOLYLINE((#4,#1749,#1750,#1751,#1752,#1753,#1754,#1755,#1756,#1757,#4));
#1759=IFCCARTESIANPOINT((0.,-0.064000000000000071,3.2100000000000022));
#1760=IFCAXIS2PLACEMENT3D(#1759,#10,#7);
#1761=IFCPLANE(#1760);
#1762=IFCCARTESIANPOINT((0.,-0.064000000000000071,3.2100000000000022));
#1763=IFCAXIS2PLACEMENT3D(#1762,$,$);
#1764=IFCPOLYGONALBOUNDEDHALFSPACE(#1761,.T.,#1763,#1758);
#1765=IFCBOOLEANCLIPPINGRESULT(.DIFFERENCE.,#1748,#1764);
#1766=IFCSTYLEDITEM(#1748,(#948),$);
#1767=IFCSHAPEREPRESENTATION(#86,'Body','Clipping',(#1765));
#1768=IFCPRODUCTDEFINITIONSHAPE($,$,(#1743,#1767));
#1769=IFCWALLSTANDARDCASE('00rx_E4Bf4tw0ORMnlC2fg',#18,'Basiswand:Interior - 126mm Partition (2-hr):293455',$,'Basiswand:Interior - 126mm Partition (2-hr)',#1740,#1768,'293455');
#1770=IFCQUANTITYLENGTH('Height',$,$,3.2100000000000022);
#1771=IFCQUANTITYLENGTH('Length',$,$,7.5765962989034783);
#1772=IFCQUANTITYLENGTH('Width',$,$,0.12799999999999997);
#1773=IFCQUANTITYAREA('GrossFootprintArea',$,$,0.96980432625964641);
#1774=IFCQUANTITYVOLUME('GrossVolume',$,$,2.9049300632934627);
#1775=IFCQUANTITYAREA('GrossSideArea',$,$,22.694766119480182);
#1776=IFCQUANTITYAREA('NetSideArea',$,$,22.694766119480175);
#1777=IFCQUANTITYVOLUME('NetVolume',$,$,2.9049300632934583);
#1778=IFCELEMENTQUANTITY('1g$sEz3kC4JMgr0QYkUF7s',#18,'BaseQuantities',$,$,(#1770,#1771,#1772,#1773,#1774,#1775,#1776,#1777));
#1779=IFCRELDEFINESBYPROPERTIES('3yve6mwIDej74O_3fnYJaD',#18,$,$,(#1769),#1778);
#1780=IFCPROPERTYSET('19wsXxzy0l8Ui9T5E1oIXu',#18,'Pset_QuantityTakeOff',$,(#984));
#1781=IFCPROPERTYSINGLEVALUE('Reference',$,IFCLABEL('Interior - 126mm Partition (2-hr)'),$);
#1782=IFCPROPERTYSET('2u8FZbDm3_2UynS18DTCG2',#18,'Pset_ReinforcementBarPitchOfWall',$,(#1781));
#1783=IFCPROPERTYSET('2nrTtDkUx0tuWFybawGskm',#18,'Pset_WallCommon',$,(#256,#984,#988,#989));
#1784=IFCRELDEFINESBYPROPERTIES('0GDKotW2vKEwqp9B3vb_de',#18,$,$,(#1769),#1780);
#1785=IFCRELDEFINESBYPROPERTIES('2i14n3nA5uMk_p8vo0ItQ9',#18,$,$,(#1769),#1782);
#1786=IFCRELDEFINESBYPROPERTIES('1OuunTIgqz$sUZoDXPF8w4',#18,$,$,(#1769),#1783);
#1787=IFCCARTESIANPOINT((10.20000000000012,-7.0750000000001005,0.));
#1788=IFCAXIS2PLACEMENT3D(#1787,#9,#7);
#1789=IFCLOCALPLACEMENT(#108,#1788);
#1790=IFCCARTESIANPOINT((5.5969999999999942,-0.));
#1791=IFCPOLYLINE((#4,#1790));
#1792=IFCSHAPEREPRESENTATION(#85,'Axis','Curve2D',(#1791));
#1793=IFCCARTESIANPOINT((2.7984999999999971,-2.1510571102112408E-16));
#1794=IFCAXIS2PLACEMENT2D(#1793,#12);
#1795=IFCRECTANGLEPROFILEDEF(.AREA.,$,#1794,5.5969999999999942,0.12800000000000122);
#1796=IFCAXIS2PLACEMENT3D(#3,$,$);
#1797=IFCEXTRUDEDAREASOLID(#1795,#1796,#9,3.2100000000000022);
#1798=IFCCARTESIANPOINT((3.5970000000000453,-0.));
#1799=IFCCARTESIANPOINT((3.7250000000000454,-0.));
#1800=IFCCARTESIANPOINT((5.5969999999999933,-0.));
#1801=IFCCARTESIANPOINT((5.5969999999999942,0.12799999999999864));
#1802=IFCCARTESIANPOINT((3.7250000000000467,0.12799999999999806));
#1803=IFCCARTESIANPOINT((3.5970000000000466,0.12799999999999787));
#1804=IFCCARTESIANPOINT((0.,0.12799999999999906));
#1805=IFCPOLYLINE((#4,#1798,#1799,#1800,#1801,#1802,#1803,#1804,#4));
#1806=IFCCARTESIANPOINT((0.,-0.063999999999998045,3.2100000000000022));
#1807=IFCAXIS2PLACEMENT3D(#1806,#10,#5);
#1808=IFCPLANE(#1807);
#1809=IFCCARTESIANPOINT((0.,-0.063999999999998045,3.2100000000000022));
#1810=IFCAXIS2PLACEMENT3D(#1809,$,$);
#1811=IFCPOLYGONALBOUNDEDHALFSPACE(#1808,.T.,#1810,#1805);
#1812=IFCBOOLEANCLIPPINGRESULT(.DIFFERENCE.,#1797,#1811);
#1813=IFCSTYLEDITEM(#1797,(#948),$);
#1814=IFCSHAPEREPRESENTATION(#86,'Body','Clipping',(#1812));
#1815=IFCPRODUCTDEFINITIONSHAPE($,$,(#1792,#1814));
#1816=IFCWALLSTANDARDCASE('00rx_E4Bf4tw0ORMnlC2fq',#18,'Basiswand:Interior - 126mm Partition (2-hr):293457',$,'Basiswand:Interior - 126mm Partition (2-hr)',#1789,#1815,'293457');
#1817=IFCQUANTITYLENGTH('Height',$,$,3.2100000000000022);
#1818=IFCQUANTITYLENGTH('Length',$,$,5.5969999999999942);
#1819=IFCQUANTITYLENGTH('Width',$,$,0.12799999999999997);
#1820=IFCQUANTITYAREA('GrossFootprintArea',$,$,0.71641600000000605);
#1821=IFCQUANTITYVOLUME('GrossVolume',$,$,2.2996953599999901);
#1822=IFCQUANTITYAREA('GrossSideArea',$,$,17.966369999999927);
#1823=IFCQUANTITYAREA('NetSideArea',$,$,17.96636999999993);
#1824=IFCQUANTITYVOLUME('NetVolume',$,$,2.2996953600003383);
#1825=IFCELEMENTQUANTITY('1VO8aQahrjrPTlkjDBXeaS',#18,'BaseQuantities',$,$,(#1817,#1818,#1819,#1820,#1821,#1822,#1823,#1824));
#1826=IFCRELDEFINESBYPROPERTIES('2SfrzH6TXOh5T4PHjUyUc3',#18,$,$,(#1816),#1825);
#1827=IFCPROPERTYSET('2uFEvvi7fwawArcLA2hJ_e',#18,'Pset_QuantityTakeOff',$,(#984));
#1828=IFCPROPERTYSINGLEVALUE('Reference',$,IFCLABEL('Interior - 126mm Partition (2-hr)'),$);
#1829=IFCPROPERTYSET('09_J16d4T1_xu9uBAvkEaz',#18,'Pset_ReinforcementBarPitchOfWall',$,(#1828));
#1830=IFCPROPERTYSET('3TtTNhTihgv3KivONlb3JM',#18,'Pset_WallCommon',$,(#256,#984,#988,#989));
#1831=IFCRELDEFINESBYPROPERTIES('06WVwXlkXiTB5hQ9UgRAso',#18,$,$,(#1816),#1827);
#1832=IFCRELDEFINESBYPROPERTIES('1FT4IHmwhUCC2lng59H6ex',#18,$,$,(#1816),#1829);
#1833=IFCRELDEFINESBYPROPERTIES('36dTT_q67J0Bv50Qxk2CdU',#18,$,$,(#1816),#1830);
#1834=IFCCARTESIANPOINT((5.1000000000001151,-7.0750000000001023,0.));
#1835=IFCAXIS2PLACEMENT3D(#1834,#9,#7);
#1836=IFCLOCALPLACEMENT(#108,#1835);
#1837=IFCCARTESIANPOINT((5.5970000000000129,-0.));
#1838=IFCPOLYLINE((#4,#1837));
#1839=IFCSHAPEREPRESENTATION(#85,'Axis','Curve2D',(#1838));
#1840=IFCCARTESIANPOINT((2.7985000000000064,-6.2450045135165055E-17));
#1841=IFCAXIS2PLACEMENT2D(#1840,#12);
#1842=IFCRECTANGLEPROFILEDEF(.AREA.,$,#1841,5.5970000000000129,0.12799999999999906);
#1843=IFCAXIS2PLACEMENT3D(#3,$,$);
#1844=IFCEXTRUDEDAREASOLID(#1842,#1843,#9,3.2100000000000022);
#1845=IFCCARTESIANPOINT((3.5970000000000124,-0.));
#1846=IFCCARTESIANPOINT((3.7250000000000125,-0.));
#1847=IFCCARTESIANPOINT((5.597000000000012,-0.));
#1848=IFCCARTESIANPOINT((5.5970000000000129,0.12799999999999895));
#1849=IFCCARTESIANPOINT((3.725000000000013,0.12800000000000006));
#1850=IFCCARTESIANPOINT((3.5970000000000129,0.12799999999999984));
#1851=IFCCARTESIANPOINT((0.,0.12800000000000014));
#1852=IFCPOLYLINE((#4,#1845,#1846,#1847,#1848,#1849,#1850,#1851,#4));
#1853=IFCCARTESIANPOINT((0.,-0.064000000000000862,3.2100000000000022));
#1854=IFCAXIS2PLACEMENT3D(#1853,#10,#5);
#1855=IFCPLANE(#1854);
#1856=IFCCARTESIANPOINT((0.,-0.064000000000000862,3.2100000000000022));
#1857=IFCAXIS2PLACEMENT3D(#1856,$,$);
#1858=IFCPOLYGONALBOUNDEDHALFSPACE(#1855,.T.,#1857,#1852);
#1859=IFCBOOLEANCLIPPINGRESULT(.DIFFERENCE.,#1844,#1858);
#1860=IFCSTYLEDITEM(#1844,(#948),$);
#1861=IFCSHAPEREPRESENTATION(#86,'Body','Clipping',(#1859));
#1862=IFCPRODUCTDEFINITIONSHAPE($,$,(#1839,#1861));
#1863=IFCWALLSTANDARDCASE('00rx_E4Bf4tw0ORMnlC2ft',#18,'Basiswand:Interior - 126mm Partition (2-hr):293458',$,'Basiswand:Interior - 126mm Partition (2-hr)',#1836,#1862,'293458');
#1864=IFCQUANTITYLENGTH('Height',$,$,3.2100000000000022);
#1865=IFCQUANTITYLENGTH('Length',$,$,5.5970000000000129);
#1866=IFCQUANTITYLENGTH('Width',$,$,0.12799999999999997);
#1867=IFCQUANTITYAREA('GrossFootprintArea',$,$,0.71641599999999628);
#1868=IFCQUANTITYVOLUME('GrossVolume',$,$,2.2996953599999941);
#1869=IFCQUANTITYAREA('GrossSideArea',$,$,17.966369999999959);
#1870=IFCQUANTITYAREA('NetSideArea',$,$,17.966369999999966);
#1871=IFCQUANTITYVOLUME('NetVolume',$,$,2.2996953600003862);
#1872=IFCELEMENTQUANTITY('0Xb3l$bLvqyuv_W9$bvezV',#18,'BaseQuantities',$,$,(#1864,#1865,#1866,#1867,#1868,#1869,#1870,#1871));
#1873=IFCRELDEFINESBYPROPERTIES('2DxO8PU$DHfWo9kRlk8$BI',#18,$,$,(#1863),#1872);
#1874=IFCPROPERTYSET('1FYdJq1Cjz7aMntWF6qjTc',#18,'Pset_QuantityTakeOff',$,(#984));
#1875=IFCPROPERTYSINGLEVALUE('Reference',$,IFCLABEL('Interior - 126mm Partition (2-hr)'),$);
#1876=IFCPROPERTYSET('1GJ9fqItbV4p9D3MzfrMoF',#18,'Pset_ReinforcementBarPitchOfWall',$,(#1875));
#1877=IFCPROPERTYSET('0qR2wYoJF0xOiUhJ6LmBXD',#18,'Pset_WallCommon',$,(#256,#984,#988,#989));
#1878=IFCRELDEFINESBYPROPERTIES('2FiEZNi3XfouENldvb7B1o',#18,$,$,(#1863),#1874);
#1879=IFCRELDEFINESBYPROPERTIES('2ZS1DAh_GSoJm4c9eoXEq4',#18,$,$,(#1863),#1876);
#1880=IFCRELDEFINESBYPROPERTIES('3WyAW5NW5tO7scgVrVA1H6',#18,$,$,(#1863),#1877);
#1881=IFCCARTESIANPOINT((3.6402254271298355,-3.4140000000000854,0.));
#1882=IFCAXIS2PLACEMENT3D(#1881,$,$);
#1883=IFCLOCALPLACEMENT(#108,#1882);
#1884=IFCCARTESIANPOINT((1.3957745728702868,0.));
#1885=IFCPOLYLINE((#4,#1884));
#1886=IFCSHAPEREPRESENTATION(#85,'Axis','Curve2D',(#1885));
#1887=IFCCARTESIANPOINT((0.69788728643514342,1.2490009027033011E-16));
#1888=IFCAXIS2PLACEMENT2D(#1887,#12);
#1889=IFCRECTANGLEPROFILEDEF(.AREA.,$,#1888,1.3957745728702868,0.12800000000000014);
#1890=IFCAXIS2PLACEMENT3D(#3,$,$);
#1891=IFCEXTRUDEDAREASOLID(#1889,#1890,#9,3.2100000000000022);
#1892=IFCCARTESIANPOINT((1.3957745728702868,0.));
#1893=IFCCARTESIANPOINT((1.3957745728702866,0.12800000000000067));
#1894=IFCCARTESIANPOINT((0.32377457287038824,0.12800000000000011));
#1895=IFCCARTESIANPOINT((0.19577457287038807,0.12800000000000014));
#1896=IFCCARTESIANPOINT((0.,0.12800000000000014));
#1897=IFCPOLYLINE((#4,#1892,#1893,#1894,#1895,#1896,#4));
#1898=IFCCARTESIANPOINT((0.,-0.064000000000000071,3.2100000000000022));
#1899=IFCAXIS2PLACEMENT3D(#1898,#10,#7);
#1900=IFCPLANE(#1899);
#1901=IFCCARTESIANPOINT((0.,-0.064000000000000071,3.2100000000000022));
#1902=IFCAXIS2PLACEMENT3D(#1901,$,$);
#1903=IFCPOLYGONALBOUNDEDHALFSPACE(#1900,.T.,#1902,#1897);
#1904=IFCBOOLEANCLIPPINGRESULT(.DIFFERENCE.,#1891,#1903);
#1905=IFCSTYLEDITEM(#1891,(#948),$);
#1906=IFCSHAPEREPRESENTATION(#86,'Body','Clipping',(#1904));
#1907=IFCPRODUCTDEFINITIONSHAPE($,$,(#1886,#1906));
#1908=IFCWALLSTANDARDCASE('00rx_E4Bf4tw0ORMnlC2fs',#18,'Basiswand:Interior - 126mm Partition (2-hr):293459',$,'Basiswand:Interior - 126mm Partition (2-hr)',#1883,#1907,'293459');
#1909=IFCQUANTITYLENGTH('Height',$,$,3.2100000000000022);
#1910=IFCQUANTITYLENGTH('Length',$,$,1.3957745728702868);
#1911=IFCQUANTITYLENGTH('Width',$,$,0.12799999999999997);
#1912=IFCQUANTITYAREA('GrossFootprintArea',$,$,0.17865914532739691);
#1913=IFCQUANTITYVOLUME('GrossVolume',$,$,0.57349585650094359);
#1914=IFCQUANTITYAREA('GrossSideArea',$,$,4.4804363789136223);
#1915=IFCQUANTITYAREA('NetSideArea',$,$,4.4804363789136223);
#1916=IFCQUANTITYVOLUME('NetVolume',$,$,0.57349585650094514);
#1917=IFCELEMENTQUANTITY('1YzhMPbuRGFE9z6E4n3BCu',#18,'BaseQuantities',$,$,(#1909,#1910,#1911,#1912,#1913,#1914,#1915,#1916));
#1918=IFCRELDEFINESBYPROPERTIES('3$GxrHtMIofq1QgtBQ2LlD',#18,$,$,(#1908),#1917);
#1919=IFCPROPERTYSET('1GL$IUpTAMCjZi$IGoplbF',#18,'Pset_QuantityTakeOff',$,(#984));
#1920=IFCPROPERTYSINGLEVALUE('Reference',$,IFCLABEL('Interior - 126mm Partition (2-hr)'),$);
#1921=IFCPROPERTYSET('3ZqSsB5so3xE5EUhKOHvLj',#18,'Pset_ReinforcementBarPitchOfWall',$,(#1920));
#1922=IFCPROPERTYSET('0V5C0kY2tj9hgX2WKDTD8z',#18,'Pset_WallCommon',$,(#256,#984,#988,#989));
#1923=IFCRELDEFINESBYPROPERTIES('36tCnPdzUt300CdhdSXIPG',#18,$,$,(#1908),#1919);
#1924=IFCRELDEFINESBYPROPERTIES('2gcm5d4BXr22ba6Fum7Bl8',#18,$,$,(#1908),#1921);
#1925=IFCRELDEFINESBYPROPERTIES('3UpWj1LKWp1fTqi13x38xW',#18,$,$,(#1908),#1922);
#1926=IFCCARTESIANPOINT((2.6685962989036005,-4.0364996444703065,0.));
#1927=IFCAXIS2PLACEMENT3D(#1926,#9,#7);
#1928=IFCLOCALPLACEMENT(#108,#1927);
#1929=IFCCARTESIANPOINT((2.5584996444702255,0.));
#1930=IFCPOLYLINE((#4,#1929));
#1931=IFCSHAPEREPRESENTATION(#85,'Axis','Curve2D',(#1930));
#1932=IFCCARTESIANPOINT((1.2792498222351127,0.));
#1933=IFCAXIS2PLACEMENT2D(#1932,#12);
#1934=IFCRECTANGLEPROFILEDEF(.AREA.,$,#1933,2.5584996444702255,0.12800000000000014);
#1935=IFCAXIS2PLACEMENT3D(#3,$,$);
#1936=IFCEXTRUDEDAREASOLID(#1934,#1935,#9,3.2100000000000022);
#1937=IFCCARTESIANPOINT((2.558499644470225,0.));
#1938=IFCCARTESIANPOINT((2.5584996444702242,0.12799999999999961));
#1939=IFCCARTESIANPOINT((0.73649964447029292,0.12800000000000031));
#1940=IFCCARTESIANPOINT((0.60849964447029281,0.12800000000000009));
#1941=IFCCARTESIANPOINT((-0.,0.12800000000000014));
#1942=IFCPOLYLINE((#4,#1937,#1938,#1939,#1940,#1941,#4));
#1943=IFCCARTESIANPOINT((0.,-0.063999999999999863,3.2100000000000022));
#1944=IFCAXIS2PLACEMENT3D(#1943,#10,#5);
#1945=IFCPLANE(#1944);
#1946=IFCCARTESIANPOINT((0.,-0.063999999999999863,3.2100000000000022));
#1947=IFCAXIS2PLACEMENT3D(#1946,$,$);
#1948=IFCPOLYGONALBOUNDEDHALFSPACE(#1945,.T.,#1947,#1942);
#1949=IFCBOOLEANCLIPPINGRESULT(.DIFFERENCE.,#1936,#1948);
#1950=IFCSTYLEDITEM(#1936,(#948),$);
#1951=IFCSHAPEREPRESENTATION(#86,'Body','Clipping',(#1949));
#1952=IFCPRODUCTDEFINITIONSHAPE($,$,(#1931,#1951));
#1953=IFCWALLSTANDARDCASE('00rx_E4Bf4tw0ORMnlC2fn',#18,'Basiswand:Interior - 126mm Partition (2-hr):293460',$,'Basiswand:Interior - 126mm Partition (2-hr)',#1928,#1952,'293460');
#1954=IFCQUANTITYLENGTH('Height',$,$,3.2100000000000022);
#1955=IFCQUANTITYLENGTH('Length',$,$,2.5584996444702255);
#1956=IFCQUANTITYLENGTH('Width',$,$,0.12799999999999997);
#1957=IFCQUANTITYAREA('GrossFootprintArea',$,$,0.32748795449218915);
#1958=IFCQUANTITYVOLUME('GrossVolume',$,$,0.84309450991992652);
#1959=IFCQUANTITYAREA('GrossSideArea',$,$,6.5866758587494267);
#1960=IFCQUANTITYAREA('NetSideArea',$,$,6.5866758587494267);
#1961=IFCQUANTITYVOLUME('NetVolume',$,$,0.84309450991992496);
#1962=IFCELEMENTQUANTITY('3HdcRC9WNB4nsTPnU7OSBE',#18,'BaseQuantities',$,$,(#1954,#1955,#1956,#1957,#1958,#1959,#1960,#1961));
#1963=IFCRELDEFINESBYPROPERTIES('164GsEYsffbX_OjWa8zGBv',#18,$,$,(#1953),#1962);
#1964=IFCPROPERTYSET('3FpWMqsFR_ehv7VI7iWhlA',#18,'Pset_QuantityTakeOff',$,(#984));
#1965=IFCPROPERTYSINGLEVALUE('Reference',$,IFCLABEL('Interior - 126mm Partition (2-hr)'),$);
#1966=IFCPROPERTYSET('1ofxhy25MCPrre4vrDhDn0',#18,'Pset_ReinforcementBarPitchOfWall',$,(#1965));
#1967=IFCPROPERTYSET('1HcHYKTnrg7kbztKCq_R67',#18,'Pset_WallCommon',$,(#256,#984,#988,#989));
#1968=IFCRELDEFINESBYPROPERTIES('2RqTWeGx3VTmxaBdhNQDja',#18,$,$,(#1953),#1964);
#1969=IFCRELDEFINESBYPROPERTIES('1L63fGpCWROkfo7KRnFoEP',#18,$,$,(#1953),#1966);
#1970=IFCRELDEFINESBYPROPERTIES('3UFFkvWNQ8Xg4Cxg5jFHFj',#18,$,$,(#1953),#1967);
#1971=IFCCARTESIANPOINT((3.9000000000002237,-3.3500000000000862,0.));
#1972=IFCAXIS2PLACEMENT3D(#1971,#9,#7);
#1973=IFCLOCALPLACEMENT(#108,#1972);
#1974=IFCCARTESIANPOINT((1.8720000000000006,-0.));
#1975=IFCPOLYLINE((#4,#1974));
#1976=IFCSHAPEREPRESENTATION(#85,'Axis','Curve2D',(#1975));
#1977=IFCCARTESIANPOINT((0.93600000000000028,4.9266146717741321E-16));
#1978=IFCAXIS2PLACEMENT2D(#1977,#11);
#1979=IFCRECTANGLEPROFILEDEF(.AREA.,$,#1978,1.8720000000000001,0.12800000000000014);
#1980=IFCAXIS2PLACEMENT3D(#3,$,$);
#1981=IFCEXTRUDEDAREASOLID(#1979,#1980,#9,3.2100000000000022);
#1982=IFCCARTESIANPOINT((1.8720000000000001,-0.));
#1983=IFCCARTESIANPOINT((1.8720000000000006,0.12800000000000111));
#1984=IFCCARTESIANPOINT((0.,0.12800000000000017));
#1985=IFCPOLYLINE((#4,#1982,#1983,#1984,#4));
#1986=IFCCARTESIANPOINT((0.,-0.064000000000000293,3.2100000000000022));
#1987=IFCAXIS2PLACEMENT3D(#1986,#10,#5);
#1988=IFCPLANE(#1987);
#1989=IFCCARTESIANPOINT((0.,-0.064000000000000293,3.2100000000000022));
#1990=IFCAXIS2PLACEMENT3D(#1989,$,$);
#1991=IFCPOLYGONALBOUNDEDHALFSPACE(#1988,.T.,#1990,#1985);
#1992=IFCBOOLEANCLIPPINGRESULT(.DIFFERENCE.,#1981,#1991);
#1993=IFCSTYLEDITEM(#1981,(#948),$);
#1994=IFCSHAPEREPRESENTATION(#86,'Body','Clipping',(#1992));
#1995=IFCPRODUCTDEFINITIONSHAPE($,$,(#1976,#1994));
#1996=IFCWALLSTANDARDCASE('00rx_E4Bf4tw0ORMnlC2fm',#18,'Basiswand:Interior - 126mm Partition (2-hr):293461',$,'Basiswand:Interior - 126mm Partition (2-hr)',#1973,#1995,'293461');
#1997=IFCQUANTITYLENGTH('Height',$,$,3.2100000000000022);
#1998=IFCQUANTITYLENGTH('Length',$,$,1.8720000000000006);
#1999=IFCQUANTITYLENGTH('Width',$,$,0.12799999999999997);
#2000=IFCQUANTITYAREA('GrossFootprintArea',$,$,0.23961600000000036);
#2001=IFCQUANTITYVOLUME('GrossVolume',$,$,0.56102553600000027);
#2002=IFCQUANTITYAREA('GrossSideArea',$,$,4.3830120000000035);
#2003=IFCQUANTITYAREA('NetSideArea',$,$,4.3830120000000035);
#2004=IFCQUANTITYVOLUME('NetVolume',$,$,0.56102553599999849);
#2005=IFCELEMENTQUANTITY('2ViWI1SNdmAQMa9uPifxwb',#18,'BaseQuantities',$,$,(#1997,#1998,#1999,#2000,#2001,#2002,#2003,#2004));
#2006=IFCRELDEFINESBYPROPERTIES('09$BBhz3MC_l7skPMR2lUp',#18,$,$,(#1996),#2005);
#2007=IFCPROPERTYSET('06EJbsI1dfeXV732SkX0PJ',#18,'Pset_QuantityTakeOff',$,(#984));
#2008=IFCPROPERTYSINGLEVALUE('Reference',$,IFCLABEL('Interior - 126mm Partition (2-hr)'),$);
#2009=IFCPROPERTYSET('0y5GHgytYAGnMBLP68XSdz',#18,'Pset_ReinforcementBarPitchOfWall',$,(#2008));
#2010=IFCPROPERTYSET('3HpkdviiEJ$SYOJ2kS4MTm',#18,'Pset_WallCommon',$,(#256,#984,#988,#989));
#2011=IFCRELDEFINESBYPROPERTIES('28qp8gt4lBxizhTzWMauLg',#18,$,$,(#1996),#2007);
#2012=IFCRELDEFINESBYPROPERTIES('2kTyteAISZBdXyo0uVDwyz',#18,$,$,(#1996),#2009);
#2013=IFCRELDEFINESBYPROPERTIES('3zbOy$sbwwGtzyIcOpB6zI',#18,$,$,(#1996),#2010);
#2014=IFCCARTESIANPOINT((13.944000000000123,-3.3640000000000132,0.));
#2015=IFCAXIS2PLACEMENT3D(#2014,$,$);
#2016=IFCLOCALPLACEMENT(#108,#2015);
#2017=IFCCARTESIANPOINT((2.5309999999998749,0.));
#2018=IFCPOLYLINE((#4,#2017));
#2019=IFCSHAPEREPRESENTATION(#85,'Axis','Curve2D',(#2018));
#2020=IFCCARTESIANPOINT((1.2654999999999375,0.));
#2021=IFCAXIS2PLACEMENT2D(#2020,#12);
#2022=IFCRECTANGLEPROFILEDEF(.AREA.,$,#2021,2.5309999999998749,0.12800000000000014);
#2023=IFCAXIS2PLACEMENT3D(#3,$,$);
#2024=IFCEXTRUDEDAREASOLID(#2022,#2023,#9,3.2100000000000022);
#2025=IFCCARTESIANPOINT((2.5309999999998749,0.));
#2026=IFCCARTESIANPOINT((2.5309999999998749,0.12800000000000014));
#2027=IFCCARTESIANPOINT((0.784000000000038,0.12799999999999961));
#2028=IFCCARTESIANPOINT((0.65600000000003877,0.12800000000000017));
#2029=IFCCARTESIANPOINT((-0.,0.12800000000000014));
#2030=IFCPOLYLINE((#4,#2025,#2026,#2027,#2028,#2029,#4));
#2031=IFCCARTESIANPOINT((0.,-0.064000000000000071,3.2100000000000022));
#2032=IFCAXIS2PLACEMENT3D(#2031,#10,#7);
#2033=IFCPLANE(#2032);
#2034=IFCCARTESIANPOINT((0.,-0.064000000000000071,3.2100000000000022));
#2035=IFCAXIS2PLACEMENT3D(#2034,$,$);
#2036=IFCPOLYGONALBOUNDEDHALFSPACE(#2033,.T.,#2035,#2030);
#2037=IFCBOOLEANCLIPPINGRESULT(.DIFFERENCE.,#2024,#2036);
#2038=IFCSTYLEDITEM(#2024,(#948),$);
#2039=IFCSHAPEREPRESENTATION(#86,'Body','Clipping',(#2037));
#2040=IFCPRODUCTDEFINITIONSHAPE($,$,(#2019,#2039));
#2041=IFCWALLSTANDARDCASE('00rx_E4Bf4tw0ORMnlC2fo',#18,'Basiswand:Interior - 126mm Partition (2-hr):293463',$,'Basiswand:Interior - 126mm Partition (2-hr)',#2016,#2040,'293463');
#2042=IFCQUANTITYLENGTH('Height',$,$,3.2100000000000022);
#2043=IFCQUANTITYLENGTH('Length',$,$,2.5309999999998749);
#2044=IFCQUANTITYLENGTH('Width',$,$,0.12799999999999997);
#2045=IFCQUANTITYAREA('GrossFootprintArea',$,$,0.32396799999998438);
#2046=IFCQUANTITYVOLUME('GrossVolume',$,$,0.83179545599994897);
#2047=IFCQUANTITYAREA('GrossSideArea',$,$,6.4984019999996017);
#2048=IFCQUANTITYAREA('NetSideArea',$,$,6.4984019999996017);
#2049=IFCQUANTITYVOLUME('NetVolume',$,$,0.83179545599995053);
#2050=IFCELEMENTQUANTITY('3HN04qpVuaOHJ5Z1R8kbWY',#18,'BaseQuantities',$,$,(#2042,#2043,#2044,#2045,#2046,#2047,#2048,#2049));
#2051=IFCRELDEFINESBYPROPERTIES('16FVM0Xx$bfMYIJ$bm5WWn',#18,$,$,(#2041),#2050);
#2052=IFCPROPERTYSET('3u5G5p3HbAe_GgOkCU2B79',#18,'Pset_QuantityTakeOff',$,(#984));
#2053=IFCPROPERTYSINGLEVALUE('Reference',$,IFCLABEL('Interior - 126mm Partition (2-hr)'),$);
#2054=IFCPROPERTYSET('2CqIrWFlYhNkqfPZJg0wgD',#18,'Pset_ReinforcementBarPitchOfWall',$,(#2053));
#2055=IFCPROPERTYSET('1Pq3Nu0PsqSxI9uaGVnlUb',#18,'Pset_WallCommon',$,(#256,#984,#988,#989));
#2056=IFCRELDEFINESBYPROPERTIES('20wRin540ZpAIInolotPhV',#18,$,$,(#2041),#2052);
#2057=IFCRELDEFINESBYPROPERTIES('1U3qb0170DdWbyQ8g0nask',#18,$,$,(#2041),#2054);
#2058=IFCRELDEFINESBYPROPERTIES('3MmgUYp5t4SSo2CEvTbzed',#18,$,$,(#2041),#2055);
#2059=IFCCARTESIANPOINT((12.958454334750897,-4.0236404591206538,0.));
#2060=IFCAXIS2PLACEMENT3D(#2059,#9,#7);
#2061=IFCLOCALPLACEMENT(#108,#2060);
#2062=IFCCARTESIANPOINT((2.545640459120539,0.));
#2063=IFCPOLYLINE((#4,#2062));
#2064=IFCSHAPEREPRESENTATION(#85,'Axis','Curve2D',(#2063));
#2065=IFCCARTESIANPOINT((1.2728202295602695,0.));
#2066=IFCAXIS2PLACEMENT2D(#2065,#12);
#2067=IFCRECTANGLEPROFILEDEF(.AREA.,$,#2066,2.545640459120539,0.12800000000000122);
#2068=IFCAXIS2PLACEMENT3D(#3,$,$);
#2069=IFCEXTRUDEDAREASOLID(#2067,#2068,#9,3.2100000000000022);
#2070=IFCCARTESIANPOINT((2.5456404591205386,0.));
#2071=IFCCARTESIANPOINT((2.545640459120539,0.12799999999999906));
#2072=IFCCARTESIANPOINT((0.67364045912059023,0.12799999999999803));
#2073=IFCCARTESIANPOINT((0.54564045912059023,0.12799999999999997));
#2074=IFCCARTESIANPOINT((0.,0.12799999999999906));
#2075=IFCPOLYLINE((#4,#2070,#2071,#2072,#2073,#2074,#4));
#2076=IFCCARTESIANPOINT((0.,-0.063999999999998794,3.2100000000000022));
#2077=IFCAXIS2PLACEMENT3D(#2076,#10,#5);
#2078=IFCPLANE(#2077);
#2079=IFCCARTESIANPOINT((0.,-0.063999999999998794,3.2100000000000022));
#2080=IFCAXIS2PLACEMENT3D(#2079,$,$);
#2081=IFCPOLYGONALBOUNDEDHALFSPACE(#2078,.T.,#2080,#2075);
#2082=IFCBOOLEANCLIPPINGRESULT(.DIFFERENCE.,#2069,#2081);
#2083=IFCSTYLEDITEM(#2069,(#948),$);
#2084=IFCSHAPEREPRESENTATION(#86,'Body','Clipping',(#2082));
#2085=IFCPRODUCTDEFINITIONSHAPE($,$,(#2064,#2084));
#2086=IFCWALLSTANDARDCASE('00rx_E4Bf4tw0ORMnlC2fz',#18,'Basiswand:Interior - 126mm Partition (2-hr):293464',$,'Basiswand:Interior - 126mm Partition (2-hr)',#2061,#2085,'293464');
#2087=IFCQUANTITYLENGTH('Height',$,$,3.2100000000000022);
#2088=IFCQUANTITYLENGTH('Length',$,$,2.545640459120539);
#2089=IFCQUANTITYLENGTH('Width',$,$,0.12799999999999997);
#2090=IFCQUANTITYAREA('GrossFootprintArea',$,$,0.32584197876743204);
#2091=IFCQUANTITYVOLUME('GrossVolume',$,$,0.83781092784344724);
#2092=IFCQUANTITYAREA('GrossSideArea',$,$,6.5453978737769329);
#2093=IFCQUANTITYAREA('NetSideArea',$,$,6.5453978737769347);
#2094=IFCQUANTITYVOLUME('NetVolume',$,$,0.83781092784343103);
#2095=IFCELEMENTQUANTITY('1GwbU_HN7v_Dlr8KC26N6i',#18,'BaseQuantities',$,$,(#2087,#2088,#2089,#2090,#2091,#2092,#2093,#2094));
#2096=IFCRELDEFINESBYPROPERTIES('2D7EytQCl7eMMAF3x7r1Bu',#18,$,$,(#2086),#2095);
#2097=IFCPROPERTYSET('1cm6Yc_y$hdv8$vtpXNNt1',#18,'Pset_QuantityTakeOff',$,(#984));
#2098=IFCPROPERTYSINGLEVALUE('Reference',$,IFCLABEL('Interior - 126mm Partition (2-hr)'),$);
#2099=IFCPROPERTYSET('3r276y5ooMkeNqMB9UeHBN',#18,'Pset_ReinforcementBarPitchOfWall',$,(#2098));
#2100=IFCPROPERTYSET('1WKLBB35Qm1vsWwLfPoow2',#18,'Pset_WallCommon',$,(#256,#984,#988,#989));
#2101=IFCRELDEFINESBYPROPERTIES('1cYXQhBMIz$DZ9_uxY0khy',#18,$,$,(#2086),#2097);
#2102=IFCRELDEFINESBYPROPERTIES('0Nw5WYRdqApj0iyoJlvklg',#18,$,$,(#2086),#2099);
#2103=IFCRELDEFINESBYPROPERTIES('0JeIjx0RMu8MBy7n4J6fRq',#18,$,$,(#2086),#2100);
#2104=IFCCARTESIANPOINT((14.664000000000165,-3.3000000000000158,0.));
#2105=IFCAXIS2PLACEMENT3D(#2104,#9,#7);
#2106=IFCLOCALPLACEMENT(#108,#2105);
#2107=IFCCARTESIANPOINT((1.8219999999998953,0.));
#2108=IFCPOLYLINE((#4,#2107));
#2109=IFCSHAPEREPRESENTATION(#85,'Axis','Curve2D',(#2108));
#2110=IFCCARTESIANPOINT((0.91099999999994763,0.));
#2111=IFCAXIS2PLACEMENT2D(#2110,#12);
#2112=IFCRECTANGLEPROFILEDEF(.AREA.,$,#2111,1.8219999999998953,0.12800000000000122);
#2113=IFCAXIS2PLACEMENT3D(#3,$,$);
#2114=IFCEXTRUDEDAREASOLID(#2112,#2113,#9,3.2100000000000022);
#2115=IFCCARTESIANPOINT((1.8219999999998946,0.));
#2116=IFCCARTESIANPOINT((1.8219999999998948,0.12799999999999906));
#2117=IFCCARTESIANPOINT((0.,0.12799999999999906));
#2118=IFCPOLYLINE((#4,#2115,#2116,#2117,#4));
#2119=IFCCARTESIANPOINT((0.,-0.063999999999998045,3.2100000000000022));
#2120=IFCAXIS2PLACEMENT3D(#2119,#10,#5);
#2121=IFCPLANE(#2120);
#2122=IFCCARTESIANPOINT((0.,-0.063999999999998045,3.2100000000000022));
#2123=IFCAXIS2PLACEMENT3D(#2122,$,$);
#2124=IFCPOLYGONALBOUNDEDHALFSPACE(#2121,.T.,#2123,#2118);
#2125=IFCBOOLEANCLIPPINGRESULT(.DIFFERENCE.,#2114,#2124);
#2126=IFCSTYLEDITEM(#2114,(#948),$);
#2127=IFCSHAPEREPRESENTATION(#86,'Body','Clipping',(#2125));
#2128=IFCPRODUCTDEFINITIONSHAPE($,$,(#2109,#2127));
#2129=IFCWALLSTANDARDCASE('00rx_E4Bf4tw0ORMnlC2fy',#18,'Basiswand:Interior - 126mm Partition (2-hr):293465',$,'Basiswand:Interior - 126mm Partition (2-hr)',#2106,#2128,'293465');
#2130=IFCQUANTITYLENGTH('Height',$,$,3.2100000000000022);
#2131=IFCQUANTITYLENGTH('Length',$,$,1.8219999999998953);
#2132=IFCQUANTITYLENGTH('Width',$,$,0.12799999999999997);
#2133=IFCQUANTITYAREA('GrossFootprintArea',$,$,0.23321599999998882);
#2134=IFCQUANTITYVOLUME('GrossVolume',$,$,0.74862335999995677);
#2135=IFCQUANTITYAREA('GrossSideArea',$,$,5.8486199999996638);
#2136=IFCQUANTITYAREA('NetSideArea',$,$,5.8486199999996638);
#2137=IFCQUANTITYVOLUME('NetVolume',$,$,0.74862335999995555);
#2138=IFCELEMENTQUANTITY('2XhBbH4IKqKHQMkeR8Hc0z',#18,'BaseQuantities',$,$,(#2130,#2131,#2132,#2133,#2134,#2135,#2136,#2137));
#2139=IFCRELDEFINESBYPROPERTIES('1SJlM9WqPWS94f9C7K14AZ',#18,$,$,(#2129),#2138);
#2140=IFCPROPERTYSET('0yQmD$_hbcP5wt$uGzwXVX',#18,'Pset_QuantityTakeOff',$,(#984));
#2141=IFCPROPERTYSINGLEVALUE('Reference',$,IFCLABEL('Interior - 126mm Partition (2-hr)'),$);
#2142=IFCPROPERTYSET('1hhk2mX1szsHzHn5o9tcQQ',#18,'Pset_ReinforcementBarPitchOfWall',$,(#2141));
#2143=IFCPROPERTYSET('0oDHcVXKBlOyQotVnZxuVa',#18,'Pset_WallCommon',$,(#256,#984,#988,#989));
#2144=IFCRELDEFINESBYPROPERTIES('2D2jOnj2_imGBlZsaRTD3E',#18,$,$,(#2129),#2140);
#2145=IFCRELDEFINESBYPROPERTIES('2hsuTnwFd2SCfzHgqBWees',#18,$,$,(#2129),#2142);
#2146=IFCRELDEFINESBYPROPERTIES('0rJi164qeYabOIhXm4NFp6',#18,$,$,(#2129),#2143);
#2147=IFCCARTESIANPOINT((-2.8670000000000098,-3.3000000000000131,0.));
#2148=IFCAXIS2PLACEMENT3D(#2147,#9,#7);
#2149=IFCLOCALPLACEMENT(#108,#2148);
#2150=IFCCARTESIANPOINT((1.8219999999999492,-0.));
#2151=IFCPOLYLINE((#4,#2150));
#2152=IFCSHAPEREPRESENTATION(#85,'Axis','Curve2D',(#2151));
#2153=IFCCARTESIANPOINT((0.91099999999997461,0.));
#2154=IFCAXIS2PLACEMENT2D(#2153,#11);
#2155=IFCRECTANGLEPROFILEDEF(.AREA.,$,#2154,1.8219999999999488,0.12800000000000014);
#2156=IFCAXIS2PLACEMENT3D(#3,$,$);
#2157=IFCEXTRUDEDAREASOLID(#2155,#2156,#9,3.2100000000000022);
#2158=IFCCARTESIANPOINT((1.8219999999999488,0.));
#2159=IFCCARTESIANPOINT((1.8219999999999492,0.12800000000000014));
#2160=IFCCARTESIANPOINT((0.,0.12800000000000014));
#2161=IFCPOLYLINE((#4,#2158,#2159,#2160,#4));
#2162=IFCCARTESIANPOINT((0.,-0.064000000000000098,3.2100000000000022));
#2163=IFCAXIS2PLACEMENT3D(#2162,#10,#5);
#2164=IFCPLANE(#2163);
#2165=IFCCARTESIANPOINT((0.,-0.064000000000000098,3.2100000000000022));
#2166=IFCAXIS2PLACEMENT3D(#2165,$,$);
#2167=IFCPOLYGONALBOUNDEDHALFSPACE(#2164,.T.,#2166,#2161);
#2168=IFCBOOLEANCLIPPINGRESULT(.DIFFERENCE.,#2157,#2167);
#2169=IFCSTYLEDITEM(#2157,(#948),$);
#2170=IFCSHAPEREPRESENTATION(#86,'Body','Clipping',(#2168));
#2171=IFCPRODUCTDEFINITIONSHAPE($,$,(#2152,#2170));
#2172=IFCWALLSTANDARDCASE('00rx_E4Bf4tw0ORMnlC2f$',#18,'Basiswand:Interior - 126mm Partition (2-hr):293466',$,'Basiswand:Interior - 126mm Partition (2-hr)',#2149,#2171,'293466');
#2173=IFCQUANTITYLENGTH('Height',$,$,3.2100000000000022);
#2174=IFCQUANTITYLENGTH('Length',$,$,1.8219999999999492);
#2175=IFCQUANTITYLENGTH('Width',$,$,0.12799999999999997);
#2176=IFCQUANTITYAREA('GrossFootprintArea',$,$,0.23321599999999373);
#2177=IFCQUANTITYVOLUME('GrossVolume',$,$,0.54048153599997928);
#2178=IFCQUANTITYAREA('GrossSideArea',$,$,4.2225119999998393);
#2179=IFCQUANTITYAREA('NetSideArea',$,$,4.2225119999998393);
#2180=IFCQUANTITYVOLUME('NetVolume',$,$,0.54048153599998128);
#2181=IFCELEMENTQUANTITY('3u$2IUAxstRRr3CNuRe6_5',#18,'BaseQuantities',$,$,(#2173,#2174,#2175,#2176,#2177,#2178,#2179,#2180));
#2182=IFCRELDEFINESBYPROPERTIES('2Ymp6hpWSt7VWSP3$GAVHR',#18,$,$,(#2172),#2181);
#2183=IFCPROPERTYSET('37XGFPIn7mtb3vm8nnUBIp',#18,'Pset_QuantityTakeOff',$,(#984));
#2184=IFCPROPERTYSINGLEVALUE('Reference',$,IFCLABEL('Interior - 126mm Partition (2-hr)'),$);
#2185=IFCPROPERTYSET('3soF2evgcqsba8kTuErXRc',#18,'Pset_ReinforcementBarPitchOfWall',$,(#2184));
#2186=IFCPROPERTYSET('1PbWKyOjtgVWRA4Tqve7Xk',#18,'Pset_WallCommon',$,(#256,#984,#988,#989));
#2187=IFCRELDEFINESBYPROPERTIES('10O8PhmBe2aCXuMo1LMI5r',#18,$,$,(#2172),#2183);
#2188=IFCRELDEFINESBYPROPERTIES('3aJ_3WY9O9It3uauroPG2U',#18,$,$,(#2172),#2185);
#2189=IFCRELDEFINESBYPROPERTIES('1R_WasGqpjskp58AGVdmuC',#18,$,$,(#2172),#2186);
#2190=IFCCARTESIANPOINT((-0.57599999999999996,-1.123999999999999));
#2191=IFCCARTESIANPOINT((0.57599999999999973,-1.123999999999999));
#2192=IFCCARTESIANPOINT((0.57599999999999973,1.0860000000000003));
#2193=IFCCARTESIANPOINT((0.49999999999999989,1.0860000000000003));
#2194=IFCCARTESIANPOINT((0.49999999999999989,-1.0480000000000018));
#2195=IFCCARTESIANPOINT((-0.49999999999999961,-1.0480000000000018));
#2196=IFCCARTESIANPOINT((-0.49999999999999961,1.0860000000000003));
#2197=IFCCARTESIANPOINT((-0.57599999999999996,1.0860000000000003));
#2198=IFCPOLYLINE((#2190,#2191,#2192,#2193,#2194,#2195,#2196,#2197,#2190));
#2199=IFCARBITRARYCLOSEDPROFILEDEF(.AREA.,'1000 x 2134mm 2',#2198);
#2200=IFCCARTESIANPOINT((0.50000000000000089,0.12799999999999906,1.0860000000000003));
#2201=IFCAXIS2PLACEMENT3D(#2200,#7,#5);
#2202=IFCEXTRUDEDAREASOLID(#2199,#2201,#9,0.024999999999994454);
#2203=IFCCARTESIANPOINT((-1.1239999999999997,-0.57599999999999696));
#2204=IFCCARTESIANPOINT((1.0859999999999996,-0.57599999999999696));
#2205=IFCCARTESIANPOINT((1.0859999999999996,-0.50000000000000744));
#2206=IFCCARTESIANPOINT((-1.0479999999999996,-0.50000000000000744));
#2207=IFCCARTESIANPOINT((-1.0479999999999996,0.50000000000000178));
#2208=IFCCARTESIANPOINT((1.0859999999999996,0.50000000000000178));
#2209=IFCCARTESIANPOINT((1.0859999999999996,0.57600000000000262));
#2210=IFCCARTESIANPOINT((-1.1239999999999997,0.57600000000000262));
#2211=IFCPOLYLINE((#2203,#2204,#2205,#2206,#2207,#2208,#2209,#2210,#2203));
#2212=IFCARBITRARYCLOSEDPROFILEDEF(.AREA.,'1000 x 2134mm 2',#2211);
#2213=IFCCARTESIANPOINT((0.50000000000000311,-0.025000000000006517,1.0859999999999996));
#2214=IFCAXIS2PLACEMENT3D(#2213,#7,#10);
#2215=IFCEXTRUDEDAREASOLID(#2212,#2214,#9,0.025000000000005587);
#2216=IFCCARTESIANPOINT((3.4694469519536142E-18,0.));
#2217=IFCAXIS2PLACEMENT2D(#2216,#11);
#2218=IFCRECTANGLEPROFILEDEF(.AREA.,'1000 x 2134mm 2',#2217,0.051000000000000004,0.99999999999999967);
#2219=IFCCARTESIANPOINT((0.50000000000000044,0.10249999999999905,0.));
#2220=IFCAXIS2PLACEMENT3D(#2219,#9,#7);
#2221=IFCEXTRUDEDAREASOLID(#2218,#2220,#9,2.133999999999999);
#2222=IFCCOLOURRGB($,0.59999999999999998,0.29803921568627451,0.16862745098039217);
#2223=IFCSURFACESTYLERENDERING(#2222,0.,$,$,$,$,IFCNORMALISEDRATIOMEASURE(0.5),IFCSPECULAREXPONENT(128.),.NOTDEFINED.);
#2224=IFCSURFACESTYLE('Door - Frame',.BOTH.,(#2223));
#2225=IFCPRESENTATIONSTYLEASSIGNMENT((#2224));
#2226=IFCSTYLEDITEM(#2202,(#2225),$);
#2227=IFCSTYLEDITEM(#2215,(#2225),$);
#2228=IFCCOLOURRGB($,0.44705882352941179,0.32156862745098042,0.20000000000000001);
#2229=IFCSURFACESTYLERENDERING(#2228,0.,$,$,$,$,IFCNORMALISEDRATIOMEASURE(0.5),IFCSPECULAREXPONENT(128.),.NOTDEFINED.);
#2230=IFCSURFACESTYLE('Door - Panel',.BOTH.,(#2229));
#2231=IFCPRESENTATIONSTYLEASSIGNMENT((#2230));
#2232=IFCSTYLEDITEM(#2221,(#2231),$);
#2233=IFCSHAPEREPRESENTATION(#86,'Body','SweptSolid',(#2202,#2215,#2221));
#2234=IFCAXIS2PLACEMENT3D(#3,$,$);
#2235=IFCREPRESENTATIONMAP(#2234,#2233);
#2236=IFCDOORLININGPROPERTIES('00rx_E4Bf4tw0ORMrlC2f_',#18,'M_Single-Flush:1000 x 2134mm 2:293467',$,$,$,$,$,$,$,$,$,$,$,$);
#2237=IFCDOORPANELPROPERTIES('00rx_E4Bf4tw0ORMvlC2f_',#18,'M_Single-Flush:1000 x 2134mm 2:293467:1',$,$,.NOTDEFINED.,$,.NOTDEFINED.,$);
#2238=IFCDOORSTYLE('0eDjUB5XwPfBfOTZhqx85A',#18,'M_Single-Flush:1000 x 2134mm 2',$,$,(#2236,#2237,#2268),(#2235),'208371',.NOTDEFINED.,.NOTDEFINED.,.F.,.F.);
#2239=IFCMATERIAL('Door - Frame');
#2240=IFCPRESENTATIONSTYLEASSIGNMENT((#2224));
#2241=IFCSTYLEDITEM($,(#2240),$);
#2242=IFCSTYLEDREPRESENTATION(#84,'Style','Material',(#2241));
#2243=IFCMATERIALDEFINITIONREPRESENTATION($,$,(#2242),#2239);
#2244=IFCMATERIAL('Door - Panel');
#2245=IFCPRESENTATIONSTYLEASSIGNMENT((#2230));
#2246=IFCSTYLEDITEM($,(#2245),$);
#2247=IFCSTYLEDREPRESENTATION(#84,'Style','Material',(#2246));
#2248=IFCMATERIALDEFINITIONREPRESENTATION($,$,(#2247),#2244);
#2249=IFCMATERIALLIST((#2239,#2244));
#2250=IFCCARTESIANTRANSFORMATIONOPERATOR3D($,$,#3,1.,$);
#2251=IFCMAPPEDITEM(#2235,#2250);
#2252=IFCSHAPEREPRESENTATION(#86,'Body','MappedRepresentation',(#2251));
#2253=IFCPRODUCTDEFINITIONSHAPE($,$,(#2252));
#2254=IFCCARTESIANPOINT((2.5639999999999934,-1.2070000000000429,0.));
#2255=IFCAXIS2PLACEMENT3D(#2254,#9,#7);
#2257=IFCDOOR('00rx_E4Bf4tw0ORMnlC2f_',#18,'M_Single-Flush:1000 x 2134mm 2:293467',$,'M_Single-Flush:1000 x 2134mm 2',#5381,#2253,'293467',2.1339999999999999,0.99999999999999989);
#2258=IFCPROPERTYSINGLEVALUE('Reference',$,IFCIDENTIFIER('1000 x 2134mm 2'),$);
#2259=IFCPROPERTYSET('3XS8VcWBM4BwsGVizDA_iU',#18,'Pset_DoorCommon',$,(#256,#2258));
#2260=IFCPROPERTYSET('2_HRpHhe$7df0ao$444BhA',#18,'Pset_QuantityTakeOff',$,(#2258));
#2261=IFCRELDEFINESBYPROPERTIES('2AO8wssOZR3eter2CzGms3',#18,$,$,(#2257),#2259);
#2262=IFCRELDEFINESBYPROPERTIES('0rwDZQOtK53hDn_Wt5sQVp',#18,$,$,(#2257),#2260);
#2263=IFCQUANTITYLENGTH('Height','',$,2.1339999999999999);
#2264=IFCQUANTITYLENGTH('Width','',$,0.99999999999999989);
#2265=IFCQUANTITYAREA('Area','area measured in geometry',$,2.1339999999999999);
#2266=IFCELEMENTQUANTITY('0X2N5K7HlTfk1QTwWrgl89',#18,'BaseQuantities',$,$,(#2263,#2264,#2265));
#2267=IFCRELDEFINESBYPROPERTIES('0Y_48gyL9fi4meh95bU9Dc',#18,$,$,(#2257),#2266);
#2268=IFCPROPERTYSET('1A_$P04OWZL5oo58hiqjsO',#18,'Pset_DoorCommon',$,(#256));
#2269=IFCMAPPEDITEM(#2235,#2250);
#2270=IFCSHAPEREPRESENTATION(#86,'Body','MappedRepresentation',(#2269));
#2271=IFCPRODUCTDEFINITIONSHAPE($,$,(#2270));
#2272=IFCCARTESIANPOINT((5.0360000000001257,7.4500000000099664,0.));
#2273=IFCAXIS2PLACEMENT3D(#2272,#9,#8);
#2275=IFCDOOR('00rx_E4Bf4tw0ORMnlC2fv',#18,'M_Single-Flush:1000 x 2134mm 2:293468',$,'M_Single-Flush:1000 x 2134mm 2',#5341,#2271,'293468',2.1339999999999999,1.);
#2276=IFCPROPERTYSET('0y2usoc41YWeyKvh1h715d',#18,'Pset_DoorCommon',$,(#256,#2258));
#2277=IFCPROPERTYSET('2sL5ZYptTVhC6qrhmqaazt',#18,'Pset_QuantityTakeOff',$,(#2258));
#2278=IFCRELDEFINESBYPROPERTIES('2kbD1mUlmC99oqV8cPOa$a',#18,$,$,(#2275),#2276);
#2279=IFCRELDEFINESBYPROPERTIES('2lGwIqs8cu$JVzQo49BImx',#18,$,$,(#2275),#2277);
#2280=IFCQUANTITYLENGTH('Height','',$,2.1339999999999999);
#2281=IFCQUANTITYLENGTH('Width','',$,0.99999999999999989);
#2282=IFCQUANTITYAREA('Area','area measured in geometry',$,2.1339999999999999);
#2283=IFCELEMENTQUANTITY('0Ja5aWKdHnJzL6nX6Pqji$',#18,'BaseQuantities',$,$,(#2280,#2281,#2282));
#2284=IFCRELDEFINESBYPROPERTIES('13WK20MHxvYx5hDTfG3E79',#18,$,$,(#2275),#2283);
#2285=IFCCARTESIANPOINT((-0.51849999999999985,-1.1244999999999989));
#2286=IFCCARTESIANPOINT((0.51849999999999974,-1.1244999999999989));
#2287=IFCCARTESIANPOINT((0.51849999999999974,1.0865000000000002));
#2288=IFCCARTESIANPOINT((0.4425,1.0865000000000002));
#2289=IFCCARTESIANPOINT((0.4425,-1.048500000000002));
#2290=IFCCARTESIANPOINT((-0.44249999999999973,-1.048500000000002));
#2291=IFCCARTESIANPOINT((-0.44249999999999973,1.0865000000000002));
#2292=IFCCARTESIANPOINT((-0.51849999999999985,1.0865000000000002));
#2293=IFCPOLYLINE((#2285,#2286,#2287,#2288,#2289,#2290,#2291,#2292,#2285));
#2294=IFCARBITRARYCLOSEDPROFILEDEF(.AREA.,'0885 x 2135 mm',#2293);
#2295=IFCCARTESIANPOINT((0.44250000000000012,0.15299999999998817,1.0865000000000002));
#2296=IFCAXIS2PLACEMENT3D(#2295,#8,#6);
#2297=IFCEXTRUDEDAREASOLID(#2294,#2296,#9,0.024999999999994454);
#2298=IFCCARTESIANPOINT((-1.1244999999999996,-0.51849999999999719));
#2299=IFCCARTESIANPOINT((1.0864999999999996,-0.51849999999999719));
#2300=IFCCARTESIANPOINT((1.0864999999999996,-0.44250000000000717));
#2301=IFCCARTESIANPOINT((-1.0484999999999995,-0.44250000000000717));
#2302=IFCCARTESIANPOINT((-1.0484999999999995,0.44250000000000173));
#2303=IFCCARTESIANPOINT((1.0864999999999996,0.44250000000000173));
#2304=IFCCARTESIANPOINT((1.0864999999999996,0.51850000000000251));
#2305=IFCCARTESIANPOINT((-1.1244999999999996,0.51850000000000251));
#2306=IFCPOLYLINE((#2298,#2299,#2300,#2301,#2302,#2303,#2304,#2305,#2298));
#2307=IFCARBITRARYCLOSEDPROFILEDEF(.AREA.,'0885 x 2135 mm',#2306);
#2308=IFCCARTESIANPOINT((0.44249999999999806,0.,1.0864999999999996));
#2309=IFCAXIS2PLACEMENT3D(#2308,#8,#10);
#2310=IFCEXTRUDEDAREASOLID(#2307,#2309,#9,0.02500000000000557);
#2311=IFCCARTESIANPOINT((0.,3.4694469519536142E-18));
#2312=IFCAXIS2PLACEMENT2D(#2311,#11);
#2313=IFCRECTANGLEPROFILEDEF(.AREA.,'0885 x 2135 mm',#2312,0.88499999999999968,0.051000000000000004);
#2314=IFCCARTESIANPOINT((0.4425000000000005,0.10249999999999372,0.));
#2315=IFCAXIS2PLACEMENT3D(#2314,$,$);
#2316=IFCEXTRUDEDAREASOLID(#2313,#2315,#9,2.1349999999999993);
#2317=IFCSTYLEDITEM(#2297,(#2225),$);
#2318=IFCSTYLEDITEM(#2310,(#2225),$);
#2319=IFCSTYLEDITEM(#2316,(#2231),$);
#2320=IFCSHAPEREPRESENTATION(#86,'Body','SweptSolid',(#2297,#2310,#2316));
#2321=IFCAXIS2PLACEMENT3D(#3,$,$);
#2322=IFCREPRESENTATIONMAP(#2321,#2320);
#2323=IFCDOORLININGPROPERTIES('00rx_E4Bf4tw0ORMrlC2fu',#18,'M_Single-Flush:0885 x 2135 mm:293469',$,$,$,$,$,$,$,$,$,$,$,$);
#2324=IFCDOORPANELPROPERTIES('00rx_E4Bf4tw0ORMvlC2fu',#18,'M_Single-Flush:0885 x 2135 mm:293469:1',$,$,.NOTDEFINED.,$,.NOTDEFINED.,$);
#2325=IFCDOORSTYLE('1d8y0yE5LYkqVcfBjM33vF',#18,'M_Single-Flush:0885 x 2135 mm',$,$,(#2323,#2324,#2343),(#2322),'256718',.NOTDEFINED.,.NOTDEFINED.,.F.,.F.);
#2326=IFCMAPPEDITEM(#2322,#2250);
#2327=IFCSHAPEREPRESENTATION(#86,'Body','MappedRepresentation',(#2326));
#2328=IFCPRODUCTDEFINITIONSHAPE($,$,(#2327));
#2329=IFCCARTESIANPOINT((2.5065000000000088,7.6250000000099805,0.));
#2330=IFCAXIS2PLACEMENT3D(#2329,$,$);
#2332=IFCDOOR('00rx_E4Bf4tw0ORMnlC2fu',#18,'M_Single-Flush:0885 x 2135 mm:293469',$,'M_Single-Flush:0885 x 2135 mm',#5281,#2328,'293469',2.1349999999999998,0.88500000000000023);
#2333=IFCPROPERTYSINGLEVALUE('Reference',$,IFCIDENTIFIER('0885 x 2135 mm'),$);
#2334=IFCPROPERTYSET('1aS1U4vDTmmawEH5EXVj34',#18,'Pset_DoorCommon',$,(#256,#2333));
#2335=IFCPROPERTYSET('1Mf74Onl8wLJRPBltCIO$v',#18,'Pset_QuantityTakeOff',$,(#2333));
#2336=IFCRELDEFINESBYPROPERTIES('3PwmYLcpmvTIdwimRNt5D8',#18,$,$,(#2332),#2334);
#2337=IFCRELDEFINESBYPROPERTIES('3FqAoBlbcd1iBzzU84MXwz',#18,$,$,(#2332),#2335);
#2338=IFCQUANTITYLENGTH('Height','',$,2.1349999999999998);
#2339=IFCQUANTITYLENGTH('Width','',$,0.88500000000000001);
#2340=IFCQUANTITYAREA('Area','area measured in geometry',$,1.8894749999999998);
#2341=IFCELEMENTQUANTITY('3$jL5VoJCDTKWNVBdRqsoO',#18,'BaseQuantities',$,$,(#2338,#2339,#2340));
#2342=IFCRELDEFINESBYPROPERTIES('3GBWR68kaylnThD7giqs8R',#18,$,$,(#2332),#2341);
#2343=IFCPROPERTYSET('0Jcw8rRrUK6NgHIu_bHdZj',#18,'Pset_DoorCommon',$,(#256));
#2344=IFCCARTESIANPOINT((-0.51849999999999985,-1.1244999999999989));
#2345=IFCCARTESIANPOINT((0.51849999999999974,-1.1244999999999989));
#2346=IFCCARTESIANPOINT((0.51849999999999974,1.0865000000000002));
#2347=IFCCARTESIANPOINT((0.4425,1.0865000000000002));
#2348=IFCCARTESIANPOINT((0.4425,-1.048500000000002));
#2349=IFCCARTESIANPOINT((-0.44249999999999973,-1.048500000000002));
#2350=IFCCARTESIANPOINT((-0.44249999999999973,1.0865000000000002));
#2351=IFCCARTESIANPOINT((-0.51849999999999985,1.0865000000000002));
#2352=IFCPOLYLINE((#2344,#2345,#2346,#2347,#2348,#2349,#2350,#2351,#2344));
#2353=IFCARBITRARYCLOSEDPROFILEDEF(.AREA.,'0885 x 2135 mm',#2352);
#2354=IFCCARTESIANPOINT((0.44250000000000095,0.12799999999999917,1.0865000000000002));
#2355=IFCAXIS2PLACEMENT3D(#2354,#7,#5);
#2356=IFCEXTRUDEDAREASOLID(#2353,#2355,#9,0.024999999999994454);
#2357=IFCCARTESIANPOINT((-1.1244999999999996,-0.51849999999999719));
#2358=IFCCARTESIANPOINT((1.0864999999999996,-0.51849999999999719));
#2359=IFCCARTESIANPOINT((1.0864999999999996,-0.44250000000000717));
#2360=IFCCARTESIANPOINT((-1.0484999999999995,-0.44250000000000717));
#2361=IFCCARTESIANPOINT((-1.0484999999999995,0.44250000000000173));
#2362=IFCCARTESIANPOINT((1.0864999999999996,0.44250000000000173));
#2363=IFCCARTESIANPOINT((1.0864999999999996,0.51850000000000251));
#2364=IFCCARTESIANPOINT((-1.1244999999999996,0.51850000000000251));
#2365=IFCPOLYLINE((#2357,#2358,#2359,#2360,#2361,#2362,#2363,#2364,#2357));
#2366=IFCARBITRARYCLOSEDPROFILEDEF(.AREA.,'0885 x 2135 mm',#2365);
#2367=IFCCARTESIANPOINT((0.442500000000003,-0.025000000000006406,1.0864999999999996));
#2368=IFCAXIS2PLACEMENT3D(#2367,#7,#10);
#2369=IFCEXTRUDEDAREASOLID(#2366,#2368,#9,0.02500000000000557);
#2370=IFCCARTESIANPOINT((3.4694469519536142E-18,0.));
#2371=IFCAXIS2PLACEMENT2D(#2370,#11);
#2372=IFCRECTANGLEPROFILEDEF(.AREA.,'0885 x 2135 mm',#2371,0.051000000000000004,0.88499999999999968);
#2373=IFCCARTESIANPOINT((0.4425000000000005,0.10249999999999918,0.));
#2374=IFCAXIS2PLACEMENT3D(#2373,#9,#7);
#2375=IFCEXTRUDEDAREASOLID(#2372,#2374,#9,2.1349999999999993);
#2376=IFCSTYLEDITEM(#2356,(#2225),$);
#2377=IFCSTYLEDITEM(#2369,(#2225),$);
#2378=IFCSTYLEDITEM(#2375,(#2231),$);
#2379=IFCSHAPEREPRESENTATION(#86,'Body','SweptSolid',(#2356,#2369,#2375));
#2380=IFCAXIS2PLACEMENT3D(#3,$,$);
#2381=IFCREPRESENTATIONMAP(#2380,#2379);
#2382=IFCDOORLININGPROPERTIES('00rx_E4Bf4tw0ORMrlC2fx',#18,'M_Single-Flush:0885 x 2135 mm:293470',$,$,$,$,$,$,$,$,$,$,$,$);
#2383=IFCDOORPANELPROPERTIES('00rx_E4Bf4tw0ORMvlC2fx',#18,'M_Single-Flush:0885 x 2135 mm:293470:1',$,$,.NOTDEFINED.,$,.NOTDEFINED.,$);
#2384=IFCDOORSTYLE('3zqu1fDFmMmHZM5pfwzKLs',#18,'M_Single-Flush:0885 x 2135 mm',$,$,(#2382,#2383,#2401),(#2381),'256718',.NOTDEFINED.,.NOTDEFINED.,.F.,.F.);
#2385=IFCMAPPEDITEM(#2381,#2250);
#2386=IFCSHAPEREPRESENTATION(#86,'Body','MappedRepresentation',(#2385));
#2387=IFCPRODUCTDEFINITIONSHAPE($,$,(#2386));
#2388=IFCCARTESIANPOINT((-3.3245000000000071,-1.3500000000000634,0.));
#2389=IFCAXIS2PLACEMENT3D(#2388,#9,#6);
#2391=IFCDOOR('00rx_E4Bf4tw0ORMnlC2fx',#18,'M_Single-Flush:0885 x 2135 mm:293470',$,'M_Single-Flush:0885 x 2135 mm',#5501,#2387,'293470',2.1349999999999998,0.88500000000000023);
#2392=IFCPROPERTYSET('0U02ZXjbpk0k9ZC7NZQZnZ',#18,'Pset_DoorCommon',$,(#256,#2333));
#2393=IFCPROPERTYSET('1fC53zrfdoWYRj71fxVOuj',#18,'Pset_QuantityTakeOff',$,(#2333));
#2394=IFCRELDEFINESBYPROPERTIES('1qqookEuTn4wGgDlR_7aGb',#18,$,$,(#2391),#2392);
#2395=IFCRELDEFINESBYPROPERTIES('1Cz5zbpBoq7SSXV7O1GgV6',#18,$,$,(#2391),#2393);
#2396=IFCQUANTITYLENGTH('Height','',$,2.1349999999999998);
#2397=IFCQUANTITYLENGTH('Width','',$,0.88500000000000001);
#2398=IFCQUANTITYAREA('Area','area measured in geometry',$,1.8894749999999998);
#2399=IFCELEMENTQUANTITY('2PQiu1NKtDu4_oi463vplo',#18,'BaseQuantities',$,$,(#2396,#2397,#2398));
#2400=IFCRELDEFINESBYPROPERTIES('1C3lEolIhp3RZqL0cMs9sZ',#18,$,$,(#2391),#2399);
#2401=IFCPROPERTYSET('3FGbLmpFPAqea7nfBYg3i0',#18,'Pset_DoorCommon',$,(#256));
#2402=IFCMAPPEDITEM(#2381,#2250);
#2403=IFCSHAPEREPRESENTATION(#86,'Body','MappedRepresentation',(#2402));
#2404=IFCPRODUCTDEFINITIONSHAPE($,$,(#2403));
#2405=IFCCARTESIANPOINT((3.7110962989036063,-1.3500000000000862,0.));
#2406=IFCAXIS2PLACEMENT3D(#2405,#9,#6);
#2408=IFCDOOR('00rx_E4Bf4tw0ORMnlC2fw',#18,'M_Single-Flush:0885 x 2135 mm:293471',$,'M_Single-Flush:0885 x 2135 mm',#5521,#2404,'293471',2.1349999999999998,0.88500000000000023);
#2409=IFCPROPERTYSET('1v2SvYU1$_A6Oh3$oU_D9O',#18,'Pset_DoorCommon',$,(#256,#2333));
#2410=IFCPROPERTYSET('2OfX41If23vUo4oV0MHyzN',#18,'Pset_QuantityTakeOff',$,(#2333));
#2411=IFCRELDEFINESBYPROPERTIES('1rNk0e$WWPOKwkp1eR664D',#18,$,$,(#2408),#2409);
#2412=IFCRELDEFINESBYPROPERTIES('1PqPqfUPdy75wILECRdj85',#18,$,$,(#2408),#2410);
#2413=IFCQUANTITYLENGTH('Height','',$,2.1349999999999998);
#2414=IFCQUANTITYLENGTH('Width','',$,0.88500000000000001);
#2415=IFCQUANTITYAREA('Area','area measured in geometry',$,1.8894749999999998);
#2416=IFCELEMENTQUANTITY('2pYKh$o5oncaJ9v1lJ2dEd',#18,'BaseQuantities',$,$,(#2413,#2414,#2415));
#2417=IFCRELDEFINESBYPROPERTIES('259LQmND9BteUVgh00fJ5A',#18,$,$,(#2408),#2416);
#2418=IFCMAPPEDITEM(#2322,#2250);
#2419=IFCSHAPEREPRESENTATION(#86,'Body','MappedRepresentation',(#2418));
#2420=IFCPRODUCTDEFINITIONSHAPE($,$,(#2419));
#2421=IFCCARTESIANPOINT((14.253727167375537,-1.3500000000001255,0.));
#2422=IFCAXIS2PLACEMENT3D(#2421,#9,#6);
#2424=IFCDOOR('00rx_E4Bf4tw0ORMnlC2f5',#18,'M_Single-Flush:0885 x 2135 mm:293472',$,'M_Single-Flush:0885 x 2135 mm',#5541,#2420,'293472',2.1349999999999998,0.88500000000000023);
#2425=IFCPROPERTYSET('0uDW12fJq_v4Jf7qXjfIWV',#18,'Pset_DoorCommon',$,(#256,#2333));
#2426=IFCPROPERTYSET('0tFGiB0oMtOrYSqieombzt',#18,'Pset_QuantityTakeOff',$,(#2333));
#2427=IFCRELDEFINESBYPROPERTIES('09ENSuuWWq1EpgeagfHp2k',#18,$,$,(#2424),#2425);
#2428=IFCRELDEFINESBYPROPERTIES('1p3YJ4a5q2JDSOWs8M1rAq',#18,$,$,(#2424),#2426);
#2429=IFCQUANTITYLENGTH('Height','',$,2.1349999999999998);
#2430=IFCQUANTITYLENGTH('Width','',$,0.88500000000000001);
#2431=IFCQUANTITYAREA('Area','area measured in geometry',$,1.8894749999999998);
#2432=IFCELEMENTQUANTITY('0t72Xfo6RuuDvaDf77BLdx',#18,'BaseQuantities',$,$,(#2429,#2430,#2431));
#2433=IFCRELDEFINESBYPROPERTIES('2Xm_Hpg6wEshTtdpHstWoB',#18,$,$,(#2424),#2432);
#2434=IFCCARTESIANPOINT((-0.45700000000000002,-1.123999999999999));
#2435=IFCCARTESIANPOINT((0.45699999999999985,-1.123999999999999));
#2436=IFCCARTESIANPOINT((0.45699999999999985,1.0860000000000003));
#2437=IFCCARTESIANPOINT((0.38099999999999984,1.0860000000000003));
#2438=IFCCARTESIANPOINT((0.38099999999999984,-1.0480000000000018));
#2439=IFCCARTESIANPOINT((-0.38099999999999967,-1.0480000000000018));
#2440=IFCCARTESIANPOINT((-0.38099999999999967,1.0860000000000003));
#2441=IFCCARTESIANPOINT((-0.45700000000000002,1.0860000000000003));
#2442=IFCPOLYLINE((#2434,#2435,#2436,#2437,#2438,#2439,#2440,#2441,#2434));
#2443=IFCARBITRARYCLOSEDPROFILEDEF(.AREA.,'0762 x 2134mm',#2442);
#2444=IFCCARTESIANPOINT((0.38100000000000001,0.15299999999998973,1.0860000000000003));
#2445=IFCAXIS2PLACEMENT3D(#2444,#8,#6);
#2446=IFCEXTRUDEDAREASOLID(#2443,#2445,#9,0.024999999999994461);
#2447=IFCCARTESIANPOINT((-1.1239999999999997,-0.45699999999999713));
#2448=IFCCARTESIANPOINT((1.0859999999999996,-0.45699999999999713));
#2449=IFCCARTESIANPOINT((1.0859999999999996,-0.38100000000000739));
#2450=IFCCARTESIANPOINT((-1.0479999999999996,-0.38100000000000739));
#2451=IFCCARTESIANPOINT((-1.0479999999999996,0.38100000000000184));
#2452=IFCCARTESIANPOINT((1.0859999999999996,0.38100000000000184));
#2453=IFCCARTESIANPOINT((1.0859999999999996,0.45700000000000268));
#2454=IFCCARTESIANPOINT((-1.1239999999999997,0.45700000000000268));
#2455=IFCPOLYLINE((#2447,#2448,#2449,#2450,#2451,#2452,#2453,#2454,#2447));
#2456=IFCARBITRARYCLOSEDPROFILEDEF(.AREA.,'0762 x 2134mm',#2455);
#2457=IFCCARTESIANPOINT((0.38099999999999778,0.,1.0859999999999996));
#2458=IFCAXIS2PLACEMENT3D(#2457,#8,#10);
#2459=IFCEXTRUDEDAREASOLID(#2456,#2458,#9,0.025000000000005587);
#2460=IFCCARTESIANPOINT((0.,3.4694469519536142E-18));
#2461=IFCAXIS2PLACEMENT2D(#2460,#11);
#2462=IFCRECTANGLEPROFILEDEF(.AREA.,'0762 x 2134mm',#2461,0.76199999999999979,0.051000000000000004);
#2463=IFCCARTESIANPOINT((0.38100000000000045,0.10249999999999526,0.));
#2464=IFCAXIS2PLACEMENT3D(#2463,$,$);
#2465=IFCEXTRUDEDAREASOLID(#2462,#2464,#9,2.133999999999999);
#2466=IFCSTYLEDITEM(#2446,(#2225),$);
#2467=IFCSTYLEDITEM(#2459,(#2225),$);
#2468=IFCSTYLEDITEM(#2465,(#2231),$);
#2469=IFCSHAPEREPRESENTATION(#86,'Body','SweptSolid',(#2446,#2459,#2465));
#2470=IFCAXIS2PLACEMENT3D(#3,$,$);
#2471=IFCREPRESENTATIONMAP(#2470,#2469);
#2472=IFCDOORLININGPROPERTIES('00rx_E4Bf4tw0ORMrlC2f4',#18,'M_Single-Flush:0762 x 2134mm:293473',$,$,$,$,$,$,$,$,$,$,$,$);
#2473=IFCDOORPANELPROPERTIES('00rx_E4Bf4tw0ORMvlC2f4',#18,'M_Single-Flush:0762 x 2134mm:293473:1',$,$,.NOTDEFINED.,$,.NOTDEFINED.,$);
#2474=IFCDOORSTYLE('0RBUYTSLOjjrjbGljpxdVG',#18,'M_Single-Flush:0762 x 2134mm',$,$,(#2472,#2473,#2492),(#2471),'53076',.NOTDEFINED.,.NOTDEFINED.,.F.,.F.);
#2475=IFCMAPPEDITEM(#2471,#2250);
#2476=IFCSHAPEREPRESENTATION(#86,'Body','MappedRepresentation',(#2475));
#2477=IFCPRODUCTDEFINITIONSHAPE($,$,(#2476));
#2478=IFCCARTESIANPOINT((-2.4749999999999908,4.7230000000000123,0.));
#2479=IFCAXIS2PLACEMENT3D(#2478,#9,#8);
#2481=IFCDOOR('00rx_E4Bf4tw0ORMnlC2f4',#18,'M_Single-Flush:0762 x 2134mm:293473',$,'M_Single-Flush:0762 x 2134mm',#5401,#2477,'293473',2.1339999999999999,0.76200000000000057);
#2482=IFCPROPERTYSINGLEVALUE('Reference',$,IFCIDENTIFIER('0762 x 2134mm'),$);
#2483=IFCPROPERTYSET('1okt5Wbjf7Y3vYm9QNsFYl',#18,'Pset_DoorCommon',$,(#256,#2482));
#2484=IFCPROPERTYSET('0HW7af$W1iu1bT57BujVGS',#18,'Pset_QuantityTakeOff',$,(#2482));
#2485=IFCRELDEFINESBYPROPERTIES('3Mp7eBcoE5SVoF1fJ5eean',#18,$,$,(#2481),#2483);
#2486=IFCRELDEFINESBYPROPERTIES('1t8t3B65gAHWwZxmO28kNe',#18,$,$,(#2481),#2484);
#2487=IFCQUANTITYLENGTH('Height','',$,2.1339999999999999);
#2488=IFCQUANTITYLENGTH('Width','',$,0.7619999999999999);
#2489=IFCQUANTITYAREA('Area','area measured in geometry',$,1.6261079999999994);
#2490=IFCELEMENTQUANTITY('25KCgzOrZcebigYo4q3D_p',#18,'BaseQuantities',$,$,(#2487,#2488,#2489));
#2491=IFCRELDEFINESBYPROPERTIES('2ST$IVqYkLMVm7vHF0y3JT',#18,$,$,(#2481),#2490);
#2492=IFCPROPERTYSET('3p6MrdY6jW_PJCLNb5A3NR',#18,'Pset_DoorCommon',$,(#256));
#2493=IFCMAPPEDITEM(#2471,#2250);
#2494=IFCSHAPEREPRESENTATION(#86,'Body','MappedRepresentation',(#2493));
#2495=IFCPRODUCTDEFINITIONSHAPE($,$,(#2494));
#2496=IFCCARTESIANPOINT((-0.41999999999964316,4.7230000000000087,0.));
#2497=IFCAXIS2PLACEMENT3D(#2496,#9,#8);
#2499=IFCDOOR('00rx_E4Bf4tw0ORMnlC2f7',#18,'M_Single-Flush:0762 x 2134mm:293474',$,'M_Single-Flush:0762 x 2134mm',#5461,#2495,'293474',2.1339999999999999,0.76200000000000057);
#2500=IFCPROPERTYSET('3OegLfOmQjffrnUSbaqg04',#18,'Pset_DoorCommon',$,(#256,#2482));
#2501=IFCPROPERTYSET('18CI$WzaNO2STiuHtFc5xx',#18,'Pset_QuantityTakeOff',$,(#2482));
#2502=IFCRELDEFINESBYPROPERTIES('1D59dYv45iQAbGMrZeJDLQ',#18,$,$,(#2499),#2500);
#2503=IFCRELDEFINESBYPROPERTIES('3_l7f7LSFPLekXj$oAy_K7',#18,$,$,(#2499),#2501);
#2504=IFCQUANTITYLENGTH('Height','',$,2.1339999999999999);
#2505=IFCQUANTITYLENGTH('Width','',$,0.7619999999999999);
#2506=IFCQUANTITYAREA('Area','area measured in geometry',$,1.6261079999999994);
#2507=IFCELEMENTQUANTITY('0b2eh7H7b4w8mjVtMpB14l',#18,'BaseQuantities',$,$,(#2504,#2505,#2506));
#2508=IFCRELDEFINESBYPROPERTIES('0RqpsN61gSNPBV7cRCGG5t',#18,$,$,(#2499),#2507);
#2509=IFCCARTESIANPOINT((-0.45700000000000002,-1.123999999999999));
#2510=IFCCARTESIANPOINT((0.45699999999999985,-1.123999999999999));
#2511=IFCCARTESIANPOINT((0.45699999999999985,1.0860000000000003));
#2512=IFCCARTESIANPOINT((0.38099999999999984,1.0860000000000003));
#2513=IFCCARTESIANPOINT((0.38099999999999984,-1.0480000000000018));
#2514=IFCCARTESIANPOINT((-0.38099999999999967,-1.0480000000000018));
#2515=IFCCARTESIANPOINT((-0.38099999999999967,1.0860000000000003));
#2516=IFCCARTESIANPOINT((-0.45700000000000002,1.0860000000000003));
#2517=IFCPOLYLINE((#2509,#2510,#2511,#2512,#2513,#2514,#2515,#2516,#2509));
#2518=IFCARBITRARYCLOSEDPROFILEDEF(.AREA.,'0762 x 2134mm',#2517);
#2519=IFCCARTESIANPOINT((0.38100000000000089,0.12800000000000067,1.0860000000000003));
#2520=IFCAXIS2PLACEMENT3D(#2519,#7,#5);
#2521=IFCEXTRUDEDAREASOLID(#2518,#2520,#9,0.024999999999994461);
#2522=IFCCARTESIANPOINT((-1.1239999999999997,-0.45699999999999713));
#2523=IFCCARTESIANPOINT((1.0859999999999996,-0.45699999999999713));
#2524=IFCCARTESIANPOINT((1.0859999999999996,-0.38100000000000739));
#2525=IFCCARTESIANPOINT((-1.0479999999999996,-0.38100000000000739));
#2526=IFCCARTESIANPOINT((-1.0479999999999996,0.38100000000000184));
#2527=IFCCARTESIANPOINT((1.0859999999999996,0.38100000000000184));
#2528=IFCCARTESIANPOINT((1.0859999999999996,0.45700000000000268));
#2529=IFCCARTESIANPOINT((-1.1239999999999997,0.45700000000000268));
#2530=IFCPOLYLINE((#2522,#2523,#2524,#2525,#2526,#2527,#2528,#2529,#2522));
#2531=IFCARBITRARYCLOSEDPROFILEDEF(.AREA.,'0762 x 2134mm',#2530);
#2532=IFCCARTESIANPOINT((0.38100000000000311,-0.025000000000004876,1.0859999999999996));
#2533=IFCAXIS2PLACEMENT3D(#2532,#7,#10);
#2534=IFCEXTRUDEDAREASOLID(#2531,#2533,#9,0.025000000000005587);
#2535=IFCCARTESIANPOINT((3.4694469519536142E-18,0.));
#2536=IFCAXIS2PLACEMENT2D(#2535,#11);
#2537=IFCRECTANGLEPROFILEDEF(.AREA.,'0762 x 2134mm',#2536,0.051000000000000004,0.76199999999999979);
#2538=IFCCARTESIANPOINT((0.38100000000000045,0.10250000000000069,0.));
#2539=IFCAXIS2PLACEMENT3D(#2538,#9,#7);
#2540=IFCEXTRUDEDAREASOLID(#2537,#2539,#9,2.133999999999999);
#2541=IFCSTYLEDITEM(#2521,(#2225),$);
#2542=IFCSTYLEDITEM(#2534,(#2225),$);
#2543=IFCSTYLEDITEM(#2540,(#2231),$);
#2544=IFCSHAPEREPRESENTATION(#86,'Body','SweptSolid',(#2521,#2534,#2540));
#2545=IFCAXIS2PLACEMENT3D(#3,$,$);
#2546=IFCREPRESENTATIONMAP(#2545,#2544);
#2547=IFCDOORLININGPROPERTIES('00rx_E4Bf4tw0ORMrlC2f6',#18,'M_Single-Flush:0762 x 2134mm:293475',$,$,$,$,$,$,$,$,$,$,$,$);
#2548=IFCDOORPANELPROPERTIES('00rx_E4Bf4tw0ORMvlC2f6',#18,'M_Single-Flush:0762 x 2134mm:293475:1',$,$,.NOTDEFINED.,$,.NOTDEFINED.,$);
#2549=IFCDOORSTYLE('2EB$DlNSrjceNcNjUOZHWy',#18,'M_Single-Flush:0762 x 2134mm',$,$,(#2547,#2548,#2566),(#2546),'53076',.NOTDEFINED.,.NOTDEFINED.,.F.,.F.);
#2550=IFCMAPPEDITEM(#2546,#2250);
#2551=IFCSHAPEREPRESENTATION(#86,'Body','MappedRepresentation',(#2550));
#2552=IFCPRODUCTDEFINITIONSHAPE($,$,(#2551));
#2553=IFCCARTESIANPOINT((-2.4749999999999988,2.8840000000000043,0.));
#2554=IFCAXIS2PLACEMENT3D(#2553,#9,#8);
#2556=IFCDOOR('00rx_E4Bf4tw0ORMnlC2f6',#18,'M_Single-Flush:0762 x 2134mm:293475',$,'M_Single-Flush:0762 x 2134mm',#5421,#2552,'293475',2.1339999999999999,0.76200000000000034);
#2557=IFCPROPERTYSET('2MXZcYKZIH38y30ntOEfxD',#18,'Pset_DoorCommon',$,(#256,#2482));
#2558=IFCPROPERTYSET('2VM3Lj$r1WRH1cKkW0oJmA',#18,'Pset_QuantityTakeOff',$,(#2482));
#2559=IFCRELDEFINESBYPROPERTIES('2FHYUO0pUgYDF$KjE2$sfH',#18,$,$,(#2556),#2557);
#2560=IFCRELDEFINESBYPROPERTIES('3K8ShEUxAfMR_JrKFVxVt2',#18,$,$,(#2556),#2558);
#2561=IFCQUANTITYLENGTH('Height','',$,2.1339999999999999);
#2562=IFCQUANTITYLENGTH('Width','',$,0.7619999999999999);
#2563=IFCQUANTITYAREA('Area','area measured in geometry',$,1.6261079999999994);
#2564=IFCELEMENTQUANTITY('2euDXEOEa4JEtU5csD6MjT',#18,'BaseQuantities',$,$,(#2561,#2562,#2563));
#2565=IFCRELDEFINESBYPROPERTIES('3jRB51L8ouEdKYeIk3EgSU',#18,$,$,(#2556),#2564);
#2566=IFCPROPERTYSET('0hrRUS6SafamTgt6Sl$OYh',#18,'Pset_DoorCommon',$,(#256));
#2567=IFCMAPPEDITEM(#2546,#2250);
#2568=IFCSHAPEREPRESENTATION(#86,'Body','MappedRepresentation',(#2567));
#2569=IFCPRODUCTDEFINITIONSHAPE($,$,(#2568));
#2570=IFCCARTESIANPOINT((-2.4750000000000023,1.0810000000000004,0.));
#2571=IFCAXIS2PLACEMENT3D(#2570,#9,#8);
#2573=IFCDOOR('00rx_E4Bf4tw0ORMnlC2f1',#18,'M_Single-Flush:0762 x 2134mm:293476',$,'M_Single-Flush:0762 x 2134mm',#5441,#2569,'293476',2.1339999999999999,0.7619999999999999);
#2574=IFCPROPERTYSET('07KeGXZspAu2rWTScs59tB',#18,'Pset_DoorCommon',$,(#256,#2482));
#2575=IFCPROPERTYSET('3VXK$wWGAAlW9847rKYZKi',#18,'Pset_QuantityTakeOff',$,(#2482));
#2576=IFCRELDEFINESBYPROPERTIES('0xtTXD_SC8_3Iuff_X1JTc',#18,$,$,(#2573),#2574);
#2577=IFCRELDEFINESBYPROPERTIES('3leve5U$B_C_RKEUIJ5rti',#18,$,$,(#2573),#2575);
#2578=IFCQUANTITYLENGTH('Height','',$,2.1339999999999999);
#2579=IFCQUANTITYLENGTH('Width','',$,0.7619999999999999);
#2580=IFCQUANTITYAREA('Area','area measured in geometry',$,1.6261079999999994);
#2581=IFCELEMENTQUANTITY('0Z7$grlIECkh8KMPFzOKwN',#18,'BaseQuantities',$,$,(#2578,#2579,#2580));
#2582=IFCRELDEFINESBYPROPERTIES('0JUIHGnLVOoZo2wwN$CgUB',#18,$,$,(#2573),#2581);
#2583=IFCMAPPEDITEM(#2546,#2250);
#2584=IFCSHAPEREPRESENTATION(#86,'Body','MappedRepresentation',(#2583));
#2585=IFCPRODUCTDEFINITIONSHAPE($,$,(#2584));
#2586=IFCCARTESIANPOINT((-0.41999999999965454,1.0140000000099809,0.));
#2587=IFCAXIS2PLACEMENT3D(#2586,#9,#8);
#2589=IFCDOOR('00rx_E4Bf4tw0ORMnlC2f0',#18,'M_Single-Flush:0762 x 2134mm:293477',$,'M_Single-Flush:0762 x 2134mm',#5481,#2585,'293477',2.1339999999999999,0.7619999999999999);
#2590=IFCPROPERTYSET('1c2mU$B60NrBgcdY2R6VgY',#18,'Pset_DoorCommon',$,(#256,#2482));
#2591=IFCPROPERTYSET('1mw3iZMv$Nt7ElsKjZZ6E$',#18,'Pset_QuantityTakeOff',$,(#2482));
#2592=IFCRELDEFINESBYPROPERTIES('3eMGF7PbcIlgxRg7qabK$b',#18,$,$,(#2589),#2590);
#2593=IFCRELDEFINESBYPROPERTIES('3SzBMu$u0VhcdbVd5xBi2d',#18,$,$,(#2589),#2591);
#2594=IFCQUANTITYLENGTH('Height','',$,2.1339999999999999);
#2595=IFCQUANTITYLENGTH('Width','',$,0.7619999999999999);
#2596=IFCQUANTITYAREA('Area','area measured in geometry',$,1.6261079999999994);
#2597=IFCELEMENTQUANTITY('2NUKbXrItfYpvsQpG_F4Kn',#18,'BaseQuantities',$,$,(#2594,#2595,#2596));
#2598=IFCRELDEFINESBYPROPERTIES('2Haz8nfsAMvO0qXupC_Iaa',#18,$,$,(#2589),#2597);
#2599=IFCMAPPEDITEM(#2471,#2250);
#2600=IFCSHAPEREPRESENTATION(#86,'Body','MappedRepresentation',(#2599));
#2601=IFCPRODUCTDEFINITIONSHAPE($,$,(#2600));
#2602=IFCCARTESIANPOINT((-6.2969999999999997,-1.8420000000000019,0.));
#2603=IFCAXIS2PLACEMENT3D(#2602,#9,#7);
#2605=IFCDOOR('00rx_E4Bf4tw0ORMnlC2f3',#18,'M_Single-Flush:0762 x 2134mm:293478',$,'M_Single-Flush:0762 x 2134mm',#5581,#2601,'293478',2.1339999999999999,0.76200000000000001);
#2606=IFCPROPERTYSET('0AqNxyvN7NWDRiVEGafB0v',#18,'Pset_DoorCommon',$,(#256,#2482));
#2607=IFCPROPERTYSET('1TAboadxhTBXeZVPirSVfm',#18,'Pset_QuantityTakeOff',$,(#2482));
#2608=IFCRELDEFINESBYPROPERTIES('0oEGKSVzuOLWlau1pX_hjX',#18,$,$,(#2605),#2606);
#2609=IFCRELDEFINESBYPROPERTIES('2QSYoNJ1lFCF6h5Zv3DKZN',#18,$,$,(#2605),#2607);
#2610=IFCQUANTITYLENGTH('Height','',$,2.1339999999999999);
#2611=IFCQUANTITYLENGTH('Width','',$,0.7619999999999999);
#2612=IFCQUANTITYAREA('Area','area measured in geometry',$,1.6261079999999994);
#2613=IFCELEMENTQUANTITY('2s3$RT4z6_Km0rp76lCDgS',#18,'BaseQuantities',$,$,(#2610,#2611,#2612));
#2614=IFCRELDEFINESBYPROPERTIES('0F6jbPpDQbm9zafRUGY73y',#18,$,$,(#2605),#2613);
#2615=IFCMAPPEDITEM(#2546,#2250);
#2616=IFCSHAPEREPRESENTATION(#86,'Body','MappedRepresentation',(#2615));
#2617=IFCPRODUCTDEFINITIONSHAPE($,$,(#2616));
#2618=IFCCARTESIANPOINT((-3.4860000000000069,-3.3000000000000127,0.));
#2619=IFCAXIS2PLACEMENT3D(#2618,#9,#6);
#2621=IFCDOOR('00rx_E4Bf4tw0ORMnlC2f2',#18,'M_Single-Flush:0762 x 2134mm:293479',$,'M_Single-Flush:0762 x 2134mm',#5601,#2617,'293479',2.1339999999999999,0.76200000000000001);
#2622=IFCPROPERTYSET('1F4KKaGDW4VkClpIlbwfhr',#18,'Pset_DoorCommon',$,(#256,#2482));
#2623=IFCPROPERTYSET('3MdtFWiRseRy$nSjOUt5WP',#18,'Pset_QuantityTakeOff',$,(#2482));
#2624=IFCRELDEFINESBYPROPERTIES('03MkFTFEZY9g1vA3N0_Uk_',#18,$,$,(#2621),#2622);
#2625=IFCRELDEFINESBYPROPERTIES('1A6CJw6OLHjBwvUiR8Wdrr',#18,$,$,(#2621),#2623);
#2626=IFCQUANTITYLENGTH('Height','',$,2.1339999999999999);
#2627=IFCQUANTITYLENGTH('Width','',$,0.7619999999999999);
#2628=IFCQUANTITYAREA('Area','area measured in geometry',$,1.6261079999999994);
#2629=IFCELEMENTQUANTITY('28cfWL5qpPW7r3oA1o51lz',#18,'BaseQuantities',$,$,(#2626,#2627,#2628));
#2630=IFCRELDEFINESBYPROPERTIES('3a9jiCGavyf1uJCk06ihEo',#18,$,$,(#2621),#2629);
#2631=IFCMAPPEDITEM(#2471,#2250);
#2632=IFCSHAPEREPRESENTATION(#86,'Body','MappedRepresentation',(#2631));
#2633=IFCPRODUCTDEFINITIONSHAPE($,$,(#2632));
#2634=IFCCARTESIANPOINT((-2.9310000000000023,-1.6330000000000604,0.));
#2635=IFCAXIS2PLACEMENT3D(#2634,#9,#8);
#2637=IFCDOOR('00rx_E4Bf4tw0ORMnlC2fD',#18,'M_Single-Flush:0762 x 2134mm:293480',$,'M_Single-Flush:0762 x 2134mm',#5701,#2633,'293480',2.1339999999999999,0.76199999999999979);
#2638=IFCPROPERTYSET('0zBr8ODRsow93PY9h5c3OB',#18,'Pset_DoorCommon',$,(#256,#2482));
#2639=IFCPROPERTYSET('35vJzr2dQTVnJquVfEHr93',#18,'Pset_QuantityTakeOff',$,(#2482));
#2640=IFCRELDEFINESBYPROPERTIES('2yTDemI0jjVYBEixB$HKU1',#18,$,$,(#2637),#2638);
#2641=IFCRELDEFINESBYPROPERTIES('1ErAM6FWtNWO0Lo4A1Tctf',#18,$,$,(#2637),#2639);
#2642=IFCQUANTITYLENGTH('Height','',$,2.1339999999999999);
#2643=IFCQUANTITYLENGTH('Width','',$,0.7619999999999999);
#2644=IFCQUANTITYAREA('Area','area measured in geometry',$,1.6261079999999994);
#2645=IFCELEMENTQUANTITY('3T4PgCiWE7J0jgaOlyJfAk',#18,'BaseQuantities',$,$,(#2642,#2643,#2644));
#2646=IFCRELDEFINESBYPROPERTIES('2V3aI5lBPu5iT01T3nkF_4',#18,$,$,(#2637),#2645);
#2647=IFCMAPPEDITEM(#2546,#2250);
#2648=IFCSHAPEREPRESENTATION(#86,'Body','MappedRepresentation',(#2647));
#2649=IFCPRODUCTDEFINITIONSHAPE($,$,(#2648));
#2650=IFCCARTESIANPOINT((2.7325962989036037,-2.4950000000000858,0.));
#2651=IFCAXIS2PLACEMENT3D(#2650,#9,#7);
#2653=IFCDOOR('00rx_E4Bf4tw0ORMnlC2fC',#18,'M_Single-Flush:0762 x 2134mm:293481',$,'M_Single-Flush:0762 x 2134mm',#5621,#2649,'293481',2.1339999999999999,0.76200000000000001);
#2654=IFCPROPERTYSET('3PwxQHuvh6VcaNQP03cOqD',#18,'Pset_DoorCommon',$,(#256,#2482));
#2655=IFCPROPERTYSET('0$TiihiFtoG1HkIJ6Serj0',#18,'Pset_QuantityTakeOff',$,(#2482));
#2656=IFCRELDEFINESBYPROPERTIES('0tjNzLYDG_HIwFO2xXcqTI',#18,$,$,(#2653),#2654);
#2657=IFCRELDEFINESBYPROPERTIES('0yUL9fZYGFvdIueLqdMo_N',#18,$,$,(#2653),#2655);
#2658=IFCQUANTITYLENGTH('Height','',$,2.1339999999999999);
#2659=IFCQUANTITYLENGTH('Width','',$,0.7619999999999999);
#2660=IFCQUANTITYAREA('Area','area measured in geometry',$,1.6261079999999994);
#2661=IFCELEMENTQUANTITY('3rmEvaxDsWreloCKLJOKid',#18,'BaseQuantities',$,$,(#2658,#2659,#2660));
#2662=IFCRELDEFINESBYPROPERTIES('3xAvCmens3hWVMG7ne4N2S',#18,$,$,(#2653),#2661);
#2663=IFCMAPPEDITEM(#2471,#2250);
#2664=IFCSHAPEREPRESENTATION(#86,'Body','MappedRepresentation',(#2663));
#2665=IFCPRODUCTDEFINITIONSHAPE($,$,(#2664));
#2666=IFCCARTESIANPOINT((3.8360000000002312,-1.7330000000000874,0.));
#2667=IFCAXIS2PLACEMENT3D(#2666,#9,#8);
#2669=IFCDOOR('00rx_E4Bf4tw0ORMnlC2fF',#18,'M_Single-Flush:0762 x 2134mm:293482',$,'M_Single-Flush:0762 x 2134mm',#5641,#2665,'293482',2.1339999999999999,0.76200000000000034);
#2670=IFCPROPERTYSET('3M825yWPacAswtDSyuP$mF',#18,'Pset_DoorCommon',$,(#256,#2482));
#2671=IFCPROPERTYSET('3XVCWZ$_X5cHz6hlBKpX3y',#18,'Pset_QuantityTakeOff',$,(#2482));
#2672=IFCRELDEFINESBYPROPERTIES('0az2d6ZmYFtNMhS$WjizEv',#18,$,$,(#2669),#2670);
#2673=IFCRELDEFINESBYPROPERTIES('1vhZEJCQlFrAYknKYZSl0e',#18,$,$,(#2669),#2671);
#2674=IFCQUANTITYLENGTH('Height','',$,2.1339999999999999);
#2675=IFCQUANTITYLENGTH('Width','',$,0.7619999999999999);
#2676=IFCQUANTITYAREA('Area','area measured in geometry',$,1.6261079999999994);
#2677=IFCELEMENTQUANTITY('3eh_cu$hLf0scubnzDudle',#18,'BaseQuantities',$,$,(#2674,#2675,#2676));
#2678=IFCRELDEFINESBYPROPERTIES('3e2_kI$$4FKQLoIL3hwhyF',#18,$,$,(#2669),#2677);
#2679=IFCMAPPEDITEM(#2546,#2250);
#2680=IFCSHAPEREPRESENTATION(#86,'Body','MappedRepresentation',(#2679));
#2681=IFCPRODUCTDEFINITIONSHAPE($,$,(#2680));
#2682=IFCCARTESIANPOINT((13.022454334750902,-2.4950000000001187,0.));
#2683=IFCAXIS2PLACEMENT3D(#2682,#9,#7);
#2685=IFCDOOR('00rx_E4Bf4tw0ORMnlC2f9',#18,'M_Single-Flush:0762 x 2134mm:293484',$,'M_Single-Flush:0762 x 2134mm',#5681,#2681,'293484',2.1339999999999999,0.76199999999999979);
#2686=IFCPROPERTYSET('0bdbuOhgVoB5W1_CzTdUP6',#18,'Pset_DoorCommon',$,(#256,#2482));
#2687=IFCPROPERTYSET('0eKFvsgDO2UeMARHj7TIJ7',#18,'Pset_QuantityTakeOff',$,(#2482));
#2688=IFCRELDEFINESBYPROPERTIES('0AShE7gze_d06x6Ynv9SYx',#18,$,$,(#2685),#2686);
#2689=IFCRELDEFINESBYPROPERTIES('1i27BgF9t0iEYqe84bdVed',#18,$,$,(#2685),#2687);
#2690=IFCQUANTITYLENGTH('Height','',$,2.1339999999999999);
#2691=IFCQUANTITYLENGTH('Width','',$,0.7619999999999999);
#2692=IFCQUANTITYAREA('Area','area measured in geometry',$,1.6261079999999994);
#2693=IFCELEMENTQUANTITY('1WmSECHZAykCZXeNa8aMYK',#18,'BaseQuantities',$,$,(#2690,#2691,#2692));
#2694=IFCRELDEFINESBYPROPERTIES('11gM$DDlaT5Gs2xd7XlpLJ',#18,$,$,(#2685),#2693);
#2695=IFCMAPPEDITEM(#2471,#2250);
#2696=IFCSHAPEREPRESENTATION(#86,'Body','MappedRepresentation',(#2695));
#2697=IFCPRODUCTDEFINITIONSHAPE($,$,(#2696));
#2698=IFCCARTESIANPOINT((15.083000000000164,-3.4280000000000124,0.));
#2699=IFCAXIS2PLACEMENT3D(#2698,$,$);
#2701=IFCDOOR('00rx_E4Bf4tw0ORMnlC2f8',#18,'M_Single-Flush:0762 x 2134mm:293485',$,'M_Single-Flush:0762 x 2134mm',#5661,#2697,'293485',2.1339999999999999,0.76200000000000001);
#2702=IFCPROPERTYSET('1KgWaRStPXORv8NRTg7XoT',#18,'Pset_DoorCommon',$,(#256,#2482));
#2703=IFCPROPERTYSET('3kHA1RTuuavIIE4s3UcojP',#18,'Pset_QuantityTakeOff',$,(#2482));
#2704=IFCRELDEFINESBYPROPERTIES('0Yh4AFFj4e5vtY_fMkaDAT',#18,$,$,(#2701),#2702);
#2705=IFCRELDEFINESBYPROPERTIES('2deH6nAaDKDvY_SVJf61Z0',#18,$,$,(#2701),#2703);
#2706=IFCQUANTITYLENGTH('Height','',$,2.1339999999999999);
#2707=IFCQUANTITYLENGTH('Width','',$,0.7619999999999999);
#2708=IFCQUANTITYAREA('Area','area measured in geometry',$,1.6261079999999994);
#2709=IFCELEMENTQUANTITY('26AmYuUedGsbCi$cJ6vnl_',#18,'BaseQuantities',$,$,(#2706,#2707,#2708));
#2710=IFCRELDEFINESBYPROPERTIES('16PQzsUCslTrgmDgQ57xTk',#18,$,$,(#2701),#2709);
#2711=IFCCARTESIANPOINT((16.599999999999994,-5.8250000000000837,0.));
#2712=IFCAXIS2PLACEMENT3D(#2711,#9,#8);
#2713=IFCLOCALPLACEMENT(#108,#2712);
#2714=IFCCARTESIANPOINT((1.250000000000004,0.));
#2715=IFCPOLYLINE((#4,#2714));
#2716=IFCSHAPEREPRESENTATION(#85,'Axis','Curve2D',(#2715));
#2717=IFCCARTESIANPOINT((0.62500000000000189,0.));
#2718=IFCAXIS2PLACEMENT2D(#2717,#12);
#2719=IFCRECTANGLEPROFILEDEF(.AREA.,$,#2718,1.2500000000000038,0.24999999999999947);
#2720=IFCAXIS2PLACEMENT3D(#3,$,$);
#2721=IFCEXTRUDEDAREASOLID(#2719,#2720,#9,3.2100000000000022);
#2722=IFCSTYLEDITEM(#2721,(#228),$);
#2723=IFCSHAPEREPRESENTATION(#86,'Body','SweptSolid',(#2721));
#2724=IFCPRODUCTDEFINITIONSHAPE($,$,(#2716,#2723));
#2725=IFCWALLSTANDARDCASE('00rx_E4Bf4tw0ORMnlC2hX',#18,'Basiswand:Generic - 250mm:293572',$,'Basiswand:Generic - 250mm',#2713,#2724,'293572');
#2726=IFCQUANTITYLENGTH('Height',$,$,3.2100000000000022);
#2727=IFCQUANTITYLENGTH('Length',$,$,1.250000000000004);
#2728=IFCQUANTITYLENGTH('Width',$,$,0.24999999999999997);
#2729=IFCQUANTITYAREA('GrossFootprintArea',$,$,0.31250000000000028);
#2730=IFCQUANTITYVOLUME('GrossVolume',$,$,1.0031250000000034);
#2731=IFCQUANTITYAREA('GrossSideArea',$,$,4.0125000000000135);
#2732=IFCQUANTITYAREA('NetSideArea',$,$,4.0125000000000135);
#2733=IFCQUANTITYVOLUME('NetVolume',$,$,1.0031250000000009);
#2734=IFCELEMENTQUANTITY('043yoWR2$p4ca3j_OZDuWV',#18,'BaseQuantities',$,$,(#2726,#2727,#2728,#2729,#2730,#2731,#2732,#2733));
#2735=IFCRELDEFINESBYPROPERTIES('1bZhRkp5TdvWe6ZmzFlL_J',#18,$,$,(#2725),#2734);
#2736=IFCPROPERTYSET('2Rq2hfOVaRxRWlKo5x25aF',#18,'Pset_QuantityTakeOff',$,(#252));
#2737=IFCPROPERTYSINGLEVALUE('Reference',$,IFCLABEL('Generic - 250mm'),$);
#2738=IFCPROPERTYSET('3mU8xru6vniZ3XXe6FYzV2',#18,'Pset_ReinforcementBarPitchOfWall',$,(#2737));
#2739=IFCPROPERTYSET('0xHJU6IFwYZT4qrvNZWQ3S',#18,'Pset_WallCommon',$,(#173,#174,#252,#256));
#2740=IFCRELDEFINESBYPROPERTIES('3lsqSaXJUf86pH7z$IfoF7',#18,$,$,(#2725),#2736);
#2741=IFCRELDEFINESBYPROPERTIES('1jU1IJu8JAecvUYV0qWq1N',#18,$,$,(#2725),#2738);
#2742=IFCRELDEFINESBYPROPERTIES('1qdHbNBZJ3Hk1XxU2f8y6L',#18,$,$,(#2725),#2739);
#2743=IFCCARTESIANPOINT((18.215553013390089,6.2500000000099218,0.));
#2744=IFCAXIS2PLACEMENT3D(#2743,#9,#6);
#2745=IFCLOCALPLACEMENT(#108,#2744);
#2746=IFCCARTESIANPOINT((20.56255301339009,0.));
#2747=IFCPOLYLINE((#4,#2746));
#2748=IFCSHAPEREPRESENTATION(#85,'Axis','Curve2D',(#2747));
#2749=IFCCARTESIANPOINT((10.28127650669504,1.3183898417423734E-16));
#2750=IFCAXIS2PLACEMENT2D(#2749,#14);
#2751=IFCRECTANGLEPROFILEDEF(.AREA.,$,#2750,0.24999999999999947,20.562553013390087);
#2752=IFCAXIS2PLACEMENT3D(#3,$,$);
#2753=IFCEXTRUDEDAREASOLID(#2751,#2752,#9,3.2100000000000022);
#2754=IFCCARTESIANPOINT((0.,-0.24999999999999947));
#2755=IFCCARTESIANPOINT((20.56255301339008,-0.24999999999999947));
#2756=IFCCARTESIANPOINT((20.562553013390087,0.));
#2757=IFCCARTESIANPOINT((15.65155301339008,0.));
#2758=IFCCARTESIANPOINT((1.2896600687419273,0.));
#2759=IFCPOLYLINE((#4,#2754,#2755,#2756,#2757,#2758,#4));
#2760=IFCCARTESIANPOINT((0.,0.12499999999999974,3.2100000000000022));
#2761=IFCAXIS2PLACEMENT3D(#2760,#10,#8);
#2762=IFCPLANE(#2761);
#2763=IFCCARTESIANPOINT((0.,0.12499999999999974,3.2100000000000022));
#2764=IFCAXIS2PLACEMENT3D(#2763,$,$);
#2765=IFCPOLYGONALBOUNDEDHALFSPACE(#2762,.T.,#2764,#2759);
#2766=IFCBOOLEANCLIPPINGRESULT(.DIFFERENCE.,#2753,#2765);
#2767=IFCSTYLEDITEM(#2753,(#228),$);
#2768=IFCSHAPEREPRESENTATION(#86,'Body','Clipping',(#2766));
#2769=IFCPRODUCTDEFINITIONSHAPE($,$,(#2748,#2768));
#2770=IFCWALLSTANDARDCASE('00rx_E4Bf4tw0ORMnlC2k8',#18,'Basiswand:Generic - 250mm:293805',$,'Basiswand:Generic - 250mm',#2745,#2769,'293805');
#2771=IFCQUANTITYLENGTH('Height',$,$,3.2100000000000022);
#2772=IFCQUANTITYLENGTH('Length',$,$,20.562553013390087);
#2773=IFCQUANTITYLENGTH('Width',$,$,0.24999999999999997);
#2774=IFCQUANTITYAREA('GrossFootprintArea',$,$,5.1406382533475101);
#2775=IFCQUANTITYVOLUME('GrossVolume',$,$,14.900948793245547);
#2776=IFCQUANTITYAREA('GrossSideArea',$,$,59.603795172982188);
#2777=IFCQUANTITYAREA('NetSideArea',$,$,59.603795172982203);
#2778=IFCQUANTITYVOLUME('NetVolume',$,$,14.90094879324552);
#2779=IFCELEMENTQUANTITY('3YFgMOYTvEnYgDcXbx1oQF',#18,'BaseQuantities',$,$,(#2771,#2772,#2773,#2774,#2775,#2776,#2777,#2778));
#2780=IFCRELDEFINESBYPROPERTIES('2VLVbi3hws4uOimhVg1yGx',#18,$,$,(#2770),#2779);
#2781=IFCPROPERTYSET('24uJdwn1yEaklJOGLX2gNW',#18,'Pset_QuantityTakeOff',$,(#252));
#2782=IFCPROPERTYSINGLEVALUE('Reference',$,IFCLABEL('Generic - 250mm'),$);
#2783=IFCPROPERTYSET('2RKQriQpHwgbBNEY0tZ5Ed',#18,'Pset_ReinforcementBarPitchOfWall',$,(#2782));
#2784=IFCPROPERTYSET('2aSElBs5eRNRV6qeCNITlz',#18,'Pset_WallCommon',$,(#174,#252,#256,#988));
#2785=IFCRELDEFINESBYPROPERTIES('12znGqIglX3UFSRAsmO1kP',#18,$,$,(#2770),#2781);
#2786=IFCRELDEFINESBYPROPERTIES('1nIMAIpKW0tsiN2APNpFQ1',#18,$,$,(#2770),#2783);
#2787=IFCRELDEFINESBYPROPERTIES('3nOFUX1TIeTSI1FQ0g40OQ',#18,$,$,(#2770),#2784);
#2788=IFCCARTESIANPOINT((-2.3470000000000035,0.,0.));
#2789=IFCAXIS2PLACEMENT3D(#2788,$,$);
#2790=IFCLOCALPLACEMENT(#108,#2789);
#2791=IFCCARTESIANPOINT((18.822000000000006,0.));
#2792=IFCPOLYLINE((#4,#2791));
#2793=IFCSHAPEREPRESENTATION(#85,'Axis','Curve2D',(#2792));
#2794=IFCCARTESIANPOINT((4.4408920985006262E-16,-1.3877787807814457E-17));
#2795=IFCAXIS2PLACEMENT2D(#2794,#11);
#2796=IFCRECTANGLEPROFILEDEF(.AREA.,'Generic - 250mm',#2795,4.7829999999999995,0.24999999999999997);
#2797=IFCCARTESIANPOINT((2.3914999999999997,0.,0.));
#2798=IFCAXIS2PLACEMENT3D(#2797,$,$);
#2799=IFCEXTRUDEDAREASOLID(#2796,#2798,#9,3.2100000000000013);
#2800=IFCCARTESIANPOINT((0.,0.));
#2801=IFCAXIS2PLACEMENT2D(#2800,#11);
#2802=IFCRECTANGLEPROFILEDEF(.AREA.,'Generic - 250mm',#2801,13.911000000000005,0.24999999999999997);
#2803=IFCCARTESIANPOINT((11.866500000000004,0.,0.));
#2804=IFCAXIS2PLACEMENT3D(#2803,#9,#6);
#2805=IFCEXTRUDEDAREASOLID(#2802,#2804,#9,3.2100000000000013);
#2806=IFCSTYLEDITEM(#2799,(#228),$);
#2807=IFCSTYLEDITEM(#2805,(#228),$);
#2808=IFCSHAPEREPRESENTATION(#86,'Body','SweptSolid',(#2799,#2805));
#2809=IFCPRODUCTDEFINITIONSHAPE($,$,(#2793,#2808));
#2810=IFCWALL('00rx_E4Bf4tw0ORMnlC2kA',#18,'Basiswand:Generic - 250mm:293807',$,'Basiswand:Generic - 250mm',#2790,#2809,'293807');
#2811=IFCPROPERTYSET('2w$ATMVk2PAxR7hGArpTbk',#18,'Pset_QuantityTakeOff',$,(#252));
#2812=IFCPROPERTYSINGLEVALUE('Reference',$,IFCLABEL('Generic - 250mm'),$);
#2813=IFCPROPERTYSET('18S5zcGRYumPZm8u39oPf4',#18,'Pset_ReinforcementBarPitchOfWall',$,(#2812));
#2814=IFCPROPERTYSET('2XTihAND5cNWIk0DvNN0SO',#18,'Pset_WallCommon',$,(#174,#252,#256,#988));
#2815=IFCRELDEFINESBYPROPERTIES('2fQJHfSJLhzIbAo0gUt9Sh',#18,$,$,(#2810),#2811);
#2816=IFCRELDEFINESBYPROPERTIES('3uLdIVqB059JD06tmKcaIO',#18,$,$,(#2810),#2813);
#2817=IFCRELDEFINESBYPROPERTIES('2FpZQr7mwi5yT6OeuQGhxJ',#18,$,$,(#2810),#2814);
#2818=IFCCARTESIANPOINT((-0.57599999999999996,-1.123999999999999));
#2819=IFCCARTESIANPOINT((0.57599999999999973,-1.123999999999999));
#2820=IFCCARTESIANPOINT((0.57599999999999973,1.0860000000000003));
#2821=IFCCARTESIANPOINT((0.49999999999999989,1.0860000000000003));
#2822=IFCCARTESIANPOINT((0.49999999999999989,-1.0480000000000018));
#2823=IFCCARTESIANPOINT((-0.49999999999999961,-1.0480000000000018));
#2824=IFCCARTESIANPOINT((-0.49999999999999961,1.0860000000000003));
#2825=IFCCARTESIANPOINT((-0.57599999999999996,1.0860000000000003));
#2826=IFCPOLYLINE((#2818,#2819,#2820,#2821,#2822,#2823,#2824,#2825,#2818));
#2827=IFCARBITRARYCLOSEDPROFILEDEF(.AREA.,'1000 x 2134mm 2',#2826);
#2828=IFCCARTESIANPOINT((0.50000000000000011,0.27499999999998803,1.0860000000000003));
#2829=IFCAXIS2PLACEMENT3D(#2828,#8,#6);
#2830=IFCEXTRUDEDAREASOLID(#2827,#2829,#9,0.024999999999994454);
#2831=IFCCARTESIANPOINT((-1.1239999999999997,-0.57599999999999696));
#2832=IFCCARTESIANPOINT((1.0859999999999996,-0.57599999999999696));
#2833=IFCCARTESIANPOINT((1.0859999999999996,-0.50000000000000744));
#2834=IFCCARTESIANPOINT((-1.0479999999999996,-0.50000000000000744));
#2835=IFCCARTESIANPOINT((-1.0479999999999996,0.50000000000000178));
#2836=IFCCARTESIANPOINT((1.0859999999999996,0.50000000000000178));
#2837=IFCCARTESIANPOINT((1.0859999999999996,0.57600000000000262));
#2838=IFCCARTESIANPOINT((-1.1239999999999997,0.57600000000000262));
#2839=IFCPOLYLINE((#2831,#2832,#2833,#2834,#2835,#2836,#2837,#2838,#2831));
#2840=IFCARBITRARYCLOSEDPROFILEDEF(.AREA.,'1000 x 2134mm 2',#2839);
#2841=IFCCARTESIANPOINT((0.49999999999999734,0.,1.0859999999999996));
#2842=IFCAXIS2PLACEMENT3D(#2841,#8,#10);
#2843=IFCEXTRUDEDAREASOLID(#2840,#2842,#9,0.02500000000000557);
#2844=IFCCARTESIANPOINT((0.,-1.214306433183765E-17));
#2845=IFCAXIS2PLACEMENT2D(#2844,#11);
#2846=IFCRECTANGLEPROFILEDEF(.AREA.,'1000 x 2134mm 2',#2845,0.99999999999999967,0.051000000000000004);
#2847=IFCCARTESIANPOINT((0.50000000000000022,0.22449999999999362,0.));
#2848=IFCAXIS2PLACEMENT3D(#2847,$,$);
#2849=IFCEXTRUDEDAREASOLID(#2846,#2848,#9,2.133999999999999);
#2850=IFCSTYLEDITEM(#2830,(#2225),$);
#2851=IFCSTYLEDITEM(#2843,(#2225),$);
#2852=IFCSTYLEDITEM(#2849,(#2231),$);
#2853=IFCSHAPEREPRESENTATION(#86,'Body','SweptSolid',(#2830,#2843,#2849));
#2854=IFCAXIS2PLACEMENT3D(#3,$,$);
#2855=IFCREPRESENTATIONMAP(#2854,#2853);
#2856=IFCDOORLININGPROPERTIES('00rx_E4Bf4tw0ORMrlC2kK',#18,'M_Single-Flush:1000 x 2134mm 2:293809',$,$,$,$,$,$,$,$,$,$,$,$);
#2857=IFCDOORPANELPROPERTIES('00rx_E4Bf4tw0ORMvlC2kK',#18,'M_Single-Flush:1000 x 2134mm 2:293809:1',$,$,.NOTDEFINED.,$,.NOTDEFINED.,$);
#2858=IFCDOORSTYLE('3_uCBKkWKItYxbevrcqKkw',#18,'M_Single-Flush:1000 x 2134mm 2',$,$,(#2856,#2857,#2875),(#2855),'208371',.NOTDEFINED.,.NOTDEFINED.,.F.,.F.);
#2859=IFCMAPPEDITEM(#2855,#2250);
#2860=IFCSHAPEREPRESENTATION(#86,'Body','MappedRepresentation',(#2859));
#2861=IFCPRODUCTDEFINITIONSHAPE($,$,(#2860));
#2862=IFCCARTESIANPOINT((18.20000000000012,6.3750000000099156,0.));
#2863=IFCAXIS2PLACEMENT3D(#2862,#9,#6);
#2865=IFCDOOR('00rx_E4Bf4tw0ORMnlC2kK',#18,'M_Single-Flush:1000 x 2134mm 2:293809',$,'M_Single-Flush:1000 x 2134mm 2',#5721,#2861,'293809',2.1339999999999999,1.);
#2866=IFCPROPERTYSET('2Gdb43pUtlnxdDcsrnKduc',#18,'Pset_DoorCommon',$,(#256,#2258));
#2867=IFCPROPERTYSET('26LyipoJ7pme2z_iVwwxdl',#18,'Pset_QuantityTakeOff',$,(#2258));
#2868=IFCRELDEFINESBYPROPERTIES('0lUW$WC4DPcEwt5PLVqcXf',#18,$,$,(#2865),#2866);
#2869=IFCRELDEFINESBYPROPERTIES('07zBSB9BUq$5UX2k5u1N4g',#18,$,$,(#2865),#2867);
#2870=IFCQUANTITYLENGTH('Height','',$,2.1339999999999999);
#2871=IFCQUANTITYLENGTH('Width','',$,0.99999999999999989);
#2872=IFCQUANTITYAREA('Area','area measured in geometry',$,2.1339999999999999);
#2873=IFCELEMENTQUANTITY('1Q8SIlUGPd_T7XBr_pcfZL',#18,'BaseQuantities',$,$,(#2870,#2871,#2872));
#2874=IFCRELDEFINESBYPROPERTIES('3DoqXN9OcKlM40lkgItZAD',#18,$,$,(#2865),#2873);
#2875=IFCPROPERTYSET('067WHyoh2FzBybYNPr49rU',#18,'Pset_DoorCommon',$,(#256));
#2876=IFCCARTESIANPOINT((-0.57599999999999996,-1.123999999999999));
#2877=IFCCARTESIANPOINT((0.57599999999999973,-1.123999999999999));
#2878=IFCCARTESIANPOINT((0.57599999999999973,1.0860000000000003));
#2879=IFCCARTESIANPOINT((0.49999999999999989,1.0860000000000003));
#2880=IFCCARTESIANPOINT((0.49999999999999989,-1.0480000000000018));
#2881=IFCCARTESIANPOINT((-0.49999999999999961,-1.0480000000000018));
#2882=IFCCARTESIANPOINT((-0.49999999999999961,1.0860000000000003));
#2883=IFCCARTESIANPOINT((-0.57599999999999996,1.0860000000000003));
#2884=IFCPOLYLINE((#2876,#2877,#2878,#2879,#2880,#2881,#2882,#2883,#2876));
#2885=IFCARBITRARYCLOSEDPROFILEDEF(.AREA.,'1000 x 2134mm 2',#2884);
#2886=IFCCARTESIANPOINT((0.50000000000000033,0.25000000000000089,1.0860000000000003));
#2887=IFCAXIS2PLACEMENT3D(#2886,#7,#5);
#2888=IFCEXTRUDEDAREASOLID(#2885,#2887,#9,0.024999999999994454);
#2889=IFCCARTESIANPOINT((-1.1239999999999997,-0.57599999999999696));
#2890=IFCCARTESIANPOINT((1.0859999999999996,-0.57599999999999696));
#2891=IFCCARTESIANPOINT((1.0859999999999996,-0.50000000000000744));
#2892=IFCCARTESIANPOINT((-1.0479999999999996,-0.50000000000000744));
#2893=IFCCARTESIANPOINT((-1.0479999999999996,0.50000000000000178));
#2894=IFCCARTESIANPOINT((1.0859999999999996,0.50000000000000178));
#2895=IFCCARTESIANPOINT((1.0859999999999996,0.57600000000000262));
#2896=IFCCARTESIANPOINT((-1.1239999999999997,0.57600000000000262));
#2897=IFCPOLYLINE((#2889,#2890,#2891,#2892,#2893,#2894,#2895,#2896,#2889));
#2898=IFCARBITRARYCLOSEDPROFILEDEF(.AREA.,'1000 x 2134mm 2',#2897);
#2899=IFCCARTESIANPOINT((0.50000000000000311,-0.025000000000004637,1.0859999999999996));
#2900=IFCAXIS2PLACEMENT3D(#2899,#7,#10);
#2901=IFCEXTRUDEDAREASOLID(#2898,#2900,#9,0.02500000000000557);
#2902=IFCCARTESIANPOINT((3.4694469519536142E-18,0.));
#2903=IFCAXIS2PLACEMENT2D(#2902,#11);
#2904=IFCRECTANGLEPROFILEDEF(.AREA.,'1000 x 2134mm 2',#2903,0.051000000000000004,0.99999999999999967);
#2905=IFCCARTESIANPOINT((0.50000000000000022,0.22450000000000092,0.));
#2906=IFCAXIS2PLACEMENT3D(#2905,#9,#7);
#2907=IFCEXTRUDEDAREASOLID(#2904,#2906,#9,2.133999999999999);
#2908=IFCSTYLEDITEM(#2888,(#2225),$);
#2909=IFCSTYLEDITEM(#2901,(#2225),$);
#2910=IFCSTYLEDITEM(#2907,(#2231),$);
#2911=IFCSHAPEREPRESENTATION(#86,'Body','SweptSolid',(#2888,#2901,#2907));
#2912=IFCAXIS2PLACEMENT3D(#3,$,$);
#2913=IFCREPRESENTATIONMAP(#2912,#2911);
#2914=IFCDOORLININGPROPERTIES('00rx_E4Bf4tw0ORMrlC2kN',#18,'M_Single-Flush:1000 x 2134mm 2:293810',$,$,$,$,$,$,$,$,$,$,$,$);
#2915=IFCDOORPANELPROPERTIES('00rx_E4Bf4tw0ORMvlC2kN',#18,'M_Single-Flush:1000 x 2134mm 2:293810:1',$,$,.NOTDEFINED.,$,.NOTDEFINED.,$);
#2916=IFCDOORSTYLE('0vI2yDaGxkJnIyb4NU8$__',#18,'M_Single-Flush:1000 x 2134mm 2',$,$,(#2914,#2915,#2933),(#2913),'208371',.NOTDEFINED.,.NOTDEFINED.,.F.,.F.);
#2917=IFCMAPPEDITEM(#2913,#2250);
#2918=IFCSHAPEREPRESENTATION(#86,'Body','MappedRepresentation',(#2917));
#2919=IFCPRODUCTDEFINITIONSHAPE($,$,(#2918));
#2920=IFCCARTESIANPOINT((-1.2109999999999883,6.1250000000099831,0.));
#2921=IFCAXIS2PLACEMENT3D(#2920,$,$);
#2923=IFCDOOR('00rx_E4Bf4tw0ORMnlC2kN',#18,'M_Single-Flush:1000 x 2134mm 2:293810',$,'M_Single-Flush:1000 x 2134mm 2',#5741,#2919,'293810',2.1339999999999999,1.);
#2924=IFCPROPERTYSET('0622QUUj2ilWqaELgZHkVy',#18,'Pset_DoorCommon',$,(#256,#2258));
#2925=IFCPROPERTYSET('39hjEgUxqBFpt_qzo0YRuy',#18,'Pset_QuantityTakeOff',$,(#2258));
#2926=IFCRELDEFINESBYPROPERTIES('1c95QseRDJ71YLoQArgrsD',#18,$,$,(#2923),#2924);
#2927=IFCRELDEFINESBYPROPERTIES('3pj6J$5MuXAJcPe3lsqaxS',#18,$,$,(#2923),#2925);
#2928=IFCQUANTITYLENGTH('Height','',$,2.1339999999999999);
#2929=IFCQUANTITYLENGTH('Width','',$,0.99999999999999989);
#2930=IFCQUANTITYAREA('Area','area measured in geometry',$,2.1339999999999999);
#2931=IFCELEMENTQUANTITY('0PaLL3vZdkU3Q5SxkFHkiO',#18,'BaseQuantities',$,$,(#2928,#2929,#2930));
#2932=IFCRELDEFINESBYPROPERTIES('0bFCYA0NzVg9ExXP1LTczd',#18,$,$,(#2923),#2931);
#2933=IFCPROPERTYSET('1vkLDCQ20ew99qzsVl4kwx',#18,'Pset_DoorCommon',$,(#256));
#2934=IFCMAPPEDITEM(#2855,#2250);
#2935=IFCSHAPEREPRESENTATION(#86,'Body','MappedRepresentation',(#2934));
#2936=IFCPRODUCTDEFINITIONSHAPE($,$,(#2935));
#2937=IFCCARTESIANPOINT((-2.2109999999999967,6.1250000000099938,0.));
#2938=IFCAXIS2PLACEMENT3D(#2937,$,$);
#2940=IFCDOOR('00rx_E4Bf4tw0ORMnlC2kM',#18,'M_Single-Flush:1000 x 2134mm 2:293811',$,'M_Single-Flush:1000 x 2134mm 2',#5761,#2936,'293811',2.1339999999999999,0.99999999999999978);
#2941=IFCPROPERTYSET('2lxAdUUtGDIyfO8vL4u2k3',#18,'Pset_DoorCommon',$,(#256,#2258));
#2942=IFCPROPERTYSET('3act_SkodzyDjUbzVGQnDG',#18,'Pset_QuantityTakeOff',$,(#2258));
#2943=IFCRELDEFINESBYPROPERTIES('1rqhtZISez2GK1514lklUh',#18,$,$,(#2940),#2941);
#2944=IFCRELDEFINESBYPROPERTIES('2dKNAOH833$rohBQMf8wWh',#18,$,$,(#2940),#2942);
#2945=IFCQUANTITYLENGTH('Height','',$,2.1339999999999999);
#2946=IFCQUANTITYLENGTH('Width','',$,0.99999999999999989);
#2947=IFCQUANTITYAREA('Area','area measured in geometry',$,2.1339999999999999);
#2948=IFCELEMENTQUANTITY('2mgFvslG0dxM1dC6AMeCGx',#18,'BaseQuantities',$,$,(#2945,#2946,#2947));
#2949=IFCRELDEFINESBYPROPERTIES('1ONgR2rCMVjcWN5WIfKcAy',#18,$,$,(#2940),#2948);
#2950=IFCCARTESIANPOINT((-1.711000000000001,7.7530000000099868,0.));
#2951=IFCAXIS2PLACEMENT3D(#2950,#9,#7);
#2952=IFCLOCALPLACEMENT(#108,#2951);
#2953=IFCCARTESIANPOINT((4.8220000000000081,-0.));
#2954=IFCPOLYLINE((#4,#2953));
#2955=IFCSHAPEREPRESENTATION(#85,'Axis','Curve2D',(#2954));
#2956=IFCCARTESIANPOINT((2.411000000000004,-5.5511151231257827E-17));
#2957=IFCAXIS2PLACEMENT2D(#2956,#12);
#2958=IFCRECTANGLEPROFILEDEF(.AREA.,$,#2957,4.8220000000000081,0.12800000000000014);
#2959=IFCAXIS2PLACEMENT3D(#3,$,$);
#2960=IFCEXTRUDEDAREASOLID(#2958,#2959,#9,3.2100000000000022);
#2961=IFCCARTESIANPOINT((4.8220000000000081,-0.));
#2962=IFCCARTESIANPOINT((4.8220000000000081,0.12799999999999978));
#2963=IFCCARTESIANPOINT((0.,0.12799999999999989));
#2964=IFCPOLYLINE((#4,#2961,#2962,#2963,#4));
#2965=IFCCARTESIANPOINT((0.,-0.063999999999999904,3.2100000000000022));
#2966=IFCAXIS2PLACEMENT3D(#2965,#10,#5);
#2967=IFCPLANE(#2966);
#2968=IFCCARTESIANPOINT((0.,-0.063999999999999904,3.2100000000000022));
#2969=IFCAXIS2PLACEMENT3D(#2968,$,$);
#2970=IFCPOLYGONALBOUNDEDHALFSPACE(#2967,.T.,#2969,#2964);
#2971=IFCBOOLEANCLIPPINGRESULT(.DIFFERENCE.,#2960,#2970);
#2972=IFCSTYLEDITEM(#2960,(#948),$);
#2973=IFCSHAPEREPRESENTATION(#86,'Body','Clipping',(#2971));
#2974=IFCPRODUCTDEFINITIONSHAPE($,$,(#2955,#2973));
#2975=IFCWALLSTANDARDCASE('00rx_E4Bf4tw0ORMnlC2lN',#18,'Basiswand:Interior - 126mm Partition (2-hr):293874',$,'Basiswand:Interior - 126mm Partition (2-hr)',#2952,#2974,'293874');
#2976=IFCQUANTITYLENGTH('Height',$,$,3.2100000000000022);
#2977=IFCQUANTITYLENGTH('Length',$,$,4.8220000000000081);
#2978=IFCQUANTITYLENGTH('Width',$,$,0.12799999999999997);
#2979=IFCQUANTITYAREA('GrossFootprintArea',$,$,0.61721600000000165);
#2980=IFCQUANTITYVOLUME('GrossVolume',$,$,1.7731215360000041);
#2981=IFCQUANTITYAREA('GrossSideArea',$,$,13.852512000000035);
#2982=IFCQUANTITYAREA('NetSideArea',$,$,13.852512000000035);
#2983=IFCQUANTITYVOLUME('NetVolume',$,$,1.7731215360000068);
#2984=IFCELEMENTQUANTITY('3JVdEff2d3DcmOSgDO5YtJ',#18,'BaseQuantities',$,$,(#2976,#2977,#2978,#2979,#2980,#2981,#2982,#2983));
#2985=IFCRELDEFINESBYPROPERTIES('2X8uG0D1oar$gC3UPPqna3',#18,$,$,(#2975),#2984);
#2986=IFCPROPERTYSET('1N$eyu$g5nAjNxp0IsSYRR',#18,'Pset_QuantityTakeOff',$,(#984));
#2987=IFCPROPERTYSINGLEVALUE('Reference',$,IFCLABEL('Interior - 126mm Partition (2-hr)'),$);
#2988=IFCPROPERTYSET('2v1TdBLbmK9xes90w7abtS',#18,'Pset_ReinforcementBarPitchOfWall',$,(#2987));
#2989=IFCPROPERTYSET('2TqS9PFITfQb7jitBwzwNW',#18,'Pset_WallCommon',$,(#256,#984,#988,#989));
#2990=IFCRELDEFINESBYPROPERTIES('3rWPmL0JYhWP_QX2e0i$oF',#18,$,$,(#2975),#2986);
#2991=IFCRELDEFINESBYPROPERTIES('2$Gh3eyZmc4LkXTKAwhVHT',#18,$,$,(#2975),#2988);
#2992=IFCRELDEFINESBYPROPERTIES('1ZLX_oNO8Uk4fdkaGT7sHT',#18,$,$,(#2975),#2989);
#2993=IFCMAPPEDITEM(#2471,#2250);
#2994=IFCSHAPEREPRESENTATION(#86,'Body','MappedRepresentation',(#2993));
#2995=IFCPRODUCTDEFINITIONSHAPE($,$,(#2994));
#2996=IFCCARTESIANPOINT((1.8529999999999951,8.0080000000099716,0.));
#2997=IFCAXIS2PLACEMENT3D(#2996,#9,#7);
#2999=IFCDOOR('00rx_E4Bf4tw0ORMnlC2mY',#18,'M_Single-Flush:0762 x 2134mm:293895',$,'M_Single-Flush:0762 x 2134mm',#5361,#2995,'293895',2.1339999999999999,0.76200000000000001);
#3000=IFCPROPERTYSET('3Fq1Bou5IKEs4mwHD3E34k',#18,'Pset_DoorCommon',$,(#256,#2482));
#3001=IFCPROPERTYSET('0QsBM7zc$hnZYSTWrSrrBq',#18,'Pset_QuantityTakeOff',$,(#2482));
#3002=IFCRELDEFINESBYPROPERTIES('02A7FP83VsHT5boVoD1VgP',#18,$,$,(#2999),#3000);
#3003=IFCRELDEFINESBYPROPERTIES('0sb$SktdUNDf4nuuolwkSn',#18,$,$,(#2999),#3001);
#3004=IFCQUANTITYLENGTH('Height','',$,2.1339999999999999);
#3005=IFCQUANTITYLENGTH('Width','',$,0.7619999999999999);
#3006=IFCQUANTITYAREA('Area','area measured in geometry',$,1.6261079999999994);
#3007=IFCELEMENTQUANTITY('3t1w6D9qANWdh1Kh1_oaT0',#18,'BaseQuantities',$,$,(#3004,#3005,#3006));
#3008=IFCRELDEFINESBYPROPERTIES('0H53ytXAhhC5pcqR1TrcI8',#18,$,$,(#2999),#3007);
#3009=IFCMAPPEDITEM(#2471,#2250);
#3010=IFCSHAPEREPRESENTATION(#86,'Body','MappedRepresentation',(#3009));
#3011=IFCPRODUCTDEFINITIONSHAPE($,$,(#3010));
#3012=IFCCARTESIANPOINT((-1.6470000000000051,8.008000000009984,0.));
#3013=IFCAXIS2PLACEMENT3D(#3012,#9,#7);
#3015=IFCDOOR('00rx_E4Bf4tw0ORMnlC2m7',#18,'M_Single-Flush:0762 x 2134mm:293922',$,'M_Single-Flush:0762 x 2134mm',#5781,#3011,'293922',2.1339999999999999,0.76200000000000001);
#3016=IFCPROPERTYSET('3tXYiM9psQQOctTjVr9V1o',#18,'Pset_DoorCommon',$,(#256,#2482));
#3017=IFCPROPERTYSET('3BjsTqmTn2sO7Ko2usoDaV',#18,'Pset_QuantityTakeOff',$,(#2482));
#3018=IFCRELDEFINESBYPROPERTIES('37xPvfCBefZfB7xwQKWxWC',#18,$,$,(#3015),#3016);
#3019=IFCRELDEFINESBYPROPERTIES('2FXK2G0hSy0ogHYPndbhYP',#18,$,$,(#3015),#3017);
#3020=IFCQUANTITYLENGTH('Height','',$,2.1339999999999999);
#3021=IFCQUANTITYLENGTH('Width','',$,0.7619999999999999);
#3022=IFCQUANTITYAREA('Area','area measured in geometry',$,1.6261079999999994);
#3023=IFCELEMENTQUANTITY('0z3xomrEf0o$ewBLgZoKJ0',#18,'BaseQuantities',$,$,(#3020,#3021,#3022));
#3024=IFCRELDEFINESBYPROPERTIES('0zCQcMaYOceCFYNUsqW1H_',#18,$,$,(#3015),#3023);
#3025=IFCCARTESIANPOINT((-0.57599999999999996,-1.123999999999999));
#3026=IFCCARTESIANPOINT((0.57599999999999973,-1.123999999999999));
#3027=IFCCARTESIANPOINT((0.57599999999999973,1.0860000000000003));
#3028=IFCCARTESIANPOINT((0.49999999999999989,1.0860000000000003));
#3029=IFCCARTESIANPOINT((0.49999999999999989,-1.0480000000000018));
#3030=IFCCARTESIANPOINT((-0.49999999999999961,-1.0480000000000018));
#3031=IFCCARTESIANPOINT((-0.49999999999999961,1.0860000000000003));
#3032=IFCCARTESIANPOINT((-0.57599999999999996,1.0860000000000003));
#3033=IFCPOLYLINE((#3025,#3026,#3027,#3028,#3029,#3030,#3031,#3032,#3025));
#3034=IFCARBITRARYCLOSEDPROFILEDEF(.AREA.,'1000 x 2134mm 2',#3033);
#3035=IFCCARTESIANPOINT((0.50000000000000011,0.15299999999998806,1.0860000000000003));
#3036=IFCAXIS2PLACEMENT3D(#3035,#8,#6);
#3037=IFCEXTRUDEDAREASOLID(#3034,#3036,#9,0.024999999999994454);
#3038=IFCCARTESIANPOINT((-1.1239999999999997,-0.57599999999999696));
#3039=IFCCARTESIANPOINT((1.0859999999999996,-0.57599999999999696));
#3040=IFCCARTESIANPOINT((1.0859999999999996,-0.50000000000000744));
#3041=IFCCARTESIANPOINT((-1.0479999999999996,-0.50000000000000744));
#3042=IFCCARTESIANPOINT((-1.0479999999999996,0.50000000000000178));
#3043=IFCCARTESIANPOINT((1.0859999999999996,0.50000000000000178));
#3044=IFCCARTESIANPOINT((1.0859999999999996,0.57600000000000262));
#3045=IFCCARTESIANPOINT((-1.1239999999999997,0.57600000000000262));
#3046=IFCPOLYLINE((#3038,#3039,#3040,#3041,#3042,#3043,#3044,#3045,#3038));
#3047=IFCARBITRARYCLOSEDPROFILEDEF(.AREA.,'1000 x 2134mm 2',#3046);
#3048=IFCCARTESIANPOINT((0.49999999999999789,0.,1.0859999999999996));
#3049=IFCAXIS2PLACEMENT3D(#3048,#8,#10);
#3050=IFCEXTRUDEDAREASOLID(#3047,#3049,#9,0.025000000000005587);
#3051=IFCCARTESIANPOINT((0.,3.4694469519536142E-18));
#3052=IFCAXIS2PLACEMENT2D(#3051,#11);
#3053=IFCRECTANGLEPROFILEDEF(.AREA.,'1000 x 2134mm 2',#3052,0.99999999999999967,0.051000000000000004);
#3054=IFCCARTESIANPOINT((0.50000000000000044,0.10249999999999362,0.));
#3055=IFCAXIS2PLACEMENT3D(#3054,$,$);
#3056=IFCEXTRUDEDAREASOLID(#3053,#3055,#9,2.133999999999999);
#3057=IFCSTYLEDITEM(#3037,(#2225),$);
#3058=IFCSTYLEDITEM(#3050,(#2225),$);
#3059=IFCSTYLEDITEM(#3056,(#2231),$);
#3060=IFCSHAPEREPRESENTATION(#86,'Body','SweptSolid',(#3037,#3050,#3056));
#3061=IFCAXIS2PLACEMENT3D(#3,$,$);
#3062=IFCREPRESENTATIONMAP(#3061,#3060);
#3063=IFCDOORLININGPROPERTIES('00rx_E4Bf4tw0ORMrlC2oA',#18,'M_Single-Flush:1000 x 2134mm 2:294063',$,$,$,$,$,$,$,$,$,$,$,$);
#3064=IFCDOORPANELPROPERTIES('00rx_E4Bf4tw0ORMvlC2oA',#18,'M_Single-Flush:1000 x 2134mm 2:294063:1',$,$,.NOTDEFINED.,$,.NOTDEFINED.,$);
#3065=IFCDOORSTYLE('12dPoCKc3O14fBSMJmNRQW',#18,'M_Single-Flush:1000 x 2134mm 2',$,$,(#3063,#3064,#3082),(#3062),'208371',.NOTDEFINED.,.NOTDEFINED.,.F.,.F.);
#3066=IFCMAPPEDITEM(#3062,#2250);
#3067=IFCSHAPEREPRESENTATION(#86,'Body','MappedRepresentation',(#3066));
#3068=IFCPRODUCTDEFINITIONSHAPE($,$,(#3067));
#3069=IFCCARTESIANPOINT((-5.0339999999998826,6.5320000000099965,0.));
#3070=IFCAXIS2PLACEMENT3D(#3069,#9,#7);
#3072=IFCDOOR('00rx_E4Bf4tw0ORMnlC2oA',#18,'M_Single-Flush:1000 x 2134mm 2:294063',$,'M_Single-Flush:1000 x 2134mm 2',#5261,#3068,'294063',2.1339999999999999,1.);
#3073=IFCPROPERTYSET('24ZT2hiO_f9n788aI_ji9J',#18,'Pset_DoorCommon',$,(#256,#2258));
#3074=IFCPROPERTYSET('1Q7XBoIZ5WIw4k6xTJsN35',#18,'Pset_QuantityTakeOff',$,(#2258));
#3075=IFCRELDEFINESBYPROPERTIES('3Ibfikqmf0TgrWn1H88WSK',#18,$,$,(#3072),#3073);
#3076=IFCRELDEFINESBYPROPERTIES('2lKq7Y2XGiQ$HcVBF6_BRB',#18,$,$,(#3072),#3074);
#3077=IFCQUANTITYLENGTH('Height','',$,2.1339999999999999);
#3078=IFCQUANTITYLENGTH('Width','',$,0.99999999999999989);
#3079=IFCQUANTITYAREA('Area','area measured in geometry',$,2.1339999999999999);
#3080=IFCELEMENTQUANTITY('33lQFgWLPxYnaHsSaMwmpe',#18,'BaseQuantities',$,$,(#3077,#3078,#3079));
#3081=IFCRELDEFINESBYPROPERTIES('2n8dYWBNf6ObfTbSkpuoH8',#18,$,$,(#3072),#3080);
#3082=IFCPROPERTYSET('3N23vZjXsb1wF1QXN2pCls',#18,'Pset_DoorCommon',$,(#256));
#3083=IFCMAPPEDITEM(#2471,#2250);
#3084=IFCSHAPEREPRESENTATION(#86,'Body','MappedRepresentation',(#3083));
#3085=IFCPRODUCTDEFINITIONSHAPE($,$,(#3084));
#3086=IFCCARTESIANPOINT((-4.178999999999875,7.6250000000099991,0.));
#3087=IFCAXIS2PLACEMENT3D(#3086,$,$);
#3089=IFCDOOR('00rx_E4Bf4tw0ORMnlC2p3',#18,'M_Single-Flush:0762 x 2134mm:294118',$,'M_Single-Flush:0762 x 2134mm',#5301,#3085,'294118',2.1339999999999999,0.76200000000000001);
#3090=IFCPROPERTYSET('0UIWi7cx9v9QnZyPFlWrU3',#18,'Pset_DoorCommon',$,(#256,#2482));
#3091=IFCPROPERTYSET('3lLACTyyDJ9veXWVMxC$TH',#18,'Pset_QuantityTakeOff',$,(#2482));
#3092=IFCRELDEFINESBYPROPERTIES('2AZG5LndTL8ScnLafEyuF2',#18,$,$,(#3089),#3090);
#3093=IFCRELDEFINESBYPROPERTIES('3qePsh_SJyQcpPiXuOyYB2',#18,$,$,(#3089),#3091);
#3094=IFCQUANTITYLENGTH('Height','',$,2.1339999999999999);
#3095=IFCQUANTITYLENGTH('Width','',$,0.7619999999999999);
#3096=IFCQUANTITYAREA('Area','area measured in geometry',$,1.6261079999999994);
#3097=IFCELEMENTQUANTITY('21V2V$7s2t8AGSwxWEiI5e',#18,'BaseQuantities',$,$,(#3094,#3095,#3096));
#3098=IFCRELDEFINESBYPROPERTIES('28FqyNTgkjrYKE_cdRofEI',#18,$,$,(#3089),#3097);
#3099=IFCMAPPEDITEM(#2855,#2250);
#3100=IFCSHAPEREPRESENTATION(#86,'Body','MappedRepresentation',(#3099));
#3101=IFCPRODUCTDEFINITIONSHAPE($,$,(#3100));
#3102=IFCCARTESIANPOINT((-4.9750000000000085,0.39999999999999913,0.));
#3103=IFCAXIS2PLACEMENT3D(#3102,#9,#7);
#3105=IFCDOOR('00rx_E4Bf4tw0ORMnlC2ri',#18,'M_Single-Flush:1000 x 2134mm 2:294217',$,'M_Single-Flush:1000 x 2134mm 2',#4921,#3101,'294217',2.1339999999999999,0.99999999999999978);
#3106=IFCPROPERTYSET('0nuSQQ1LFmZ4Oow_9b1pSm',#18,'Pset_DoorCommon',$,(#256,#2258));
#3107=IFCPROPERTYSET('1r1GiCS7c2_ruj4Nchixkq',#18,'Pset_QuantityTakeOff',$,(#2258));
#3108=IFCRELDEFINESBYPROPERTIES('1eZ7MieJNqBBXuVTh$JRgS',#18,$,$,(#3105),#3106);
#3109=IFCRELDEFINESBYPROPERTIES('2TPRFMdx7H00NvaG2uqFTv',#18,$,$,(#3105),#3107);
#3110=IFCQUANTITYLENGTH('Height','',$,2.1339999999999999);
#3111=IFCQUANTITYLENGTH('Width','',$,0.99999999999999989);
#3112=IFCQUANTITYAREA('Area','area measured in geometry',$,2.1339999999999999);
#3113=IFCELEMENTQUANTITY('1GcT_9JXSJNM_lzE9i8HfR',#18,'BaseQuantities',$,$,(#3110,#3111,#3112));
#3114=IFCRELDEFINESBYPROPERTIES('0vV8uCosz3OZ1f_bNlFWVF',#18,$,$,(#3105),#3113);
#3115=IFCMAPPEDITEM(#2913,#2250);
#3116=IFCSHAPEREPRESENTATION(#86,'Body','MappedRepresentation',(#3115));
#3117=IFCPRODUCTDEFINITIONSHAPE($,$,(#3116));
#3118=IFCCARTESIANPOINT((-7.3999999999999906,0.64999999999999669,0.));
#3119=IFCAXIS2PLACEMENT3D(#3118,#9,#7);
#3121=IFCDOOR('00rx_E4Bf4tw0ORMnlC2rl',#18,'M_Single-Flush:1000 x 2134mm 2:294218',$,'M_Single-Flush:1000 x 2134mm 2',#4961,#3117,'294218',2.1339999999999999,0.99999999999999989);
#3122=IFCPROPERTYSET('2FbnBK_yuMaXsWRJb19AgS',#18,'Pset_DoorCommon',$,(#256,#2258));
#3123=IFCPROPERTYSET('0kePcXjPFI4kFGtoRJrLll',#18,'Pset_QuantityTakeOff',$,(#2258));
#3124=IFCRELDEFINESBYPROPERTIES('0p9EC94EkcwBU7TFE_O67S',#18,$,$,(#3121),#3122);
#3125=IFCRELDEFINESBYPROPERTIES('2bp4dn8PpxvLuCyJE_qu5X',#18,$,$,(#3121),#3123);
#3126=IFCQUANTITYLENGTH('Height','',$,2.1339999999999999);
#3127=IFCQUANTITYLENGTH('Width','',$,0.99999999999999989);
#3128=IFCQUANTITYAREA('Area','area measured in geometry',$,2.1339999999999999);
#3129=IFCELEMENTQUANTITY('0S7ijXVoxQ4LmC4oWYzbUW',#18,'BaseQuantities',$,$,(#3126,#3127,#3128));
#3130=IFCRELDEFINESBYPROPERTIES('39AQCMTe9vPitK21i3SanS',#18,$,$,(#3121),#3129);
#3131=IFCCARTESIANPOINT((6.5597745728711896,-3.4140000000000854,0.));
#3132=IFCAXIS2PLACEMENT3D(#3131,#9,#6);
#3133=IFCLOCALPLACEMENT(#108,#3132);
#3134=IFCCARTESIANPOINT((1.3957745728710673,-0.));
#3135=IFCPOLYLINE((#4,#3134));
#3136=IFCSHAPEREPRESENTATION(#85,'Axis','Curve2D',(#3135));
#3137=IFCCARTESIANPOINT((0.69788728643553377,-1.2490009027033011E-16));
#3138=IFCAXIS2PLACEMENT2D(#3137,#12);
#3139=IFCRECTANGLEPROFILEDEF(.AREA.,$,#3138,1.3957745728710675,0.12800000000000014);
#3140=IFCAXIS2PLACEMENT3D(#3,$,$);
#3141=IFCEXTRUDEDAREASOLID(#3139,#3140,#9,3.2100000000000022);
#3142=IFCCARTESIANPOINT((0.19577457287038849,0.));
#3143=IFCCARTESIANPOINT((0.32377457287038869,0.));
#3144=IFCCARTESIANPOINT((1.3957745728710675,-0.));
#3145=IFCCARTESIANPOINT((1.3957745728710678,0.12799999999999961));
#3146=IFCCARTESIANPOINT((0.,0.12800000000000017));
#3147=IFCPOLYLINE((#4,#3142,#3143,#3144,#3145,#3146,#4));
#3148=IFCCARTESIANPOINT((0.,-0.064000000000000071,3.2100000000000022));
#3149=IFCAXIS2PLACEMENT3D(#3148,#10,#8);
#3150=IFCPLANE(#3149);
#3151=IFCCARTESIANPOINT((0.,-0.064000000000000071,3.2100000000000022));
#3152=IFCAXIS2PLACEMENT3D(#3151,$,$);
#3153=IFCPOLYGONALBOUNDEDHALFSPACE(#3150,.T.,#3152,#3147);
#3154=IFCBOOLEANCLIPPINGRESULT(.DIFFERENCE.,#3141,#3153);
#3155=IFCSTYLEDITEM(#3141,(#948),$);
#3156=IFCSHAPEREPRESENTATION(#86,'Body','Clipping',(#3154));
#3157=IFCPRODUCTDEFINITIONSHAPE($,$,(#3136,#3156));
#3158=IFCWALLSTANDARDCASE('00rx_E4Bf4tw0ORMnlC2vC',#18,'Basiswand:Interior - 126mm Partition (2-hr):294505',$,'Basiswand:Interior - 126mm Partition (2-hr)',#3133,#3157,'294505');
#3159=IFCQUANTITYLENGTH('Height',$,$,3.2100000000000022);
#3160=IFCQUANTITYLENGTH('Length',$,$,1.395774572871068);
#3161=IFCQUANTITYLENGTH('Width',$,$,0.12799999999999997);
#3162=IFCQUANTITYAREA('GrossFootprintArea',$,$,0.17865914532749683);
#3163=IFCQUANTITYVOLUME('GrossVolume',$,$,0.57349585650126444);
#3164=IFCQUANTITYAREA('GrossSideArea',$,$,4.4804363789161297);
#3165=IFCQUANTITYAREA('NetSideArea',$,$,4.4804363789161288);
#3166=IFCQUANTITYVOLUME('NetVolume',$,$,0.57349585650126567);
#3167=IFCELEMENTQUANTITY('1qTHBkeIq0sZbqx27J5mhq',#18,'BaseQuantities',$,$,(#3159,#3160,#3161,#3162,#3163,#3164,#3165,#3166));
#3168=IFCRELDEFINESBYPROPERTIES('07jjIBESS6iaCnnH251Smh',#18,$,$,(#3158),#3167);
#3169=IFCPROPERTYSET('0oV$2O9D4sd9wgQTgnL8Tn',#18,'Pset_QuantityTakeOff',$,(#984));
#3170=IFCPROPERTYSINGLEVALUE('Reference',$,IFCLABEL('Interior - 126mm Partition (2-hr)'),$);
#3171=IFCPROPERTYSET('0y3KWIKcZNiDgVnaK4K38m',#18,'Pset_ReinforcementBarPitchOfWall',$,(#3170));
#3172=IFCPROPERTYSET('3MoPt_rvEQDQTHqa2Y4uDs',#18,'Pset_WallCommon',$,(#256,#984,#988,#989));
#3173=IFCRELDEFINESBYPROPERTIES('32V96sLGHUzWWtRvtbkqpA',#18,$,$,(#3158),#3169);
#3174=IFCRELDEFINESBYPROPERTIES('13DTlEhaGrRa0kouzzKygd',#18,$,$,(#3158),#3171);
#3175=IFCRELDEFINESBYPROPERTIES('0dZh$Y25DSEKbV5AnxcKKU',#18,$,$,(#3158),#3172);
#3176=IFCCARTESIANPOINT((6.300000000000801,-3.3500000000000862,0.));
#3177=IFCAXIS2PLACEMENT3D(#3176,#9,#7);
#3178=IFCLOCALPLACEMENT(#108,#3177);
#3179=IFCCARTESIANPOINT((1.8719999999999928,-0.));
#3180=IFCPOLYLINE((#4,#3179));
#3181=IFCSHAPEREPRESENTATION(#85,'Axis','Curve2D',(#3180));
#3182=IFCCARTESIANPOINT((0.93599999999999661,-4.9266146717741321E-16));
#3183=IFCAXIS2PLACEMENT2D(#3182,#11);
#3184=IFCRECTANGLEPROFILEDEF(.AREA.,$,#3183,1.8719999999999917,0.12800000000000014);
#3185=IFCAXIS2PLACEMENT3D(#3,$,$);
#3186=IFCEXTRUDEDAREASOLID(#3184,#3185,#9,3.2100000000000022);
#3187=IFCCARTESIANPOINT((1.8719999999999917,-0.));
#3188=IFCCARTESIANPOINT((1.8719999999999928,0.12800000000000022));
#3189=IFCCARTESIANPOINT((0.,0.12800000000000017));
#3190=IFCPOLYLINE((#4,#3187,#3188,#3189,#4));
#3191=IFCCARTESIANPOINT((0.,-0.06400000000000039,3.2100000000000022));
#3192=IFCAXIS2PLACEMENT3D(#3191,#10,#5);
#3193=IFCPLANE(#3192);
#3194=IFCCARTESIANPOINT((0.,-0.06400000000000039,3.2100000000000022));
#3195=IFCAXIS2PLACEMENT3D(#3194,$,$);
#3196=IFCPOLYGONALBOUNDEDHALFSPACE(#3193,.T.,#3195,#3190);
#3197=IFCBOOLEANCLIPPINGRESULT(.DIFFERENCE.,#3186,#3196);
#3198=IFCSTYLEDITEM(#3186,(#948),$);
#3199=IFCSHAPEREPRESENTATION(#86,'Body','Clipping',(#3197));
#3200=IFCPRODUCTDEFINITIONSHAPE($,$,(#3181,#3199));
#3201=IFCWALLSTANDARDCASE('00rx_E4Bf4tw0ORMnlC2vF',#18,'Basiswand:Interior - 126mm Partition (2-hr):294506',$,'Basiswand:Interior - 126mm Partition (2-hr)',#3178,#3200,'294506');
#3202=IFCQUANTITYLENGTH('Height',$,$,3.2100000000000022);
#3203=IFCQUANTITYLENGTH('Length',$,$,1.8719999999999928);
#3204=IFCQUANTITYLENGTH('Width',$,$,0.12799999999999997);
#3205=IFCQUANTITYAREA('GrossFootprintArea',$,$,0.2396159999999973);
#3206=IFCQUANTITYVOLUME('GrossVolume',$,$,0.56102553599999727);
#3207=IFCQUANTITYAREA('GrossSideArea',$,$,4.3830119999999804);
#3208=IFCQUANTITYAREA('NetSideArea',$,$,4.3830119999999795);
#3209=IFCQUANTITYVOLUME('NetVolume',$,$,0.56102553600000382);
#3210=IFCELEMENTQUANTITY('0sFTDWnwSMxGH_Ilc2iOp5',#18,'BaseQuantities',$,$,(#3202,#3203,#3204,#3205,#3206,#3207,#3208,#3209));
#3211=IFCRELDEFINESBYPROPERTIES('01eE5WEMymkBSNcHDOcR8U',#18,$,$,(#3201),#3210);
#3212=IFCPROPERTYSET('0SYzSuHiM0BMAVDyNa4h7f',#18,'Pset_QuantityTakeOff',$,(#984));
#3213=IFCPROPERTYSINGLEVALUE('Reference',$,IFCLABEL('Interior - 126mm Partition (2-hr)'),$);
#3214=IFCPROPERTYSET('2orWJukbV7fbXfaEAhxyBp',#18,'Pset_ReinforcementBarPitchOfWall',$,(#3213));
#3215=IFCPROPERTYSET('0z$GdyGh9iEyMWU6DlB7wQ',#18,'Pset_WallCommon',$,(#256,#984,#988,#989));
#3216=IFCRELDEFINESBYPROPERTIES('16tUyLgCGg_lHxeF$z1EEW',#18,$,$,(#3201),#3212);
#3217=IFCRELDEFINESBYPROPERTIES('1EYri15PSOtsu4u__thjj0',#18,$,$,(#3201),#3214);
#3218=IFCRELDEFINESBYPROPERTIES('2Jx3eViAHZzk3sQheo9PI4',#18,$,$,(#3201),#3215);
#3219=IFCMAPPEDITEM(#2546,#2250);
#3220=IFCSHAPEREPRESENTATION(#86,'Body','MappedRepresentation',(#3219));
#3221=IFCPRODUCTDEFINITIONSHAPE($,$,(#3220));
#3222=IFCCARTESIANPOINT((6.3640000000008001,-2.4950000000000885,0.));
#3223=IFCAXIS2PLACEMENT3D(#3222,#9,#7);
#3225=IFCDOOR('00rx_E4Bf4tw0ORMnlC2vE',#18,'M_Single-Flush:0762 x 2134mm:294507',$,'M_Single-Flush:0762 x 2134mm',#5801,#3221,'294507',2.1339999999999999,0.76200000000000034);
#3226=IFCPROPERTYSET('2X3xGniNwRI8GV5DiazXaw',#18,'Pset_DoorCommon',$,(#256,#2482));
#3227=IFCPROPERTYSET('1ZkO6rCLAV8SJBdbGdyOuY',#18,'Pset_QuantityTakeOff',$,(#2482));
#3228=IFCRELDEFINESBYPROPERTIES('3FfVD5_VDcaMeiOCaJ8IDr',#18,$,$,(#3225),#3226);
#3229=IFCRELDEFINESBYPROPERTIES('1ii51jR3F8AjvB0BNRoq8z',#18,$,$,(#3225),#3227);
#3230=IFCQUANTITYLENGTH('Height','',$,2.1339999999999999);
#3231=IFCQUANTITYLENGTH('Width','',$,0.7619999999999999);
#3232=IFCQUANTITYAREA('Area','area measured in geometry',$,1.6261079999999994);
#3233=IFCELEMENTQUANTITY('1$2As0ljHr6cCO$fvB4JmO',#18,'BaseQuantities',$,$,(#3230,#3231,#3232));
#3234=IFCRELDEFINESBYPROPERTIES('2pVYz2ZWA7EaIpo0MWTYt3',#18,$,$,(#3225),#3233);
#3235=IFCCARTESIANPOINT((7.4415456652501311,-4.0236404591206538,0.));
#3236=IFCAXIS2PLACEMENT3D(#3235,#9,#7);
#3237=IFCLOCALPLACEMENT(#108,#3236);
#3238=IFCCARTESIANPOINT((2.5456404591205568,-0.));
#3239=IFCPOLYLINE((#4,#3238));
#3240=IFCSHAPEREPRESENTATION(#85,'Axis','Curve2D',(#3239));
#3241=IFCCARTESIANPOINT((1.2728202295602784,-5.4123372450476381E-16));
#3242=IFCAXIS2PLACEMENT2D(#3241,#11);
#3243=IFCRECTANGLEPROFILEDEF(.AREA.,$,#3242,2.5456404591205564,0.12800000000000014);
#3244=IFCAXIS2PLACEMENT3D(#3,$,$);
#3245=IFCEXTRUDEDAREASOLID(#3243,#3244,#9,3.2100000000000022);
#3246=IFCCARTESIANPOINT((0.5456404591206081,0.));
#3247=IFCCARTESIANPOINT((0.67364045912060877,-0.));
#3248=IFCCARTESIANPOINT((2.5456404591205564,0.));
#3249=IFCCARTESIANPOINT((2.5456404591205573,0.12800000000000014));
#3250=IFCCARTESIANPOINT((0.,0.12800000000000014));
#3251=IFCPOLYLINE((#4,#3246,#3247,#3248,#3249,#3250,#4));
#3252=IFCCARTESIANPOINT((-0.,-0.064000000000000265,3.2100000000000022));
#3253=IFCAXIS2PLACEMENT3D(#3252,#10,#5);
#3254=IFCPLANE(#3253);
#3255=IFCCARTESIANPOINT((-0.,-0.064000000000000265,3.2100000000000022));
#3256=IFCAXIS2PLACEMENT3D(#3255,$,$);
#3257=IFCPOLYGONALBOUNDEDHALFSPACE(#3254,.T.,#3256,#3251);
#3258=IFCBOOLEANCLIPPINGRESULT(.DIFFERENCE.,#3245,#3257);
#3259=IFCSTYLEDITEM(#3245,(#948),$);
#3260=IFCSHAPEREPRESENTATION(#86,'Body','Clipping',(#3258));
#3261=IFCPRODUCTDEFINITIONSHAPE($,$,(#3240,#3260));
#3262=IFCWALLSTANDARDCASE('00rx_E4Bf4tw0ORMnlC2vQ',#18,'Basiswand:Interior - 126mm Partition (2-hr):294527',$,'Basiswand:Interior - 126mm Partition (2-hr)',#3237,#3261,'294527');
#3263=IFCQUANTITYLENGTH('Height',$,$,3.2100000000000022);
#3264=IFCQUANTITYLENGTH('Length',$,$,2.5456404591205568);
#3265=IFCQUANTITYLENGTH('Width',$,$,0.12799999999999997);
#3266=IFCQUANTITYAREA('GrossFootprintArea',$,$,0.32584197876742893);
#3267=IFCQUANTITYVOLUME('GrossVolume',$,$,0.83781092784345479);
#3268=IFCQUANTITYAREA('GrossSideArea',$,$,6.5453978737769916);
#3269=IFCQUANTITYAREA('NetSideArea',$,$,6.5453978737769916);
#3270=IFCQUANTITYVOLUME('NetVolume',$,$,0.83781092784345002);
#3271=IFCELEMENTQUANTITY('1AJZQfTDo9i4BqQZGtWQyi',#18,'BaseQuantities',$,$,(#3263,#3264,#3265,#3266,#3267,#3268,#3269,#3270));
#3272=IFCRELDEFINESBYPROPERTIES('25PeSSgPq_hfJ$wvaoPRjK',#18,$,$,(#3262),#3271);
#3273=IFCPROPERTYSET('285rAAktJi0J7yzy2IcetH',#18,'Pset_QuantityTakeOff',$,(#984));
#3274=IFCPROPERTYSINGLEVALUE('Reference',$,IFCLABEL('Interior - 126mm Partition (2-hr)'),$);
#3275=IFCPROPERTYSET('3sJx1ihnau_Pi91er2H4VD',#18,'Pset_ReinforcementBarPitchOfWall',$,(#3274));
#3276=IFCPROPERTYSET('038RuZWMvHzXb2UEPxxBfm',#18,'Pset_WallCommon',$,(#256,#984,#988,#989));
#3277=IFCRELDEFINESBYPROPERTIES('05geXkdom3RdduEqA6C$tI',#18,$,$,(#3262),#3273);
#3278=IFCRELDEFINESBYPROPERTIES('0$BhrkCb4Z2ZmaGL_0ZiH8',#18,$,$,(#3262),#3275);
#3279=IFCRELDEFINESBYPROPERTIES('3TWwmiI2kcGQ1hKsNOU$wH',#18,$,$,(#3262),#3276);
#3280=IFCMAPPEDITEM(#2471,#2250);
#3281=IFCSHAPEREPRESENTATION(#86,'Body','MappedRepresentation',(#3280));
#3282=IFCPRODUCTDEFINITIONSHAPE($,$,(#3281));
#3283=IFCCARTESIANPOINT((7.3775456652501319,-1.7330000000001182,0.));
#3284=IFCAXIS2PLACEMENT3D(#3283,#9,#8);
#3286=IFCDOOR('00rx_E4Bf4tw0ORMnlC2wb',#18,'M_Single-Flush:0762 x 2134mm:294528',$,'M_Single-Flush:0762 x 2134mm',#5821,#3282,'294528',2.1339999999999999,0.76199999999999979);
#3287=IFCPROPERTYSET('2XuYT125QVgs7VLFaiMoPD',#18,'Pset_DoorCommon',$,(#256,#2482));
#3288=IFCPROPERTYSET('3y6mx7nVTBneuwe0eK1aAX',#18,'Pset_QuantityTakeOff',$,(#2482));
#3289=IFCRELDEFINESBYPROPERTIES('1tSvbkT8xakpYJ587FJHjo',#18,$,$,(#3286),#3287);
#3290=IFCRELDEFINESBYPROPERTIES('2bWGMHeVta62pWMNV1QIYv',#18,$,$,(#3286),#3288);
#3291=IFCQUANTITYLENGTH('Height','',$,2.1339999999999999);
#3292=IFCQUANTITYLENGTH('Width','',$,0.7619999999999999);
#3293=IFCQUANTITYAREA('Area','area measured in geometry',$,1.6261079999999994);
#3294=IFCELEMENTQUANTITY('1S6PfhGgsNGcFmn5OdpXau',#18,'BaseQuantities',$,$,(#3291,#3292,#3293));
#3295=IFCRELDEFINESBYPROPERTIES('1Wj4uVjntz02rx7dbNnJeZ',#18,$,$,(#3286),#3294);
#3296=IFCMAPPEDITEM(#2855,#2250);
#3297=IFCSHAPEREPRESENTATION(#86,'Body','MappedRepresentation',(#3296));
#3298=IFCPRODUCTDEFINITIONSHAPE($,$,(#3297));
#3299=IFCCARTESIANPOINT((16.475000000000009,-0.20700000000006635,0.));
#3300=IFCAXIS2PLACEMENT3D(#3299,#9,#8);
#3302=IFCDOOR('2xPjisGuXA6QrYY28z4M$z',#18,'M_Single-Flush:1000 x 2134mm 2:294633',$,'M_Single-Flush:1000 x 2134mm 2',#4941,#3298,'294633',2.1339999999999999,0.99999999999999989);
#3303=IFCPROPERTYSET('1$oWx1yGAPYQlvOafJ0kcj',#18,'Pset_DoorCommon',$,(#256,#2258));
#3304=IFCPROPERTYSET('3Mg9v5s4k26y72Rtor59LX',#18,'Pset_QuantityTakeOff',$,(#2258));
#3305=IFCRELDEFINESBYPROPERTIES('1DQMOw2ltP3o4GUAHca8fD',#18,$,$,(#3302),#3303);
#3306=IFCRELDEFINESBYPROPERTIES('3WRhEammDdDPYYytDLCytJ',#18,$,$,(#3302),#3304);
#3307=IFCQUANTITYLENGTH('Height','',$,2.1339999999999999);
#3308=IFCQUANTITYLENGTH('Width','',$,0.99999999999999989);
#3309=IFCQUANTITYAREA('Area','area measured in geometry',$,2.1339999999999999);
#3310=IFCELEMENTQUANTITY('3jKsQZGP8QVxZkIj3ePle1',#18,'BaseQuantities',$,$,(#3307,#3308,#3309));
#3311=IFCRELDEFINESBYPROPERTIES('1DIIImD_5H$WHSg0myyUZT',#18,$,$,(#3302),#3310);
#3312=IFCMAPPEDITEM(#2855,#2250);
#3313=IFCSHAPEREPRESENTATION(#86,'Body','MappedRepresentation',(#3312));
#3314=IFCPRODUCTDEFINITIONSHAPE($,$,(#3313));
#3315=IFCCARTESIANPOINT((18.200000000000006,0.12499999999998845,0.));
#3316=IFCAXIS2PLACEMENT3D(#3315,#9,#6);
#3318=IFCDOOR('2xPjisGuXA6QrYY28z4M$_',#18,'M_Single-Flush:1000 x 2134mm 2:294634',$,'M_Single-Flush:1000 x 2134mm 2',#4981,#3314,'294634',2.1339999999999999,1.);
#3319=IFCPROPERTYSET('2nxurXFbMZYz6YQRzSmZoV',#18,'Pset_DoorCommon',$,(#256,#2258));
#3320=IFCPROPERTYSET('34S7DX7g7__gABbm8j0M$p',#18,'Pset_QuantityTakeOff',$,(#2258));
#3321=IFCRELDEFINESBYPROPERTIES('1_PsDcEzLJIql18yzVWl5Q',#18,$,$,(#3318),#3319);
#3322=IFCRELDEFINESBYPROPERTIES('3qTbt2Z5Fc_XgyH8tJT$EN',#18,$,$,(#3318),#3320);
#3323=IFCQUANTITYLENGTH('Height','',$,2.1339999999999999);
#3324=IFCQUANTITYLENGTH('Width','',$,0.99999999999999989);
#3325=IFCQUANTITYAREA('Area','area measured in geometry',$,2.1339999999999999);
#3326=IFCELEMENTQUANTITY('3DuBy7noF6CnMgqksgWBDh',#18,'BaseQuantities',$,$,(#3323,#3324,#3325));
#3327=IFCRELDEFINESBYPROPERTIES('3MQ8T9zcTiwFhLf0lJ$ajO',#18,$,$,(#3318),#3326);
#3328=IFCMAPPEDITEM(#2381,#2250);
#3329=IFCSHAPEREPRESENTATION(#86,'Body','MappedRepresentation',(#3328));
#3330=IFCPRODUCTDEFINITIONSHAPE($,$,(#3329));
#3331=IFCCARTESIANPOINT((7.3132728326254623,-1.3500000000000978,0.));
#3332=IFCAXIS2PLACEMENT3D(#3331,#9,#6);
#3334=IFCDOOR('2el_K5VWP9YQ2m8SChuK4r',#18,'M_Single-Flush:0885 x 2135 mm:296045',$,'M_Single-Flush:0885 x 2135 mm',#5561,#3330,'296045',2.1349999999999998,0.88500000000000023);
#3335=IFCPROPERTYSET('1kxfCat6lC_WYe_RVY_WVW',#18,'Pset_DoorCommon',$,(#256,#2333));
#3336=IFCPROPERTYSET('1fDtHe4JMmZoUWTWmMYA9O',#18,'Pset_QuantityTakeOff',$,(#2333));
#3337=IFCRELDEFINESBYPROPERTIES('1YzxANWWiwyZ3cEuBiGUzm',#18,$,$,(#3334),#3335);
#3338=IFCRELDEFINESBYPROPERTIES('0rwMuU5EjRjmOKy1I4LE97',#18,$,$,(#3334),#3336);
#3339=IFCQUANTITYLENGTH('Height','',$,2.1349999999999998);
#3340=IFCQUANTITYLENGTH('Width','',$,0.88500000000000001);
#3341=IFCQUANTITYAREA('Area','area measured in geometry',$,1.8894749999999998);
#3342=IFCELEMENTQUANTITY('3B0DETII8Gx1v8KHDnAxMF',#18,'BaseQuantities',$,$,(#3339,#3340,#3341));
#3343=IFCRELDEFINESBYPROPERTIES('3sOpNZqUDUP$$bZRX2SvEZ',#18,$,$,(#3334),#3342);
#3344=IFCMAPPEDITEM(#2471,#2250);
#3345=IFCSHAPEREPRESENTATION(#86,'Body','MappedRepresentation',(#3344));
#3346=IFCPRODUCTDEFINITIONSHAPE($,$,(#3345));
#3347=IFCCARTESIANPOINT((-0.79200000000000148,7.6250000000099885,0.));
#3348=IFCAXIS2PLACEMENT3D(#3347,$,$);
#3350=IFCDOOR('0Ia0cbZp5DnPeiwWHBWZv0',#18,'M_Single-Flush:0762 x 2134mm:296076',$,'M_Single-Flush:0762 x 2134mm',#5321,#3346,'296076',2.1339999999999999,0.76200000000000001);
#3351=IFCPROPERTYSET('0pv4tLbfMwWan266KLgGzR',#18,'Pset_DoorCommon',$,(#256,#2482));
#3352=IFCPROPERTYSET('1lVMaUtMuTSut4K1CEeuFi',#18,'Pset_QuantityTakeOff',$,(#2482));
#3353=IFCRELDEFINESBYPROPERTIES('3K1Na1RvkcZ_3BceA2tdZn',#18,$,$,(#3350),#3351);
#3354=IFCRELDEFINESBYPROPERTIES('2_o1MS7WRQpk5MOjUOaA3l',#18,$,$,(#3350),#3352);
#3355=IFCQUANTITYLENGTH('Height','',$,2.1339999999999999);
#3356=IFCQUANTITYLENGTH('Width','',$,0.7619999999999999);
#3357=IFCQUANTITYAREA('Area','area measured in geometry',$,1.6261079999999994);
#3358=IFCELEMENTQUANTITY('3LCb96XLsynqIdKxuugFrU',#18,'BaseQuantities',$,$,(#3355,#3356,#3357));
#3359=IFCRELDEFINESBYPROPERTIES('3vSxMjkcN0$I2oVuO9TkKX',#18,$,$,(#3350),#3358);
#3360=IFCCARTESIANPOINT((1.3500000000000045,5.105999999999999,0.));
#3361=IFCAXIS2PLACEMENT3D(#3360,#9,#7);
#3362=IFCLOCALPLACEMENT(#108,#3361);
#3363=IFCCARTESIANPOINT((1.0190000000099777,0.));
#3364=IFCPOLYLINE((#4,#3363));
#3365=IFCSHAPEREPRESENTATION(#85,'Axis','Curve2D',(#3364));
#3366=IFCCARTESIANPOINT((0.50950000000498874,0.));
#3367=IFCAXIS2PLACEMENT2D(#3366,#12);
#3368=IFCRECTANGLEPROFILEDEF(.AREA.,$,#3367,1.0190000000099775,0.12800000000000014);
#3369=IFCAXIS2PLACEMENT3D(#3,$,$);
#3370=IFCEXTRUDEDAREASOLID(#3368,#3369,#9,3.2100000000000022);
#3371=IFCCARTESIANPOINT((1.0190000000099777,0.));
#3372=IFCCARTESIANPOINT((1.0190000000099777,0.12799999999999934));
#3373=IFCCARTESIANPOINT((0.,0.12799999999999986));
#3374=IFCPOLYLINE((#4,#3371,#3372,#3373,#4));
#3375=IFCCARTESIANPOINT((0.,-0.063999999999999779,3.2100000000000022));
#3376=IFCAXIS2PLACEMENT3D(#3375,#10,#5);
#3377=IFCPLANE(#3376);
#3378=IFCCARTESIANPOINT((0.,-0.063999999999999779,3.2100000000000022));
#3379=IFCAXIS2PLACEMENT3D(#3378,$,$);
#3380=IFCPOLYGONALBOUNDEDHALFSPACE(#3377,.T.,#3379,#3374);
#3381=IFCBOOLEANCLIPPINGRESULT(.DIFFERENCE.,#3370,#3380);
#3382=IFCSTYLEDITEM(#3370,(#948),$);
#3383=IFCSHAPEREPRESENTATION(#86,'Body','Clipping',(#3381));
#3384=IFCPRODUCTDEFINITIONSHAPE($,$,(#3365,#3383));
#3385=IFCWALLSTANDARDCASE('0Ia0cbZp5DnPeiwWHBWZmT',#18,'Basiswand:Interior - 126mm Partition (2-hr):296657',$,'Basiswand:Interior - 126mm Partition (2-hr)',#3362,#3384,'296657');
#3386=IFCQUANTITYLENGTH('Height',$,$,3.2100000000000022);
#3387=IFCQUANTITYLENGTH('Length',$,$,1.0190000000099779);
#3388=IFCQUANTITYLENGTH('Width',$,$,0.12799999999999997);
#3389=IFCQUANTITYAREA('GrossFootprintArea',$,$,0.13043200000127728);
#3390=IFCQUANTITYVOLUME('GrossVolume',$,$,0.41868672000409968);
#3391=IFCQUANTITYAREA('GrossSideArea',$,$,3.2709900000320293);
#3392=IFCQUANTITYAREA('NetSideArea',$,$,3.2709900000320293);
#3393=IFCQUANTITYVOLUME('NetVolume',$,$,0.41868672000409823);
#3394=IFCELEMENTQUANTITY('29zs0Dr4fw5TSA5rdWHlCB',#18,'BaseQuantities',$,$,(#3386,#3387,#3388,#3389,#3390,#3391,#3392,#3393));
#3395=IFCRELDEFINESBYPROPERTIES('3JkYRtgVy84qAhEnUZBx_7',#18,$,$,(#3385),#3394);
#3396=IFCPROPERTYSET('2C3NadViXbVegC15lBsiI4',#18,'Pset_QuantityTakeOff',$,(#984));
#3397=IFCPROPERTYSINGLEVALUE('Reference',$,IFCLABEL('Interior - 126mm Partition (2-hr)'),$);
#3398=IFCPROPERTYSET('0TuxZsKsBC9bW5m0GpPvmw',#18,'Pset_ReinforcementBarPitchOfWall',$,(#3397));
#3399=IFCPROPERTYSET('2wuAjDEDc$8y_TxuXmSaKq',#18,'Pset_WallCommon',$,(#256,#984,#988,#989));
#3400=IFCRELDEFINESBYPROPERTIES('3o4h7xiRDFrEWH239NaIWU',#18,$,$,(#3385),#3396);
#3401=IFCRELDEFINESBYPROPERTIES('39ugBLtym$5lYv30mpuW5n',#18,$,$,(#3385),#3398);
#3402=IFCRELDEFINESBYPROPERTIES('2vbb$Anb_7mj5nzJ1Zc5az',#18,$,$,(#3385),#3399);
#3403=IFCCARTESIANPOINT((-1.6049999999999958,-0.37499999999999928));
#3404=IFCCARTESIANPOINT((1.6049999999999958,-0.37499999999999928));
#3405=IFCCARTESIANPOINT((1.6049999999999958,0.37499999999999928));
#3406=IFCCARTESIANPOINT((-1.6049999999999958,0.37499999999999928));
#3407=IFCPOLYLINE((#3403,#3404,#3405,#3406,#3403));
#3408=IFCCARTESIANPOINT((-1.5249999999999944,-0.29500000000009691));
#3409=IFCCARTESIANPOINT((-1.5249999999999944,0.2949999999999921));
#3410=IFCCARTESIANPOINT((1.5249999999999961,0.2949999999999921));
#3411=IFCCARTESIANPOINT((1.5249999999999961,-0.29500000000009691));
#3412=IFCPOLYLINE((#3408,#3409,#3410,#3411,#3408));
#3413=IFCARBITRARYPROFILEDEFWITHVOIDS(.AREA.,'100 x 135',#3407,(#3412));
#3414=IFCCARTESIANPOINT((0.37499999999999917,0.12000000000095418,1.6049999999999958));
#3415=IFCAXIS2PLACEMENT3D(#3414,#7,#10);
#3416=IFCEXTRUDEDAREASOLID(#3413,#3415,#9,0.070000000000006418);
#3417=IFCCARTESIANPOINT((0.,0.));
#3418=IFCAXIS2PLACEMENT2D(#3417,#11);
#3419=IFCRECTANGLEPROFILEDEF(.AREA.,'100 x 135',#3418,0.029999999999999999,0.5900000000000043);
#3420=IFCCARTESIANPOINT((0.37500000000000566,0.15500000000095732,0.080000000000031088));
#3421=IFCAXIS2PLACEMENT3D(#3420,#9,#7);
#3422=IFCEXTRUDEDAREASOLID(#3419,#3421,#9,3.0500000000000878);
#3423=IFCCOLOURRGB($,0.85490196078431369,0.8901960784313725,0.8784313725490196);
#3424=IFCSURFACESTYLERENDERING(#3423,0.84999999999999998,$,$,$,$,IFCNORMALISEDRATIOMEASURE(0.5),IFCSPECULAREXPONENT(64.),.NOTDEFINED.);
#3425=IFCSURFACESTYLE('Glass',.BOTH.,(#3424));
#3426=IFCPRESENTATIONSTYLEASSIGNMENT((#3425));
#3427=IFCSTYLEDITEM(#3416,(#3426),$);
#3428=IFCSTYLEDITEM(#3422,(#3426),$);
#3429=IFCSHAPEREPRESENTATION(#86,'Body','SweptSolid',(#3416,#3422));
#3430=IFCAXIS2PLACEMENT3D(#3,$,$);
#3431=IFCREPRESENTATIONMAP(#3430,#3429);
#3432=IFCWINDOWLININGPROPERTIES('0D09LEw516Zhu313G1LQNZ',#18,'A_Fenster - Fix Variabel:100 x 135:303488',$,$,$,$,$,$,$,$,$,$);
#3433=IFCWINDOWSTYLE('0B_MiykbJD2eCQgiuX1A3D',#18,'A_Fenster - Fix Variabel:100 x 135',$,$,(#3432,#3458),(#3431),'300174',.NOTDEFINED.,.SINGLE_PANEL.,.F.,.F.);
#3434=IFCMATERIAL('<Unnamed>');
#3435=IFCMATERIAL('Glass');
#3436=IFCPRESENTATIONSTYLEASSIGNMENT((#3425));
#3437=IFCSTYLEDITEM($,(#3436),$);
#3438=IFCSTYLEDREPRESENTATION(#84,'Style','Material',(#3437));
#3439=IFCMATERIALDEFINITIONREPRESENTATION($,$,(#3438),#3435);
#3440=IFCMATERIALLIST((#3434,#3435));
#3441=IFCMAPPEDITEM(#3431,#2250);
#3442=IFCSHAPEREPRESENTATION(#86,'Body','MappedRepresentation',(#3441));
#3443=IFCPRODUCTDEFINITIONSHAPE($,$,(#3442));
#3444=IFCCARTESIANPOINT((4.106896859585075,12.575000000009997,0.));
#3445=IFCAXIS2PLACEMENT3D(#3444,$,$);
#3447=IFCWINDOW('0D09LEw516Zhu313K1LQNZ',#18,'A_Fenster - Fix Variabel:100 x 135:303488',$,'A_Fenster - Fix Variabel:100 x 135',#4681,#3443,'303488',3.2099999999999915,0.749999999999999);
#3448=IFCPROPERTYSINGLEVALUE('Reference',$,IFCIDENTIFIER('100 x 135'),$);
#3449=IFCPROPERTYSET('1HXNzO9BZI5hrgfNSvkseV',#18,'Pset_QuantityTakeOff',$,(#3448));
#3450=IFCPROPERTYSET('35UyJley2aHz5rcZBoBVxA',#18,'Pset_WindowCommon',$,(#172,#3448));
#3451=IFCRELDEFINESBYPROPERTIES('2FsEnzzBtsgtAHCulGW6or',#18,$,$,(#3447),#3449);
#3452=IFCRELDEFINESBYPROPERTIES('100oofPCam5$VWyBREyA1S',#18,$,$,(#3447),#3450);
#3453=IFCQUANTITYLENGTH('Height','',$,3.2099999999999973);
#3454=IFCQUANTITYLENGTH('Width','',$,0.74999999999999989);
#3455=IFCQUANTITYAREA('Area','area measured in geometry',$,2.407499999999998);
#3456=IFCELEMENTQUANTITY('1RDA07sAIcg5aPI$oNeULL',#18,'BaseQuantities',$,$,(#3453,#3454,#3455));
#3457=IFCRELDEFINESBYPROPERTIES('1k$vVZ7GUhWcfIb60JzI13',#18,$,$,(#3447),#3456);
#3458=IFCPROPERTYSET('2psSCkGXrEO3237fslU8Wc',#18,'Pset_WindowCommon',$,(#256));
#3459=IFCCARTESIANPOINT((-1.1249999999999918,-0.80093297279687714));
#3460=IFCCARTESIANPOINT((1.1249999999999918,-0.80093297279687714));
#3461=IFCCARTESIANPOINT((1.1249999999999918,0.80093297279687703));
#3462=IFCCARTESIANPOINT((-1.1249999999999918,0.80093297279687714));
#3463=IFCPOLYLINE((#3459,#3460,#3461,#3462,#3459));
#3464=IFCCARTESIANPOINT((-1.0449999999999882,-0.72093297279697499));
#3465=IFCCARTESIANPOINT((-1.0449999999999882,0.72093297279686885));
#3466=IFCCARTESIANPOINT((1.0449999999999919,0.72093297279686885));
#3467=IFCCARTESIANPOINT((1.0449999999999919,-0.72093297279697499));
#3468=IFCPOLYLINE((#3464,#3465,#3466,#3467,#3464));
#3469=IFCARBITRARYPROFILEDEFWITHVOIDS(.AREA.,'100 x 135',#3463,(#3468));
#3470=IFCCARTESIANPOINT((0.80093297279687714,0.12000000000095418,1.1249999999999918));
#3471=IFCAXIS2PLACEMENT3D(#3470,#7,#10);
#3472=IFCEXTRUDEDAREASOLID(#3469,#3471,#9,0.070000000000006418);
#3473=IFCCARTESIANPOINT((0.,0.));
#3474=IFCAXIS2PLACEMENT2D(#3473,#11);
#3475=IFCRECTANGLEPROFILEDEF(.AREA.,'100 x 135',#3474,0.029999999999999999,1.4418659455937592);
#3476=IFCCARTESIANPOINT((0.80093297279688436,0.15500000000095732,0.080000000000031088));
#3477=IFCAXIS2PLACEMENT3D(#3476,#9,#7);
#3478=IFCEXTRUDEDAREASOLID(#3475,#3477,#9,2.0900000000000776);
#3479=IFCSTYLEDITEM(#3472,(#3426),$);
#3480=IFCSTYLEDITEM(#3478,(#3426),$);
#3481=IFCSHAPEREPRESENTATION(#86,'Body','SweptSolid',(#3472,#3478));
#3482=IFCAXIS2PLACEMENT3D(#3,$,$);
#3483=IFCREPRESENTATIONMAP(#3482,#3481);
#3484=IFCWINDOWLININGPROPERTIES('0D09LEw516Zhu313G1LQNY',#18,'A_Fenster - Fix Variabel:100 x 135:303489',$,$,$,$,$,$,$,$,$,$);
#3485=IFCWINDOWSTYLE('1CN_dMQMDwjXnVPkBxflTI',#18,'A_Fenster - Fix Variabel:100 x 135',$,$,(#3484,#3502),(#3483),'300174',.NOTDEFINED.,.SINGLE_PANEL.,.F.,.F.);
#3486=IFCMAPPEDITEM(#3483,#2250);
#3487=IFCSHAPEREPRESENTATION(#86,'Body','MappedRepresentation',(#3486));
#3488=IFCPRODUCTDEFINITIONSHAPE($,$,(#3487));
#3489=IFCCARTESIANPOINT((2.5050309139913143,12.575000000009997,0.96000000000000374));
#3490=IFCAXIS2PLACEMENT3D(#3489,$,$);
#3492=IFCWINDOW('0D09LEw516Zhu313K1LQNY',#18,'A_Fenster - Fix Variabel:100 x 135:303489',$,'A_Fenster - Fix Variabel:100 x 135',#4661,#3488,'303489',2.2499999999999822,1.6018659455937554);
#3493=IFCPROPERTYSET('0qyQGRFCCfnyJRIz59x499',#18,'Pset_QuantityTakeOff',$,(#3448));
#3494=IFCPROPERTYSET('1hnEReYxVCM$U1OZvHpBrE',#18,'Pset_WindowCommon',$,(#256,#3448));
#3495=IFCRELDEFINESBYPROPERTIES('3U4ZNHWUCtE8IfcfMRa6N8',#18,$,$,(#3492),#3493);
#3496=IFCRELDEFINESBYPROPERTIES('2ZAHfu36ed1GlsGpOUuiVA',#18,$,$,(#3492),#3494);
#3497=IFCQUANTITYLENGTH('Height','',$,2.2499999999999876);
#3498=IFCQUANTITYLENGTH('Width','',$,1.6018659455937561);
#3499=IFCQUANTITYAREA('Area','area measured in geometry',$,3.6041983775859308);
#3500=IFCELEMENTQUANTITY('15rAOKzYB5_JVrfyYAVQMR',#18,'BaseQuantities',$,$,(#3497,#3498,#3499));
#3501=IFCRELDEFINESBYPROPERTIES('2Lv1xK3RFKp1DtHtGnx2j3',#18,$,$,(#3492),#3500);
#3502=IFCPROPERTYSET('2k_RYOw5Wn3u0N5395Yg_o',#18,'Pset_WindowCommon',$,(#256));
#3503=IFCCARTESIANPOINT((-1.6049999999999958,-0.37499999999999928));
#3504=IFCCARTESIANPOINT((1.6049999999999958,-0.37499999999999928));
#3505=IFCCARTESIANPOINT((1.6049999999999958,0.37499999999999928));
#3506=IFCCARTESIANPOINT((-1.6049999999999958,0.37499999999999928));
#3507=IFCPOLYLINE((#3503,#3504,#3505,#3506,#3503));
#3508=IFCCARTESIANPOINT((-1.5249999999999944,-0.29500000000009691));
#3509=IFCCARTESIANPOINT((-1.5249999999999944,0.2949999999999921));
#3510=IFCCARTESIANPOINT((1.5249999999999961,0.2949999999999921));
#3511=IFCCARTESIANPOINT((1.5249999999999961,-0.29500000000009691));
#3512=IFCPOLYLINE((#3508,#3509,#3510,#3511,#3508));
#3513=IFCARBITRARYPROFILEDEFWITHVOIDS(.AREA.,'100 x 135',#3507,(#3512));
#3514=IFCCARTESIANPOINT((0.37500000000001338,0.19000000000096059,1.6049999999999958));
#3515=IFCAXIS2PLACEMENT3D(#3514,#8,#10);
#3516=IFCEXTRUDEDAREASOLID(#3513,#3515,#9,0.070000000000006418);
#3517=IFCCARTESIANPOINT((0.,0.));
#3518=IFCAXIS2PLACEMENT2D(#3517,#11);
#3519=IFCRECTANGLEPROFILEDEF(.AREA.,'100 x 135',#3518,0.5900000000000043,0.029999999999999999);
#3520=IFCCARTESIANPOINT((0.37500000000000688,0.15500000000095732,0.080000000000031088));
#3521=IFCAXIS2PLACEMENT3D(#3520,$,$);
#3522=IFCEXTRUDEDAREASOLID(#3519,#3521,#9,3.0500000000000878);
#3523=IFCSTYLEDITEM(#3516,(#3426),$);
#3524=IFCSTYLEDITEM(#3522,(#3426),$);
#3525=IFCSHAPEREPRESENTATION(#86,'Body','SweptSolid',(#3516,#3522));
#3526=IFCAXIS2PLACEMENT3D(#3,$,$);
#3527=IFCREPRESENTATIONMAP(#3526,#3525);
#3528=IFCWINDOWLININGPROPERTIES('0D09LEw516Zhu313G1LQMA',#18,'A_Fenster - Fix Variabel:100 x 135:303593',$,$,$,$,$,$,$,$,$,$);
#3529=IFCWINDOWSTYLE('1U_0zJEMPYhoikzCLyYyT5',#18,'A_Fenster - Fix Variabel:100 x 135',$,$,(#3528,#3546),(#3527),'300174',.NOTDEFINED.,.SINGLE_PANEL.,.F.,.F.);
#3530=IFCMAPPEDITEM(#3527,#2250);
#3531=IFCSHAPEREPRESENTATION(#86,'Body','MappedRepresentation',(#3530));
#3532=IFCPRODUCTDEFINITIONSHAPE($,$,(#3531));
#3533=IFCCARTESIANPOINT((5.1640000000001187,12.575000000009997,0.));
#3534=IFCAXIS2PLACEMENT3D(#3533,$,$);
#3536=IFCWINDOW('0D09LEw516Zhu313K1LQMA',#18,'A_Fenster - Fix Variabel:100 x 135:303593',$,'A_Fenster - Fix Variabel:100 x 135',#4721,#3532,'303593',3.2099999999999902,0.74999999999999845);
#3537=IFCPROPERTYSET('35w40iioUVAfahgOuueA_N',#18,'Pset_QuantityTakeOff',$,(#3448));
#3538=IFCPROPERTYSET('2q2YfHrQFZE7hopMklDGCJ',#18,'Pset_WindowCommon',$,(#256,#3448));
#3539=IFCRELDEFINESBYPROPERTIES('3TAWRHQol1VvvNa_p6dKp7',#18,$,$,(#3536),#3537);
#3540=IFCRELDEFINESBYPROPERTIES('0vVKcD6xvE5oh6iCmfusvq',#18,$,$,(#3536),#3538);
#3541=IFCQUANTITYLENGTH('Height','',$,3.2099999999999973);
#3542=IFCQUANTITYLENGTH('Width','',$,0.74999999999999989);
#3543=IFCQUANTITYAREA('Area','area measured in geometry',$,2.407499999999998);
#3544=IFCELEMENTQUANTITY('3bG__7Pf1uQwSHqlhTWmVz',#18,'BaseQuantities',$,$,(#3541,#3542,#3543));
#3545=IFCRELDEFINESBYPROPERTIES('1hp3TjDOGPpstg8oc77y$o',#18,$,$,(#3536),#3544);
#3546=IFCPROPERTYSET('34GVeNPMA9Nu7PwTSpNtLI',#18,'Pset_WindowCommon',$,(#256));
#3547=IFCCARTESIANPOINT((-1.1249999999999918,-1.6429165035092694));
#3548=IFCCARTESIANPOINT((1.1249999999999918,-1.6429165035092694));
#3549=IFCCARTESIANPOINT((1.1249999999999918,1.6429165035092697));
#3550=IFCCARTESIANPOINT((-1.1249999999999918,1.6429165035092699));
#3551=IFCPOLYLINE((#3547,#3548,#3549,#3550,#3547));
#3552=IFCCARTESIANPOINT((-1.0449999999999882,-1.5629165035093666));
#3553=IFCCARTESIANPOINT((-1.0449999999999882,1.562916503509262));
#3554=IFCCARTESIANPOINT((1.0449999999999919,1.5629165035092625));
#3555=IFCCARTESIANPOINT((1.0449999999999919,-1.5629165035093666));
#3556=IFCPOLYLINE((#3552,#3553,#3554,#3555,#3552));
#3557=IFCARBITRARYPROFILEDEFWITHVOIDS(.AREA.,'100 x 135',#3551,(#3556));
#3558=IFCCARTESIANPOINT((1.6429165035092823,0.19000000000096059,1.1249999999999918));
#3559=IFCAXIS2PLACEMENT3D(#3558,#8,#10);
#3560=IFCEXTRUDEDAREASOLID(#3557,#3559,#9,0.070000000000006418);
#3561=IFCCARTESIANPOINT((0.,0.));
#3562=IFCAXIS2PLACEMENT2D(#3561,#11);
#3563=IFCRECTANGLEPROFILEDEF(.AREA.,'100 x 135',#3562,3.1258330070185436,0.029999999999999999);
#3564=IFCCARTESIANPOINT((1.6429165035092761,0.15500000000095732,0.080000000000031088));
#3565=IFCAXIS2PLACEMENT3D(#3564,$,$);
#3566=IFCEXTRUDEDAREASOLID(#3563,#3565,#9,2.0900000000000776);
#3567=IFCSTYLEDITEM(#3560,(#3426),$);
#3568=IFCSTYLEDITEM(#3566,(#3426),$);
#3569=IFCSHAPEREPRESENTATION(#86,'Body','SweptSolid',(#3560,#3566));
#3570=IFCAXIS2PLACEMENT3D(#3,$,$);
#3571=IFCREPRESENTATIONMAP(#3570,#3569);
#3572=IFCWINDOWLININGPROPERTIES('0D09LEw516Zhu313G1LQM9',#18,'A_Fenster - Fix Variabel:100 x 135:303594',$,$,$,$,$,$,$,$,$,$);
#3573=IFCWINDOWSTYLE('1VfXGK2YAybEAxyLg7pEWq',#18,'A_Fenster - Fix Variabel:100 x 135',$,$,(#3572,#3590),(#3571),'300174',.NOTDEFINED.,.SINGLE_PANEL.,.F.,.F.);
#3574=IFCMAPPEDITEM(#3571,#2250);
#3575=IFCSHAPEREPRESENTATION(#86,'Body','MappedRepresentation',(#3574));
#3576=IFCPRODUCTDEFINITIONSHAPE($,$,(#3575));
#3577=IFCCARTESIANPOINT((5.9140000000001258,12.575000000009997,0.96000000000000374));
#3578=IFCAXIS2PLACEMENT3D(#3577,$,$);
#3580=IFCWINDOW('0D09LEw516Zhu313K1LQM9',#18,'A_Fenster - Fix Variabel:100 x 135:303594',$,'A_Fenster - Fix Variabel:100 x 135',#4701,#3576,'303594',2.2499999999999822,3.2858330070185393);
#3581=IFCPROPERTYSET('2Ua43mVspaWDnjoNmiHh8x',#18,'Pset_QuantityTakeOff',$,(#3448));
#3582=IFCPROPERTYSET('2AV5ssa6KtvrSBaWiJpFEm',#18,'Pset_WindowCommon',$,(#256,#3448));
#3583=IFCRELDEFINESBYPROPERTIES('0HkO3faFp6zue4ppEJ_oO6',#18,$,$,(#3580),#3581);
#3584=IFCRELDEFINESBYPROPERTIES('3yUOzDRfwX5$ZVNaSv6qLh',#18,$,$,(#3580),#3582);
#3585=IFCQUANTITYLENGTH('Height','',$,2.2499999999999876);
#3586=IFCQUANTITYLENGTH('Width','',$,3.2858330070185415);
#3587=IFCQUANTITYAREA('Area','area measured in geometry',$,7.3931242657916778);
#3588=IFCELEMENTQUANTITY('3mjEBsC3Knhclgg3zGSNkc',#18,'BaseQuantities',$,$,(#3585,#3586,#3587));
#3589=IFCRELDEFINESBYPROPERTIES('2dFFKi791Jail5MiAAaRH3',#18,$,$,(#3580),#3588);
#3590=IFCPROPERTYSET('14c0MJ3LEfAj_J5WPaVzKw',#18,'Pset_WindowCommon',$,(#256));
#3591=IFCMAPPEDITEM(#3527,#2250);
#3592=IFCSHAPEREPRESENTATION(#86,'Body','MappedRepresentation',(#3591));
#3593=IFCPRODUCTDEFINITIONSHAPE($,$,(#3592));
#3594=IFCCARTESIANPOINT((10.200000000000111,12.575000000009997,0.));
#3595=IFCAXIS2PLACEMENT3D(#3594,$,$);
#3597=IFCWINDOW('09unS7Cyz0fegr5_r90XT7',#18,'A_Fenster - Fix Variabel:100 x 135:303761',$,'A_Fenster - Fix Variabel:100 x 135',#4761,#3593,'303761',3.2099999999999902,0.74999999999999845);
#3598=IFCPROPERTYSET('1Caq2cjRgQxX3aaDOI4buO',#18,'Pset_QuantityTakeOff',$,(#3448));
#3599=IFCPROPERTYSET('34hIMKTbHCtPhoaEePF$Tu',#18,'Pset_WindowCommon',$,(#256,#3448));
#3600=IFCRELDEFINESBYPROPERTIES('1qpJHX4gWlBqgj7J1Li59h',#18,$,$,(#3597),#3598);
#3601=IFCRELDEFINESBYPROPERTIES('2qw8Z$0of_0I$TsAOcXD3N',#18,$,$,(#3597),#3599);
#3602=IFCQUANTITYLENGTH('Height','',$,3.2099999999999973);
#3603=IFCQUANTITYLENGTH('Width','',$,0.74999999999999989);
#3604=IFCQUANTITYAREA('Area','area measured in geometry',$,2.407499999999998);
#3605=IFCELEMENTQUANTITY('2Owlr3_AZgLP_CAiHqawj9',#18,'BaseQuantities',$,$,(#3602,#3603,#3604));
#3606=IFCRELDEFINESBYPROPERTIES('3PIpkiF_HkoNbPiFbecSPt',#18,$,$,(#3597),#3605);
#3607=IFCMAPPEDITEM(#3571,#2250);
#3608=IFCSHAPEREPRESENTATION(#86,'Body','MappedRepresentation',(#3607));
#3609=IFCPRODUCTDEFINITIONSHAPE($,$,(#3608));
#3610=IFCCARTESIANPOINT((10.950000000000118,12.575000000009997,0.96000000000002106));
#3611=IFCAXIS2PLACEMENT3D(#3610,$,$);
#3613=IFCWINDOW('09unS7Cyz0fegr5_r90XT4',#18,'A_Fenster - Fix Variabel:100 x 135:303762',$,'A_Fenster - Fix Variabel:100 x 135',#4741,#3609,'303762',2.2499999999999822,3.2858330070185384);
#3614=IFCPROPERTYSET('0tcs7$J86VCzwFnrVR7QF2',#18,'Pset_QuantityTakeOff',$,(#3448));
#3615=IFCPROPERTYSET('3d6SCtkR7ldYsQl3F0LYxq',#18,'Pset_WindowCommon',$,(#256,#3448));
#3616=IFCRELDEFINESBYPROPERTIES('2KkXDAewK3G$WhvDWfcWlh',#18,$,$,(#3613),#3614);
#3617=IFCRELDEFINESBYPROPERTIES('1MubpA36IeyVZcpJ_i9rGR',#18,$,$,(#3613),#3615);
#3618=IFCQUANTITYLENGTH('Height','',$,2.2499999999999876);
#3619=IFCQUANTITYLENGTH('Width','',$,3.2858330070185415);
#3620=IFCQUANTITYAREA('Area','area measured in geometry',$,7.3931242657916778);
#3621=IFCELEMENTQUANTITY('3uZ1Hbzlc7swL0q_y6Jq5$',#18,'BaseQuantities',$,$,(#3618,#3619,#3620));
#3622=IFCRELDEFINESBYPROPERTIES('1DVo_Zk8BFjU$Xqh7KGw8q',#18,$,$,(#3613),#3621);
#3623=IFCCARTESIANPOINT((-1.1249999999999918,-1.1981244508196975));
#3624=IFCCARTESIANPOINT((1.1249999999999918,-1.1981244508196975));
#3625=IFCCARTESIANPOINT((1.1249999999999918,1.1981244508196973));
#3626=IFCCARTESIANPOINT((-1.1249999999999918,1.1981244508196975));
#3627=IFCPOLYLINE((#3623,#3624,#3625,#3626,#3623));
#3628=IFCCARTESIANPOINT((-1.0449999999999882,-1.1181244508197954));
#3629=IFCCARTESIANPOINT((-1.0449999999999882,1.118124450819689));
#3630=IFCCARTESIANPOINT((1.0449999999999919,1.118124450819689));
#3631=IFCCARTESIANPOINT((1.0449999999999919,-1.1181244508197954));
#3632=IFCPOLYLINE((#3628,#3629,#3630,#3631,#3628));
#3633=IFCARBITRARYPROFILEDEFWITHVOIDS(.AREA.,'100 x 135',#3627,(#3632));
#3634=IFCCARTESIANPOINT((1.198124450819712,0.19000000000096059,1.1249999999999918));
#3635=IFCAXIS2PLACEMENT3D(#3634,#8,#10);
#3636=IFCEXTRUDEDAREASOLID(#3633,#3635,#9,0.070000000000006418);
#3637=IFCCARTESIANPOINT((0.,0.));
#3638=IFCAXIS2PLACEMENT2D(#3637,#11);
#3639=IFCRECTANGLEPROFILEDEF(.AREA.,'100 x 135',#3638,2.2362489016394003,0.029999999999999999);
#3640=IFCCARTESIANPOINT((1.1981244508197046,0.15500000000095732,0.080000000000031088));
#3641=IFCAXIS2PLACEMENT3D(#3640,$,$);
#3642=IFCEXTRUDEDAREASOLID(#3639,#3641,#9,2.0900000000000776);
#3643=IFCSTYLEDITEM(#3636,(#3426),$);
#3644=IFCSTYLEDITEM(#3642,(#3426),$);
#3645=IFCSHAPEREPRESENTATION(#86,'Body','SweptSolid',(#3636,#3642));
#3646=IFCAXIS2PLACEMENT3D(#3,$,$);
#3647=IFCREPRESENTATIONMAP(#3646,#3645);
#3648=IFCWINDOWLININGPROPERTIES('09unS7Cyz0fegr5_n90XTv',#18,'A_Fenster - Fix Variabel:100 x 135:303791',$,$,$,$,$,$,$,$,$,$);
#3649=IFCWINDOWSTYLE('0qJQytyImzGYH2RXZb9mh3',#18,'A_Fenster - Fix Variabel:100 x 135',$,$,(#3648,#3666),(#3647),'300174',.NOTDEFINED.,.SINGLE_PANEL.,.F.,.F.);
#3650=IFCMAPPEDITEM(#3647,#2250);
#3651=IFCSHAPEREPRESENTATION(#86,'Body','MappedRepresentation',(#3650));
#3652=IFCPRODUCTDEFINITIONSHAPE($,$,(#3651));
#3653=IFCCARTESIANPOINT((15.27078266572329,12.575000000009997,0.96000000000001462));
#3654=IFCAXIS2PLACEMENT3D(#3653,$,$);
#3656=IFCWINDOW('09unS7Cyz0fegr5_r90XTv',#18,'A_Fenster - Fix Variabel:100 x 135:303791',$,'A_Fenster - Fix Variabel:100 x 135',#4901,#3652,'303791',2.2499999999999845,2.3962489016393951);
#3657=IFCPROPERTYSET('3XiSjlhhgDNTunVZ6ch$AK',#18,'Pset_QuantityTakeOff',$,(#3448));
#3658=IFCPROPERTYSET('2P9Yer88SY29qLfgPUE$e5',#18,'Pset_WindowCommon',$,(#256,#3448));
#3659=IFCRELDEFINESBYPROPERTIES('0ljmKGTHP5ge5$pRavIl80',#18,$,$,(#3656),#3657);
#3660=IFCRELDEFINESBYPROPERTIES('1RbLFZ95Iu0YzIJbzPfZsc',#18,$,$,(#3656),#3658);
#3661=IFCQUANTITYLENGTH('Height','',$,2.2499999999999876);
#3662=IFCQUANTITYLENGTH('Width','',$,2.3962489016393973);
#3663=IFCQUANTITYAREA('Area','area measured in geometry',$,5.3915600286886143);
#3664=IFCELEMENTQUANTITY('0gDYKEViqIPK2rbuMqyZzc',#18,'BaseQuantities',$,$,(#3661,#3662,#3663));
#3665=IFCRELDEFINESBYPROPERTIES('0frJvILM$V2GFafOkOSMcm',#18,$,$,(#3656),#3664);
#3666=IFCPROPERTYSET('282B8fc6QvlSwyyM5x227g',#18,'Pset_WindowCommon',$,(#256));
#3667=IFCCARTESIANPOINT((-1.6049999999999958,-0.81124641503194073));
#3668=IFCCARTESIANPOINT((1.6049999999999958,-0.81124641503194073));
#3669=IFCCARTESIANPOINT((1.6049999999999958,0.8112464150319405));
#3670=IFCCARTESIANPOINT((-1.6049999999999958,0.81124641503194073));
#3671=IFCPOLYLINE((#3667,#3668,#3669,#3670,#3667));
#3672=IFCCARTESIANPOINT((-1.5249999999999944,-0.73124641503203791));
#3673=IFCCARTESIANPOINT((-1.5249999999999944,0.73124641503193288));
#3674=IFCCARTESIANPOINT((1.5249999999999961,0.73124641503193288));
#3675=IFCCARTESIANPOINT((1.5249999999999961,-0.73124641503203791));
#3676=IFCPOLYLINE((#3672,#3673,#3674,#3675,#3672));
#3677=IFCARBITRARYPROFILEDEFWITHVOIDS(.AREA.,'100 x 135',#3671,(#3676));
#3678=IFCCARTESIANPOINT((0.81124641503194039,0.12000000000095418,1.6049999999999958));
#3679=IFCAXIS2PLACEMENT3D(#3678,#7,#10);
#3680=IFCEXTRUDEDAREASOLID(#3677,#3679,#9,0.070000000000006418);
#3681=IFCCARTESIANPOINT((0.,0.));
#3682=IFCAXIS2PLACEMENT2D(#3681,#11);
#3683=IFCRECTANGLEPROFILEDEF(.AREA.,'100 x 135',#3682,0.029999999999999999,1.4624928300638864);
#3684=IFCCARTESIANPOINT((0.81124641503194705,0.15500000000095732,0.080000000000031088));
#3685=IFCAXIS2PLACEMENT3D(#3684,#9,#7);
#3686=IFCEXTRUDEDAREASOLID(#3683,#3685,#9,3.0500000000000878);
#3687=IFCSTYLEDITEM(#3680,(#3426),$);
#3688=IFCSTYLEDITEM(#3686,(#3426),$);
#3689=IFCSHAPEREPRESENTATION(#86,'Body','SweptSolid',(#3680,#3686));
#3690=IFCAXIS2PLACEMENT3D(#3,$,$);
#3691=IFCREPRESENTATIONMAP(#3690,#3689);
#3692=IFCWINDOWLININGPROPERTIES('09unS7Cyz0fegr5_n90XQP',#18,'A_Fenster - Fix Variabel:100 x 135:303951',$,$,$,$,$,$,$,$,$,$);
#3693=IFCWINDOWSTYLE('3LOz89VPl2sE9N_zvW8Da2',#18,'A_Fenster - Fix Variabel:100 x 135',$,$,(#3692,#3710),(#3691),'300174',.NOTDEFINED.,.SINGLE_PANEL.,.F.,.F.);
#3694=IFCMAPPEDITEM(#3691,#2250);
#3695=IFCSHAPEREPRESENTATION(#86,'Body','MappedRepresentation',(#3694));
#3696=IFCPRODUCTDEFINITIONSHAPE($,$,(#3695));
#3697=IFCCARTESIANPOINT((0.10250716993612555,12.575000000009997,0.));
#3698=IFCAXIS2PLACEMENT3D(#3697,$,$);
#3700=IFCWINDOW('09unS7Cyz0fegr5_r90XQP',#18,'A_Fenster - Fix Variabel:100 x 135:303951',$,'A_Fenster - Fix Variabel:100 x 135',#4881,#3696,'303951',3.2099999999999902,1.6224928300638819);
#3701=IFCPROPERTYSET('30WsCiYa$KndAF4XC5C6zA',#18,'Pset_QuantityTakeOff',$,(#3448));
#3702=IFCPROPERTYSET('3apncGT8TwRf3tsRQHv1N3',#18,'Pset_WindowCommon',$,(#256,#3448));
#3703=IFCRELDEFINESBYPROPERTIES('0pKGAEJjE6Pp4ZkmVBZiA5',#18,$,$,(#3700),#3701);
#3704=IFCRELDEFINESBYPROPERTIES('0m8ZWK2DNmFF13i6BcU6Q3',#18,$,$,(#3700),#3702);
#3705=IFCQUANTITYLENGTH('Height','',$,3.2099999999999973);
#3706=IFCQUANTITYLENGTH('Width','',$,1.6224928300638832);
#3707=IFCQUANTITYAREA('Area','area measured in geometry',$,5.2082019845050604);
#3708=IFCELEMENTQUANTITY('2L5dH1qAPgWfUy3AhDgDaN',#18,'BaseQuantities',$,$,(#3705,#3706,#3707));
#3709=IFCRELDEFINESBYPROPERTIES('1IUdP6w2hT6TxvFM383EBs',#18,$,$,(#3700),#3708);
#3710=IFCPROPERTYSET('2MEpFl4Txhbr_NBrwHC2m8',#18,'Pset_WindowCommon',$,(#256));
#3711=IFCCARTESIANPOINT((-1.6049999999999958,-0.379526859036947));
#3712=IFCCARTESIANPOINT((1.6049999999999958,-0.379526859036947));
#3713=IFCCARTESIANPOINT((1.6049999999999958,0.379526859036947));
#3714=IFCCARTESIANPOINT((-1.6049999999999958,0.379526859036947));
#3715=IFCPOLYLINE((#3711,#3712,#3713,#3714,#3711));
#3716=IFCCARTESIANPOINT((-1.5249999999999944,-0.29952685903704446));
#3717=IFCCARTESIANPOINT((-1.5249999999999944,0.29952685903693971));
#3718=IFCCARTESIANPOINT((1.5249999999999961,0.29952685903693971));
#3719=IFCCARTESIANPOINT((1.5249999999999961,-0.29952685903704446));
#3720=IFCPOLYLINE((#3716,#3717,#3718,#3719,#3716));
#3721=IFCARBITRARYPROFILEDEFWITHVOIDS(.AREA.,'100 x 135',#3715,(#3720));
#3722=IFCCARTESIANPOINT((0.37952685903694655,0.12000000000095418,1.6049999999999958));
#3723=IFCAXIS2PLACEMENT3D(#3722,#7,#10);
#3724=IFCEXTRUDEDAREASOLID(#3721,#3723,#9,0.070000000000006418);
#3725=IFCCARTESIANPOINT((0.,0.));
#3726=IFCAXIS2PLACEMENT2D(#3725,#11);
#3727=IFCRECTANGLEPROFILEDEF(.AREA.,'100 x 135',#3726,0.029999999999999999,0.59905371807389962);
#3728=IFCCARTESIANPOINT((0.37952685903695305,0.15500000000095732,0.080000000000031088));
#3729=IFCAXIS2PLACEMENT3D(#3728,#9,#7);
#3730=IFCEXTRUDEDAREASOLID(#3727,#3729,#9,3.0500000000000878);
#3731=IFCSTYLEDITEM(#3724,(#3426),$);
#3732=IFCSTYLEDITEM(#3730,(#3426),$);
#3733=IFCSHAPEREPRESENTATION(#86,'Body','SweptSolid',(#3724,#3730));
#3734=IFCAXIS2PLACEMENT3D(#3,$,$);
#3735=IFCREPRESENTATIONMAP(#3734,#3733);
#3736=IFCWINDOWLININGPROPERTIES('09unS7Cyz0fegr5_n90XP2',#18,'A_Fenster - Fix Variabel:100 x 135:304020',$,$,$,$,$,$,$,$,$,$);
#3737=IFCWINDOWSTYLE('0$QYvn_rTzUl3mKSrmqJVT',#18,'A_Fenster - Fix Variabel:100 x 135',$,$,(#3736,#3754),(#3735),'300174',.NOTDEFINED.,.SINGLE_PANEL.,.F.,.F.);
#3738=IFCMAPPEDITEM(#3735,#2250);
#3739=IFCSHAPEREPRESENTATION(#86,'Body','MappedRepresentation',(#3738));
#3740=IFCPRODUCTDEFINITIONSHAPE($,$,(#3739));
#3741=IFCCARTESIANPOINT((-0.93405371807388859,12.575000000009997,0.));
#3742=IFCAXIS2PLACEMENT3D(#3741,$,$);
#3744=IFCWINDOW('09unS7Cyz0fegr5_r90XP2',#18,'A_Fenster - Fix Variabel:100 x 135:304020',$,'A_Fenster - Fix Variabel:100 x 135',#4861,#3740,'304020',3.2099999999999902,0.75905371807389366);
#3745=IFCPROPERTYSET('2begjwtAGztRr2cG7LSHIm',#18,'Pset_QuantityTakeOff',$,(#3448));
#3746=IFCPROPERTYSET('14MLRdiFDTE9DPfwMjgBYJ',#18,'Pset_WindowCommon',$,(#256,#3448));
#3747=IFCRELDEFINESBYPROPERTIES('2ScZtWQT5ZvssI52GuV1od',#18,$,$,(#3744),#3745);
#3748=IFCRELDEFINESBYPROPERTIES('0A_AQP0pQpBIbefUQRHPaW',#18,$,$,(#3744),#3746);
#3749=IFCQUANTITYLENGTH('Height','',$,3.2099999999999973);
#3750=IFCQUANTITYLENGTH('Width','',$,0.75905371807389532);
#3751=IFCQUANTITYAREA('Area','area measured in geometry',$,2.4365624350172017);
#3752=IFCELEMENTQUANTITY('3QHFzzVaZV0CH1efgv$ecy',#18,'BaseQuantities',$,$,(#3749,#3750,#3751));
#3753=IFCRELDEFINESBYPROPERTIES('2yml8pPLduFeyg5$5SP8VG',#18,$,$,(#3744),#3752);
#3754=IFCPROPERTYSET('3A9kS710c3gVLQXoFAIt4v',#18,'Pset_WindowCommon',$,(#256));
#3755=IFCMAPPEDITEM(#3527,#2250);
#3756=IFCSHAPEREPRESENTATION(#86,'Body','MappedRepresentation',(#3755));
#3757=IFCPRODUCTDEFINITIONSHAPE($,$,(#3756));
#3758=IFCCARTESIANPOINT((-4.9464763414039581,12.575000000009997,0.010000000000005307));
#3759=IFCAXIS2PLACEMENT3D(#3758,$,$);
#3761=IFCWINDOW('09unS7Cyz0fegr5_r90XOf',#18,'A_Fenster - Fix Variabel:100 x 135:304127',$,'A_Fenster - Fix Variabel:100 x 135',#4801,#3757,'304127',3.2099999999999915,0.749999999999999);
#3762=IFCPROPERTYSET('2k4Qkf3LrzBKp34lywz1hM',#18,'Pset_QuantityTakeOff',$,(#3448));
#3763=IFCPROPERTYSET('2dFAlaJmVG_McTtzYkMeCF',#18,'Pset_WindowCommon',$,(#256,#3448));
#3764=IFCRELDEFINESBYPROPERTIES('0TZfZMo_xdUZ2eNZQ0vVRJ',#18,$,$,(#3761),#3762);
#3765=IFCRELDEFINESBYPROPERTIES('1ikjaj_ol1vGxfvSNfpsRv',#18,$,$,(#3761),#3763);
#3766=IFCQUANTITYLENGTH('Height','',$,3.2099999999999973);
#3767=IFCQUANTITYLENGTH('Width','',$,0.74999999999999989);
#3768=IFCQUANTITYAREA('Area','area measured in geometry',$,2.407499999999998);
#3769=IFCELEMENTQUANTITY('3ZDEx57zYkyVa5AUIxn$xj',#18,'BaseQuantities',$,$,(#3766,#3767,#3768));
#3770=IFCRELDEFINESBYPROPERTIES('0Pj6X6ITIXlYuV0FgYmYZJ',#18,$,$,(#3761),#3769);
#3771=IFCCARTESIANPOINT((-1.1249999999999918,-1.2078539827229569));
#3772=IFCCARTESIANPOINT((1.1249999999999918,-1.2078539827229569));
#3773=IFCCARTESIANPOINT((1.1249999999999918,1.2078539827229569));
#3774=IFCCARTESIANPOINT((-1.1249999999999918,1.2078539827229569));
#3775=IFCPOLYLINE((#3771,#3772,#3773,#3774,#3771));
#3776=IFCCARTESIANPOINT((-1.0449999999999882,-1.1278539827230545));
#3777=IFCCARTESIANPOINT((-1.0449999999999882,1.127853982722949));
#3778=IFCCARTESIANPOINT((1.0449999999999919,1.127853982722949));
#3779=IFCCARTESIANPOINT((1.0449999999999919,-1.1278539827230545));
#3780=IFCPOLYLINE((#3776,#3777,#3778,#3779,#3776));
#3781=IFCARBITRARYPROFILEDEFWITHVOIDS(.AREA.,'100 x 135',#3775,(#3780));
#3782=IFCCARTESIANPOINT((1.2078539827229697,0.19000000000096059,1.1249999999999918));
#3783=IFCAXIS2PLACEMENT3D(#3782,#8,#10);
#3784=IFCEXTRUDEDAREASOLID(#3781,#3783,#9,0.070000000000006418);
#3785=IFCCARTESIANPOINT((0.,0.));
#3786=IFCAXIS2PLACEMENT2D(#3785,#11);
#3787=IFCRECTANGLEPROFILEDEF(.AREA.,'100 x 135',#3786,2.2557079654459189,0.029999999999999999);
#3788=IFCCARTESIANPOINT((1.2078539827229631,0.15500000000095732,0.080000000000031088));
#3789=IFCAXIS2PLACEMENT3D(#3788,$,$);
#3790=IFCEXTRUDEDAREASOLID(#3787,#3789,#9,2.0900000000000776);
#3791=IFCSTYLEDITEM(#3784,(#3426),$);
#3792=IFCSTYLEDITEM(#3790,(#3426),$);
#3793=IFCSHAPEREPRESENTATION(#86,'Body','SweptSolid',(#3784,#3790));
#3794=IFCAXIS2PLACEMENT3D(#3,$,$);
#3795=IFCREPRESENTATIONMAP(#3794,#3793);
#3796=IFCWINDOWLININGPROPERTIES('09unS7Cyz0fegr5_n90X7M',#18,'A_Fenster - Fix Variabel:100 x 135:304128',$,$,$,$,$,$,$,$,$,$);
#3797=IFCWINDOWSTYLE('2DLrS97l6VVTTBe9O$ZDE4',#18,'A_Fenster - Fix Variabel:100 x 135',$,$,(#3796,#3814),(#3795),'300174',.NOTDEFINED.,.SINGLE_PANEL.,.F.,.F.);
#3798=IFCMAPPEDITEM(#3795,#2250);
#3799=IFCSHAPEREPRESENTATION(#86,'Body','MappedRepresentation',(#3798));
#3800=IFCPRODUCTDEFINITIONSHAPE($,$,(#3799));
#3801=IFCCARTESIANPOINT((-4.1964763414039528,12.575000000009997,0.96999999999994846));
#3802=IFCAXIS2PLACEMENT3D(#3801,$,$);
#3804=IFCWINDOW('09unS7Cyz0fegr5_r90X7M',#18,'A_Fenster - Fix Variabel:100 x 135:304128',$,'A_Fenster - Fix Variabel:100 x 135',#4781,#3800,'304128',2.2499999999999836,2.4157079654459137);
#3805=IFCPROPERTYSET('0euIucEV4SxLSpzx4KXkCh',#18,'Pset_QuantityTakeOff',$,(#3448));
#3806=IFCPROPERTYSET('28SpWH9MHayKdF$Begz__f',#18,'Pset_WindowCommon',$,(#256,#3448));
#3807=IFCRELDEFINESBYPROPERTIES('1h3C5KJ_No7qXls$OdaTl$',#18,$,$,(#3804),#3805);
#3808=IFCRELDEFINESBYPROPERTIES('31$wqyAbjpVEjAF7OO5tkm',#18,$,$,(#3804),#3806);
#3809=IFCQUANTITYLENGTH('Height','',$,2.2499999999999876);
#3810=IFCQUANTITYLENGTH('Width','',$,2.4157079654459159);
#3811=IFCQUANTITYAREA('Area','area measured in geometry',$,5.4353429222532812);
#3812=IFCELEMENTQUANTITY('1N8TwNh85FljCyD_sBsCjE',#18,'BaseQuantities',$,$,(#3809,#3810,#3811));
#3813=IFCRELDEFINESBYPROPERTIES('2wlfdtcZuzZSigVE_zkZ1v',#18,$,$,(#3804),#3812);
#3814=IFCPROPERTYSET('0a7eAEK7m9sisG6HY4uKtE',#18,'Pset_WindowCommon',$,(#256));
#3815=IFCMAPPEDITEM(#3527,#2250);
#3816=IFCSHAPEREPRESENTATION(#86,'Body','MappedRepresentation',(#3815));
#3817=IFCPRODUCTDEFINITIONSHAPE($,$,(#3816));
#3818=IFCCARTESIANPOINT((-8.3264763414039571,12.575000000009997,0.010000000000005307));
#3819=IFCAXIS2PLACEMENT3D(#3818,$,$);
#3821=IFCWINDOW('09unS7Cyz0fegr5_r90X6T',#18,'A_Fenster - Fix Variabel:100 x 135:304203',$,'A_Fenster - Fix Variabel:100 x 135',#4841,#3817,'304203',3.2099999999999915,0.74999999999999845);
#3822=IFCPROPERTYSET('3Hz0v6keCYT3iUDmP1MHZ_',#18,'Pset_QuantityTakeOff',$,(#3448));
#3823=IFCPROPERTYSET('3fjAQvxwzpld6MyAgEcl3Q',#18,'Pset_WindowCommon',$,(#256,#3448));
#3824=IFCRELDEFINESBYPROPERTIES('3lW9r46MKZKcN5CqmYK1ew',#18,$,$,(#3821),#3822);
#3825=IFCRELDEFINESBYPROPERTIES('0zr76qMCNCzjKuz_ReQks_',#18,$,$,(#3821),#3823);
#3826=IFCQUANTITYLENGTH('Height','',$,3.2099999999999973);
#3827=IFCQUANTITYLENGTH('Width','',$,0.74999999999999989);
#3828=IFCQUANTITYAREA('Area','area measured in geometry',$,2.407499999999998);
#3829=IFCELEMENTQUANTITY('1XI0O1jXwUOFwXysnbybDn',#18,'BaseQuantities',$,$,(#3826,#3827,#3828));
#3830=IFCRELDEFINESBYPROPERTIES('0ds6RrW1$P14CWboPEeRK6',#18,$,$,(#3821),#3829);
#3831=IFCCARTESIANPOINT((-1.1249999999999918,-0.83047072182874526));
#3832=IFCCARTESIANPOINT((1.1249999999999918,-0.83047072182874526));
#3833=IFCCARTESIANPOINT((1.1249999999999918,0.83047072182874515));
#3834=IFCCARTESIANPOINT((-1.1249999999999918,0.83047072182874526));
#3835=IFCPOLYLINE((#3831,#3832,#3833,#3834,#3831));
#3836=IFCCARTESIANPOINT((-1.0449999999999882,-0.75047072182884278));
#3837=IFCCARTESIANPOINT((-1.0449999999999882,0.75047072182873742));
#3838=IFCCARTESIANPOINT((1.0449999999999919,0.75047072182873742));
#3839=IFCCARTESIANPOINT((1.0449999999999919,-0.75047072182884278));
#3840=IFCPOLYLINE((#3836,#3837,#3838,#3839,#3836));
#3841=IFCARBITRARYPROFILEDEFWITHVOIDS(.AREA.,'100 x 135',#3835,(#3840));
#3842=IFCCARTESIANPOINT((0.83047072182875903,0.19000000000096059,1.1249999999999918));
#3843=IFCAXIS2PLACEMENT3D(#3842,#8,#10);
#3844=IFCEXTRUDEDAREASOLID(#3841,#3843,#9,0.070000000000006418);
#3845=IFCCARTESIANPOINT((0.,0.));
#3846=IFCAXIS2PLACEMENT2D(#3845,#11);
#3847=IFCRECTANGLEPROFILEDEF(.AREA.,'100 x 135',#3846,1.5009414436574957,0.029999999999999999);
#3848=IFCCARTESIANPOINT((0.83047072182875237,0.15500000000095732,0.080000000000031088));
#3849=IFCAXIS2PLACEMENT3D(#3848,$,$);
#3850=IFCEXTRUDEDAREASOLID(#3847,#3849,#9,2.0900000000000776);
#3851=IFCSTYLEDITEM(#3844,(#3426),$);
#3852=IFCSTYLEDITEM(#3850,(#3426),$);
#3853=IFCSHAPEREPRESENTATION(#86,'Body','SweptSolid',(#3844,#3850));
#3854=IFCAXIS2PLACEMENT3D(#3,$,$);
#3855=IFCREPRESENTATIONMAP(#3854,#3853);
#3856=IFCWINDOWLININGPROPERTIES('09unS7Cyz0fegr5_n90X6Q',#18,'A_Fenster - Fix Variabel:100 x 135:304204',$,$,$,$,$,$,$,$,$,$);
#3857=IFCWINDOWSTYLE('2tNd0zBrOVpGw4dnOhJxNw',#18,'A_Fenster - Fix Variabel:100 x 135',$,$,(#3856,#3874),(#3855),'300174',.NOTDEFINED.,.SINGLE_PANEL.,.F.,.F.);
#3858=IFCMAPPEDITEM(#3855,#2250);
#3859=IFCSHAPEREPRESENTATION(#86,'Body','MappedRepresentation',(#3858));
#3860=IFCPRODUCTDEFINITIONSHAPE($,$,(#3859));
#3861=IFCCARTESIANPOINT((-7.5764763414039518,12.575000000009997,0.96999999999994846));
#3862=IFCAXIS2PLACEMENT3D(#3861,$,$);
#3864=IFCWINDOW('09unS7Cyz0fegr5_r90X6Q',#18,'A_Fenster - Fix Variabel:100 x 135:304204',$,'A_Fenster - Fix Variabel:100 x 135',#4821,#3860,'304204',2.2499999999999836,1.6609414436574912);
#3865=IFCPROPERTYSET('0ida943QkflhaW9aOkY$CX',#18,'Pset_QuantityTakeOff',$,(#3448));
#3866=IFCPROPERTYSET('1RVjNabybgIQnc70lmpbQJ',#18,'Pset_WindowCommon',$,(#256,#3448));
#3867=IFCRELDEFINESBYPROPERTIES('3gztiUH9UR6iJ7Uc82$q_3',#18,$,$,(#3864),#3865);
#3868=IFCRELDEFINESBYPROPERTIES('26F8uxOe8Yvt4Hx$jeH1VZ',#18,$,$,(#3864),#3866);
#3869=IFCQUANTITYLENGTH('Height','',$,2.2499999999999876);
#3870=IFCQUANTITYLENGTH('Width','',$,1.6609414436574921);
#3871=IFCQUANTITYAREA('Area','area measured in geometry',$,3.7371182482293372);
#3872=IFCELEMENTQUANTITY('1boRqpHB5MJXqvUdY79Agk',#18,'BaseQuantities',$,$,(#3869,#3870,#3871));
#3873=IFCRELDEFINESBYPROPERTIES('2QQVyjE_qsgAET0kVdWhao',#18,$,$,(#3864),#3872);
#3874=IFCPROPERTYSET('03jHCzNyZ57mCGr$RoN6cS',#18,'Pset_WindowCommon',$,(#256));
#3875=IFCCARTESIANPOINT((-1.3999999999999964,-1.1899999999999988));
#3876=IFCCARTESIANPOINT((1.3999999999999964,-1.1899999999999988));
#3877=IFCCARTESIANPOINT((1.3999999999999964,1.1899999999999986));
#3878=IFCCARTESIANPOINT((-1.3999999999999964,1.1899999999999988));
#3879=IFCPOLYLINE((#3875,#3876,#3877,#3878,#3875));
#3880=IFCCARTESIANPOINT((-1.3199999999999961,-1.1100000000000962));
#3881=IFCCARTESIANPOINT((-1.3199999999999961,1.109999999999991));
#3882=IFCCARTESIANPOINT((1.3199999999999967,1.109999999999991));
#3883=IFCCARTESIANPOINT((1.3199999999999967,-1.110000000000096));
#3884=IFCPOLYLINE((#3880,#3881,#3882,#3883,#3880));
#3885=IFCARBITRARYPROFILEDEFWITHVOIDS(.AREA.,'100 x 135',#3879,(#3884));
#3886=IFCCARTESIANPOINT((1.1899999999999986,0.12000000000095418,1.3999999999999964));
#3887=IFCAXIS2PLACEMENT3D(#3886,#7,#10);
#3888=IFCEXTRUDEDAREASOLID(#3885,#3887,#9,0.070000000000006418);
#3889=IFCCARTESIANPOINT((0.,0.));
#3890=IFCAXIS2PLACEMENT2D(#3889,#11);
#3891=IFCRECTANGLEPROFILEDEF(.AREA.,'100 x 135',#3890,0.029999999999999999,2.2200000000000029);
#3892=IFCCARTESIANPOINT((1.1900000000000053,0.15500000000095732,0.080000000000031088));
#3893=IFCAXIS2PLACEMENT3D(#3892,#9,#7);
#3894=IFCEXTRUDEDAREASOLID(#3891,#3893,#9,2.6400000000000903);
#3895=IFCSTYLEDITEM(#3888,(#3426),$);
#3896=IFCSTYLEDITEM(#3894,(#3426),$);
#3897=IFCSHAPEREPRESENTATION(#86,'Body','SweptSolid',(#3888,#3894));
#3898=IFCAXIS2PLACEMENT3D(#3,$,$);
#3899=IFCREPRESENTATIONMAP(#3898,#3897);
#3900=IFCWINDOWLININGPROPERTIES('1ia27mcf95GgMvqATUBzWH',#18,'A_Fenster - Fix Variabel:100 x 135:306155',$,$,$,$,$,$,$,$,$,$);
#3901=IFCWINDOWSTYLE('0yKlCPmupw3vNzJhME1$rf',#18,'A_Fenster - Fix Variabel:100 x 135',$,$,(#3900,#3918),(#3899),'300174',.NOTDEFINED.,.SINGLE_PANEL.,.F.,.F.);
#3902=IFCMAPPEDITEM(#3899,#2250);
#3903=IFCSHAPEREPRESENTATION(#86,'Body','MappedRepresentation',(#3902));
#3904=IFCPRODUCTDEFINITIONSHAPE($,$,(#3903));
#3905=IFCCARTESIANPOINT((-6.1529999999998983,-7.0750000000000135,0.013023339138935584));
#3906=IFCAXIS2PLACEMENT3D(#3905,#9,#6);
#3908=IFCWINDOW('1ia27mcf95GgMvqAPUBzWH',#18,'A_Fenster - Fix Variabel:100 x 135:306155',$,'A_Fenster - Fix Variabel:100 x 135',#5101,#3904,'306155',2.7999999999999914,2.3799999999999981);
#3909=IFCPROPERTYSET('13lh6V4$dOP$ZpMP2Dd7TN',#18,'Pset_QuantityTakeOff',$,(#3448));
#3910=IFCPROPERTYSET('1lYeUeSd3IGjEQd6C$vgKD',#18,'Pset_WindowCommon',$,(#256,#3448));
#3911=IFCRELDEFINESBYPROPERTIES('1zxkuUuPDoTYrMGsGwqPGV',#18,$,$,(#3908),#3909);
#3912=IFCRELDEFINESBYPROPERTIES('0NpODomXQU3BZ_m_E9rQin',#18,$,$,(#3908),#3910);
#3913=IFCQUANTITYLENGTH('Height','',$,2.7999999999999989);
#3914=IFCQUANTITYLENGTH('Width','',$,2.3799999999999999);
#3915=IFCQUANTITYAREA('Area','area measured in geometry',$,6.663999999999997);
#3916=IFCELEMENTQUANTITY('1J3rilxjfNS19f4G5vP7_9',#18,'BaseQuantities',$,$,(#3913,#3914,#3915));
#3917=IFCRELDEFINESBYPROPERTIES('1uJ2IXqmiUwrPqQlcD5qoh',#18,$,$,(#3908),#3916);
#3918=IFCPROPERTYSET('2ESDORYGCPMoE8BeDe2f8w',#18,'Pset_WindowCommon',$,(#256));
#3919=IFCCARTESIANPOINT((-1.3999999999999964,-0.80448865871417596));
#3920=IFCCARTESIANPOINT((1.3999999999999964,-0.80448865871417596));
#3921=IFCCARTESIANPOINT((1.3999999999999964,0.80448865871417585));
#3922=IFCCARTESIANPOINT((-1.3999999999999964,0.80448865871417596));
#3923=IFCPOLYLINE((#3919,#3920,#3921,#3922,#3919));
#3924=IFCCARTESIANPOINT((-1.3199999999999961,-0.72448865871427337));
#3925=IFCCARTESIANPOINT((-1.3199999999999961,0.72448865871416857));
#3926=IFCCARTESIANPOINT((1.3199999999999967,0.72448865871416845));
#3927=IFCCARTESIANPOINT((1.3199999999999967,-0.72448865871427348));
#3928=IFCPOLYLINE((#3924,#3925,#3926,#3927,#3924));
#3929=IFCARBITRARYPROFILEDEFWITHVOIDS(.AREA.,'100 x 135',#3923,(#3928));
#3930=IFCCARTESIANPOINT((0.80448865871417574,0.12000000000095418,1.3999999999999964));
#3931=IFCAXIS2PLACEMENT3D(#3930,#7,#10);
#3932=IFCEXTRUDEDAREASOLID(#3929,#3931,#9,0.070000000000006418);
#3933=IFCCARTESIANPOINT((0.,0.));
#3934=IFCAXIS2PLACEMENT2D(#3933,#11);
#3935=IFCRECTANGLEPROFILEDEF(.AREA.,'100 x 135',#3934,0.029999999999999999,1.4489773174283576);
#3936=IFCCARTESIANPOINT((0.80448865871418218,0.15500000000095732,0.080000000000031088));
#3937=IFCAXIS2PLACEMENT3D(#3936,#9,#7);
#3938=IFCEXTRUDEDAREASOLID(#3935,#3937,#9,2.6400000000000903);
#3939=IFCSTYLEDITEM(#3932,(#3426),$);
#3940=IFCSTYLEDITEM(#3938,(#3426),$);
#3941=IFCSHAPEREPRESENTATION(#86,'Body','SweptSolid',(#3932,#3938));
#3942=IFCAXIS2PLACEMENT3D(#3,$,$);
#3943=IFCREPRESENTATIONMAP(#3942,#3941);
#3944=IFCWINDOWLININGPROPERTIES('1ia27mcf95GgMvqATUBz$c',#18,'A_Fenster - Fix Variabel:100 x 135:306204',$,$,$,$,$,$,$,$,$,$);
#3945=IFCWINDOWSTYLE('2ElYorAx53LBmfKf$dfJtG',#18,'A_Fenster - Fix Variabel:100 x 135',$,$,(#3944,#3962),(#3943),'300174',.NOTDEFINED.,.SINGLE_PANEL.,.F.,.F.);
#3946=IFCMAPPEDITEM(#3943,#2250);
#3947=IFCSHAPEREPRESENTATION(#86,'Body','MappedRepresentation',(#3946));
#3948=IFCPRODUCTDEFINITIONSHAPE($,$,(#3947));
#3949=IFCCARTESIANPOINT((-3.3630226825715215,-7.0750000000000215,-0.00058469017882870566));
#3950=IFCAXIS2PLACEMENT3D(#3949,#9,#6);
#3952=IFCWINDOW('1ia27mcf95GgMvqAPUBz$c',#18,'A_Fenster - Fix Variabel:100 x 135:306204',$,'A_Fenster - Fix Variabel:100 x 135',#5121,#3948,'306204',2.7999999999999936,1.6089773174283526);
#3953=IFCPROPERTYSET('1g5BSsk1Acmp$6zF9$sD_o',#18,'Pset_QuantityTakeOff',$,(#3448));
#3954=IFCPROPERTYSET('0M8w5lS2hycUQi$7zPFoax',#18,'Pset_WindowCommon',$,(#256,#3448));
#3955=IFCRELDEFINESBYPROPERTIES('33TxeVy4K1z2m1lj1st6YN',#18,$,$,(#3952),#3953);
#3956=IFCRELDEFINESBYPROPERTIES('21D3b9yQRWkpDrD$xtGsfw',#18,$,$,(#3952),#3954);
#3957=IFCQUANTITYLENGTH('Height','',$,2.7999999999999989);
#3958=IFCQUANTITYLENGTH('Width','',$,1.6089773174283541);
#3959=IFCQUANTITYAREA('Area','area measured in geometry',$,4.5051364887993897);
#3960=IFCELEMENTQUANTITY('341pni1y6cyAMnnGQ7Qm6O',#18,'BaseQuantities',$,$,(#3957,#3958,#3959));
#3961=IFCRELDEFINESBYPROPERTIES('3BzTp40vCDfNjmcHsy6s5I',#18,$,$,(#3952),#3960);
#3962=IFCPROPERTYSET('2Cg$Q0Ylx7y7pQaXLMxtyC',#18,'Pset_WindowCommon',$,(#256));
#3963=IFCMAPPEDITEM(#3943,#2250);
#3964=IFCSHAPEREPRESENTATION(#86,'Body','MappedRepresentation',(#3963));
#3965=IFCPRODUCTDEFINITIONSHAPE($,$,(#3964));
#3966=IFCCARTESIANPOINT((-0.095511341285716034,-7.0750000000000322,0.));
#3967=IFCAXIS2PLACEMENT3D(#3966,#9,#6);
#3969=IFCWINDOW('1ia27mcf95GgMvqAPUBz_h',#18,'A_Fenster - Fix Variabel:100 x 135:306257',$,'A_Fenster - Fix Variabel:100 x 135',#5141,#3965,'306257',2.7999999999999927,1.6089773174283526);
#3970=IFCPROPERTYSET('0JGPEOy4975pwFNG$$koGK',#18,'Pset_QuantityTakeOff',$,(#3448));
#3971=IFCPROPERTYSET('0aA8swxp$MOOC5Y2zBenST',#18,'Pset_WindowCommon',$,(#256,#3448));
#3972=IFCRELDEFINESBYPROPERTIES('2GK4$Z9Rur0NVwu04BEdHJ',#18,$,$,(#3969),#3970);
#3973=IFCRELDEFINESBYPROPERTIES('2dy0gsBq7ZKf6zs7AXw_EO',#18,$,$,(#3969),#3971);
#3974=IFCQUANTITYLENGTH('Height','',$,2.7999999999999989);
#3975=IFCQUANTITYLENGTH('Width','',$,1.6089773174283541);
#3976=IFCQUANTITYAREA('Area','area measured in geometry',$,4.5051364887993897);
#3977=IFCELEMENTQUANTITY('3ighlPLjAZunYEOypvtK8l',#18,'BaseQuantities',$,$,(#3974,#3975,#3976));
#3978=IFCRELDEFINESBYPROPERTIES('07yV0MFiiupo$c_lGsn0OE',#18,$,$,(#3969),#3977);
#3979=IFCCARTESIANPOINT((-1.3999999999999964,-1.1761735054060325));
#3980=IFCCARTESIANPOINT((1.3999999999999964,-1.1761735054060325));
#3981=IFCCARTESIANPOINT((1.3999999999999964,1.1761735054060323));
#3982=IFCCARTESIANPOINT((-1.3999999999999964,1.1761735054060325));
#3983=IFCPOLYLINE((#3979,#3980,#3981,#3982,#3979));
#3984=IFCCARTESIANPOINT((-1.3199999999999961,-1.0961735054061297));
#3985=IFCCARTESIANPOINT((-1.3199999999999961,1.0961735054060233));
#3986=IFCCARTESIANPOINT((1.3199999999999967,1.0961735054060233));
#3987=IFCCARTESIANPOINT((1.3199999999999967,-1.0961735054061297));
#3988=IFCPOLYLINE((#3984,#3985,#3986,#3987,#3984));
#3989=IFCARBITRARYPROFILEDEFWITHVOIDS(.AREA.,'100 x 135',#3983,(#3988));
#3990=IFCCARTESIANPOINT((1.176173505406032,0.12000000000095418,1.3999999999999964));
#3991=IFCAXIS2PLACEMENT3D(#3990,#7,#10);
#3992=IFCEXTRUDEDAREASOLID(#3989,#3991,#9,0.070000000000006418);
#3993=IFCCARTESIANPOINT((0.,0.));
#3994=IFCAXIS2PLACEMENT2D(#3993,#11);
#3995=IFCRECTANGLEPROFILEDEF(.AREA.,'100 x 135',#3994,0.029999999999999999,2.1923470108120688);
#3996=IFCCARTESIANPOINT((1.1761735054060394,0.15500000000095732,0.080000000000031088));
#3997=IFCAXIS2PLACEMENT3D(#3996,#9,#7);
#3998=IFCEXTRUDEDAREASOLID(#3995,#3997,#9,2.6400000000000903);
#3999=IFCSTYLEDITEM(#3992,(#3426),$);
#4000=IFCSTYLEDITEM(#3998,(#3426),$);
#4001=IFCSHAPEREPRESENTATION(#86,'Body','SweptSolid',(#3992,#3998));
#4002=IFCAXIS2PLACEMENT3D(#3,$,$);
#4003=IFCREPRESENTATIONMAP(#4002,#4001);
#4004=IFCWINDOWLININGPROPERTIES('0gHVKx_Wz73uo1y2ytsRzF',#18,'A_Fenster - Fix Variabel:100 x 135:306401',$,$,$,$,$,$,$,$,$,$);
#4005=IFCWINDOWSTYLE('0DwbHvoezFMBehLQQz6EU$',#18,'A_Fenster - Fix Variabel:100 x 135',$,$,(#4004,#4022),(#4003),'300174',.NOTDEFINED.,.SINGLE_PANEL.,.F.,.F.);
#4006=IFCMAPPEDITEM(#4003,#2250);
#4007=IFCSHAPEREPRESENTATION(#86,'Body','MappedRepresentation',(#4006));
#4008=IFCPRODUCTDEFINITIONSHAPE($,$,(#4007));
#4009=IFCCARTESIANPOINT((3.6919635487588942,-7.0750000000000455,0.));
#4010=IFCAXIS2PLACEMENT3D(#4009,#9,#6);
#4012=IFCWINDOW('0gHVKx_Wz73uo1y2utsRzF',#18,'A_Fenster - Fix Variabel:100 x 135:306401',$,'A_Fenster - Fix Variabel:100 x 135',#5161,#4008,'306401',2.7999999999999927,2.352347010812065);
#4013=IFCPROPERTYSET('02o14tNF3URaUZM31tWjc$',#18,'Pset_QuantityTakeOff',$,(#3448));
#4014=IFCPROPERTYSET('30AqAhV8JZAODN0dSNIPgT',#18,'Pset_WindowCommon',$,(#256,#3448));
#4015=IFCRELDEFINESBYPROPERTIES('3cADCzDMnk3EU2lC$E9b4c',#18,$,$,(#4012),#4013);
#4016=IFCRELDEFINESBYPROPERTIES('3rbcfE_NUkfUx45H4tEB0h',#18,$,$,(#4012),#4014);
#4017=IFCQUANTITYLENGTH('Height','',$,2.7999999999999989);
#4018=IFCQUANTITYLENGTH('Width','',$,2.3523470108120659);
#4019=IFCQUANTITYAREA('Area','area measured in geometry',$,6.5865716302737818);
#4020=IFCELEMENTQUANTITY('0s6WIBFFEayQT9Y14CmyMb',#18,'BaseQuantities',$,$,(#4017,#4018,#4019));
#4021=IFCRELDEFINESBYPROPERTIES('060ouSEJXrZi0mP9CCRR0$',#18,$,$,(#4012),#4020);
#4022=IFCPROPERTYSET('1$4fIk2nJWOzu7t85jm7TM',#18,'Pset_WindowCommon',$,(#256));
#4023=IFCCARTESIANPOINT((-1.3999999999999964,-0.80494624884742838));
#4024=IFCCARTESIANPOINT((1.3999999999999964,-0.80494624884742838));
#4025=IFCCARTESIANPOINT((1.3999999999999964,0.80494624884742827));
#4026=IFCCARTESIANPOINT((-1.3999999999999964,0.80494624884742838));
#4027=IFCPOLYLINE((#4023,#4024,#4025,#4026,#4023));
#4028=IFCCARTESIANPOINT((-1.3199999999999961,-0.7249462488475259));
#4029=IFCCARTESIANPOINT((-1.3199999999999961,0.72494624884742087));
#4030=IFCCARTESIANPOINT((1.3199999999999967,0.72494624884742098));
#4031=IFCCARTESIANPOINT((1.3199999999999967,-0.72494624884752557));
#4032=IFCPOLYLINE((#4028,#4029,#4030,#4031,#4028));
#4033=IFCARBITRARYPROFILEDEFWITHVOIDS(.AREA.,'100 x 135',#4027,(#4032));
#4034=IFCCARTESIANPOINT((0.80494624884742805,0.12000000000095418,1.3999999999999964));
#4035=IFCAXIS2PLACEMENT3D(#4034,#7,#10);
#4036=IFCEXTRUDEDAREASOLID(#4033,#4035,#9,0.070000000000006418);
#4037=IFCCARTESIANPOINT((0.,0.));
#4038=IFCAXIS2PLACEMENT2D(#4037,#11);
#4039=IFCRECTANGLEPROFILEDEF(.AREA.,'100 x 135',#4038,0.029999999999999999,1.4498924976948622);
#4040=IFCCARTESIANPOINT((0.8049462488474346,0.15500000000095732,0.080000000000031088));
#4041=IFCAXIS2PLACEMENT3D(#4040,#9,#7);
#4042=IFCEXTRUDEDAREASOLID(#4039,#4041,#9,2.6400000000000903);
#4043=IFCSTYLEDITEM(#4036,(#3426),$);
#4044=IFCSTYLEDITEM(#4042,(#3426),$);
#4045=IFCSHAPEREPRESENTATION(#86,'Body','SweptSolid',(#4036,#4042));
#4046=IFCAXIS2PLACEMENT3D(#3,$,$);
#4047=IFCREPRESENTATIONMAP(#4046,#4045);
#4048=IFCWINDOWLININGPROPERTIES('0gHVKx_Wz73uo1y2ytsRxw',#18,'A_Fenster - Fix Variabel:100 x 135:306516',$,$,$,$,$,$,$,$,$,$);
#4049=IFCWINDOWSTYLE('3PKmryxuVvF$6zXd7sqgla',#18,'A_Fenster - Fix Variabel:100 x 135',$,$,(#4048,#4066),(#4047),'300174',.NOTDEFINED.,.SINGLE_PANEL.,.F.,.F.);
#4050=IFCMAPPEDITEM(#4047,#2250);
#4051=IFCSHAPEREPRESENTATION(#86,'Body','MappedRepresentation',(#4050));
#4052=IFCPRODUCTDEFINITIONSHAPE($,$,(#4051));
#4053=IFCCARTESIANPOINT((6.8348924976949785,-7.0750000000000552,0.));
#4054=IFCAXIS2PLACEMENT3D(#4053,#9,#6);
#4056=IFCWINDOW('0gHVKx_Wz73uo1y2utsRxw',#18,'A_Fenster - Fix Variabel:100 x 135:306516',$,'A_Fenster - Fix Variabel:100 x 135',#5181,#4052,'306516',2.7999999999999927,1.6098924976948572);
#4057=IFCPROPERTYSET('1rhr8BtWOQoeiuSzu7_jmN',#18,'Pset_QuantityTakeOff',$,(#3448));
#4058=IFCPROPERTYSET('3xmVT9QkDZzOqvvhRL7JLv',#18,'Pset_WindowCommon',$,(#256,#3448));
#4059=IFCRELDEFINESBYPROPERTIES('34DsAtOKz6zUgtFU$rx$Ix',#18,$,$,(#4056),#4057);
#4060=IFCRELDEFINESBYPROPERTIES('1KTuurU9JbylYzbWxx9kBJ',#18,$,$,(#4056),#4058);
#4061=IFCQUANTITYLENGTH('Height','',$,2.7999999999999989);
#4062=IFCQUANTITYLENGTH('Width','',$,1.6098924976948583);
#4063=IFCQUANTITYAREA('Area','area measured in geometry',$,4.5076989935456018);
#4064=IFCELEMENTQUANTITY('3ujOIYwzhcuDU7RgRC$Rwn',#18,'BaseQuantities',$,$,(#4061,#4062,#4063));
#4065=IFCRELDEFINESBYPROPERTIES('2BGDhrAIHAgD$l90jIMNA9',#18,$,$,(#4056),#4064);
#4066=IFCPROPERTYSET('3NYuxVKfWNPbGLXqD8LlZZ',#18,'Pset_WindowCommon',$,(#256));
#4067=IFCMAPPEDITEM(#4047,#2250);
#4068=IFCSHAPEREPRESENTATION(#86,'Body','MappedRepresentation',(#4067));
#4069=IFCPRODUCTDEFINITIONSHAPE($,$,(#4068));
#4070=IFCCARTESIANPOINT((10.059139050056602,-7.075000000000065,0.));
#4071=IFCAXIS2PLACEMENT3D(#4070,#9,#6);
#4073=IFCWINDOW('0gHVKx_Wz73uo1y2utsRu7',#18,'A_Fenster - Fix Variabel:100 x 135:306601',$,'A_Fenster - Fix Variabel:100 x 135',#5201,#4069,'306601',2.7999999999999927,1.6098924976948561);
#4074=IFCPROPERTYSET('0g$TX4$on8JKKPuXfJVvcc',#18,'Pset_QuantityTakeOff',$,(#3448));
#4075=IFCPROPERTYSET('3CcjIJQ3GAbD79OZOETyq6',#18,'Pset_WindowCommon',$,(#256,#3448));
#4076=IFCRELDEFINESBYPROPERTIES('12p1_Sl0GsW9LF5Xs2g3kF',#18,$,$,(#4073),#4074);
#4077=IFCRELDEFINESBYPROPERTIES('0dfBgrOVLnjnqfkYUzcZle',#18,$,$,(#4073),#4075);
#4078=IFCQUANTITYLENGTH('Height','',$,2.7999999999999989);
#4079=IFCQUANTITYLENGTH('Width','',$,1.6098924976948583);
#4080=IFCQUANTITYAREA('Area','area measured in geometry',$,4.5076989935456018);
#4081=IFCELEMENTQUANTITY('0bcafZHI_8SU5OeV6gu7nn',#18,'BaseQuantities',$,$,(#4078,#4079,#4080));
#4082=IFCRELDEFINESBYPROPERTIES('3aQUl6VEPElZNmQ5ZDhsnd',#18,$,$,(#4073),#4081);
#4083=IFCCARTESIANPOINT((-1.3999999999999964,-1.1959076209603305));
#4084=IFCCARTESIANPOINT((1.3999999999999964,-1.1959076209603305));
#4085=IFCCARTESIANPOINT((1.3999999999999964,1.1959076209603308));
#4086=IFCCARTESIANPOINT((-1.3999999999999964,1.1959076209603305));
#4087=IFCPOLYLINE((#4083,#4084,#4085,#4086,#4083));
#4088=IFCCARTESIANPOINT((-1.3199999999999961,-1.1159076209604279));
#4089=IFCCARTESIANPOINT((-1.3199999999999961,1.115907620960322));
#4090=IFCCARTESIANPOINT((1.3199999999999967,1.115907620960322));
#4091=IFCCARTESIANPOINT((1.3199999999999967,-1.1159076209604279));
#4092=IFCPOLYLINE((#4088,#4089,#4090,#4091,#4088));
#4093=IFCARBITRARYPROFILEDEFWITHVOIDS(.AREA.,'100 x 135',#4087,(#4092));
#4094=IFCCARTESIANPOINT((1.1959076209603301,0.12000000000095418,1.3999999999999964));
#4095=IFCAXIS2PLACEMENT3D(#4094,#7,#10);
#4096=IFCEXTRUDEDAREASOLID(#4093,#4095,#9,0.070000000000006418);
#4097=IFCCARTESIANPOINT((0.,0.));
#4098=IFCAXIS2PLACEMENT2D(#4097,#11);
#4099=IFCRECTANGLEPROFILEDEF(.AREA.,'100 x 135',#4098,0.029999999999999999,2.2318152419206654);
#4100=IFCCARTESIANPOINT((1.195907620960337,0.15500000000095732,0.080000000000031088));
#4101=IFCAXIS2PLACEMENT3D(#4100,#9,#7);
#4102=IFCEXTRUDEDAREASOLID(#4099,#4101,#9,2.6400000000000903);
#4103=IFCSTYLEDITEM(#4096,(#3426),$);
#4104=IFCSTYLEDITEM(#4102,(#3426),$);
#4105=IFCSHAPEREPRESENTATION(#86,'Body','SweptSolid',(#4096,#4102));
#4106=IFCAXIS2PLACEMENT3D(#3,$,$);
#4107=IFCREPRESENTATIONMAP(#4106,#4105);
#4108=IFCWINDOWLININGPROPERTIES('0gHVKx_Wz73uo1y2ytsRsx',#18,'A_Fenster - Fix Variabel:100 x 135:306709',$,$,$,$,$,$,$,$,$,$);
#4109=IFCWINDOWSTYLE('0IJtQRAEUoJ008N87AobnF',#18,'A_Fenster - Fix Variabel:100 x 135',$,$,(#4108,#4126),(#4107),'300174',.NOTDEFINED.,.SINGLE_PANEL.,.F.,.F.);
#4110=IFCMAPPEDITEM(#4107,#2250);
#4111=IFCSHAPEREPRESENTATION(#86,'Body','MappedRepresentation',(#4110));
#4112=IFCPRODUCTDEFINITIONSHAPE($,$,(#4111));
#4113=IFCCARTESIANPOINT((13.995907620960434,-7.0750000000000792,0.));
#4114=IFCAXIS2PLACEMENT3D(#4113,#9,#6);
#4116=IFCWINDOW('0gHVKx_Wz73uo1y2utsRsx',#18,'A_Fenster - Fix Variabel:100 x 135:306709',$,'A_Fenster - Fix Variabel:100 x 135',#5221,#4112,'306709',2.7999999999999927,2.3918152419206624);
#4117=IFCPROPERTYSET('2M87Tb5D2TeF$lknFQ5XBP',#18,'Pset_QuantityTakeOff',$,(#3448));
#4118=IFCPROPERTYSET('0ycfL2iXiMJ3BeshnfCWb3',#18,'Pset_WindowCommon',$,(#256,#3448));
#4119=IFCRELDEFINESBYPROPERTIES('0US8vN19_F$SfD_Ee50Wim',#18,$,$,(#4116),#4117);
#4120=IFCRELDEFINESBYPROPERTIES('37Kj$4nqSJS7VSFpGh3Oba',#18,$,$,(#4116),#4118);
#4121=IFCQUANTITYLENGTH('Height','',$,2.7999999999999989);
#4122=IFCQUANTITYLENGTH('Width','',$,2.3918152419206624);
#4123=IFCQUANTITYAREA('Area','area measured in geometry',$,6.6970826773778525);
#4124=IFCELEMENTQUANTITY('0dbx1FwvYWtb0_zN6i47oo',#18,'BaseQuantities',$,$,(#4121,#4122,#4123));
#4125=IFCRELDEFINESBYPROPERTIES('2GJctVuvZOomIdAIw7yASO',#18,$,$,(#4116),#4124);
#4126=IFCPROPERTYSET('3hXII7oWLtmU86RS74EDiJ',#18,'Pset_WindowCommon',$,(#256));
#4127=IFCCARTESIANPOINT((-1.3999999999999964,-0.40574964290386512));
#4128=IFCCARTESIANPOINT((1.3999999999999964,-0.40574964290386512));
#4129=IFCCARTESIANPOINT((1.3999999999999964,0.40574964290386512));
#4130=IFCCARTESIANPOINT((-1.3999999999999964,0.40574964290386512));
#4131=IFCPOLYLINE((#4127,#4128,#4129,#4130,#4127));
#4132=IFCCARTESIANPOINT((-1.3199999999999961,-0.32574964290396285));
#4133=IFCCARTESIANPOINT((-1.3199999999999961,0.32574964290385777));
#4134=IFCCARTESIANPOINT((1.3199999999999967,0.32574964290385777));
#4135=IFCCARTESIANPOINT((1.3199999999999967,-0.32574964290396274));
#4136=IFCPOLYLINE((#4132,#4133,#4134,#4135,#4132));
#4137=IFCARBITRARYPROFILEDEFWITHVOIDS(.AREA.,'100 x 135',#4131,(#4136));
#4138=IFCCARTESIANPOINT((0.40574964290386484,0.12000000000095418,1.3999999999999964));
#4139=IFCAXIS2PLACEMENT3D(#4138,#7,#10);
#4140=IFCEXTRUDEDAREASOLID(#4137,#4139,#9,0.070000000000006418);
#4141=IFCCARTESIANPOINT((0.,0.));
#4142=IFCAXIS2PLACEMENT2D(#4141,#11);
#4143=IFCRECTANGLEPROFILEDEF(.AREA.,'100 x 135',#4142,0.029999999999999999,0.65149928580773586);
#4144=IFCCARTESIANPOINT((0.40574964290387139,0.15500000000095732,0.080000000000031088));
#4145=IFCAXIS2PLACEMENT3D(#4144,#9,#7);
#4146=IFCEXTRUDEDAREASOLID(#4143,#4145,#9,2.6400000000000903);
#4147=IFCSTYLEDITEM(#4140,(#3426),$);
#4148=IFCSTYLEDITEM(#4146,(#3426),$);
#4149=IFCSHAPEREPRESENTATION(#86,'Body','SweptSolid',(#4140,#4146));
#4150=IFCAXIS2PLACEMENT3D(#3,$,$);
#4151=IFCREPRESENTATIONMAP(#4150,#4149);
#4152=IFCWINDOWLININGPROPERTIES('0gHVKx_Wz73uo1y2ytsRqm',#18,'A_Fenster - Fix Variabel:100 x 135:306846',$,$,$,$,$,$,$,$,$,$);
#4153=IFCWINDOWSTYLE('0PeVQ6cBse0PkrIYv$C$ww',#18,'A_Fenster - Fix Variabel:100 x 135',$,$,(#4152,#4170),(#4151),'300174',.NOTDEFINED.,.SINGLE_PANEL.,.F.,.F.);
#4154=IFCMAPPEDITEM(#4151,#2250);
#4155=IFCSHAPEREPRESENTATION(#86,'Body','MappedRepresentation',(#4154));
#4156=IFCPRODUCTDEFINITIONSHAPE($,$,(#4155));
#4157=IFCCARTESIANPOINT((16.205749642903843,-7.0750000000000854,0.));
#4158=IFCAXIS2PLACEMENT3D(#4157,#9,#6);
#4160=IFCWINDOW('0gHVKx_Wz73uo1y2utsRqm',#18,'A_Fenster - Fix Variabel:100 x 135:306846',$,'A_Fenster - Fix Variabel:100 x 135',#5241,#4156,'306846',2.7999999999999927,0.81149928580772979);
#4161=IFCPROPERTYSET('3qlr00Mr54pLJBjl6VUWjC',#18,'Pset_QuantityTakeOff',$,(#3448));
#4162=IFCPROPERTYSET('1eggh1PlkNjHxtLaHWTkgg',#18,'Pset_WindowCommon',$,(#256,#3448));
#4163=IFCRELDEFINESBYPROPERTIES('2erbQJqKSydwhBZlUi5AHt',#18,$,$,(#4160),#4161);
#4164=IFCRELDEFINESBYPROPERTIES('3yFxjaObIVxxVu0o1QhDER',#18,$,$,(#4160),#4162);
#4165=IFCQUANTITYLENGTH('Height','',$,2.7999999999999989);
#4166=IFCQUANTITYLENGTH('Width','',$,0.81149928580773145);
#4167=IFCQUANTITYAREA('Area','area measured in geometry',$,2.2721980002616475);
#4168=IFCELEMENTQUANTITY('0pWGEZklQTazS8B4YQClpe',#18,'BaseQuantities',$,$,(#4165,#4166,#4167));
#4169=IFCRELDEFINESBYPROPERTIES('3cJP6bH$WrfUN0gG2jbcuC',#18,$,$,(#4160),#4168);
#4170=IFCPROPERTYSET('1cLYYkti4hU5oyTEHAATt$',#18,'Pset_WindowCommon',$,(#256));
#4171=IFCCARTESIANPOINT((-1.3999999999999964,-0.49394688349086097));
#4172=IFCCARTESIANPOINT((1.3999999999999964,-0.49394688349086097));
#4173=IFCCARTESIANPOINT((1.3999999999999964,0.49394688349086097));
#4174=IFCCARTESIANPOINT((-1.3999999999999964,0.49394688349086097));
#4175=IFCPOLYLINE((#4171,#4172,#4173,#4174,#4171));
#4176=IFCCARTESIANPOINT((-1.3199999999999961,-0.41394688349095848));
#4177=IFCCARTESIANPOINT((-1.3199999999999961,0.41394688349085357));
#4178=IFCCARTESIANPOINT((1.3199999999999967,0.41394688349085357));
#4179=IFCCARTESIANPOINT((1.3199999999999967,-0.41394688349095848));
#4180=IFCPOLYLINE((#4176,#4177,#4178,#4179,#4176));
#4181=IFCARBITRARYPROFILEDEFWITHVOIDS(.AREA.,'100 x 135',#4175,(#4180));
#4182=IFCCARTESIANPOINT((0.49394688349086069,0.12000000000095418,1.3999999999999964));
#4183=IFCAXIS2PLACEMENT3D(#4182,#7,#10);
#4184=IFCEXTRUDEDAREASOLID(#4181,#4183,#9,0.070000000000006418);
#4185=IFCCARTESIANPOINT((0.,0.));
#4186=IFCAXIS2PLACEMENT2D(#4185,#11);
#4187=IFCRECTANGLEPROFILEDEF(.AREA.,'100 x 135',#4186,0.029999999999999999,0.82789376698172745);
#4188=IFCCARTESIANPOINT((0.49394688349086729,0.15500000000095732,0.080000000000031088));
#4189=IFCAXIS2PLACEMENT3D(#4188,#9,#7);
#4190=IFCEXTRUDEDAREASOLID(#4187,#4189,#9,2.6400000000000903);
#4191=IFCSTYLEDITEM(#4184,(#3426),$);
#4192=IFCSTYLEDITEM(#4190,(#3426),$);
#4193=IFCSHAPEREPRESENTATION(#86,'Body','SweptSolid',(#4184,#4190));
#4194=IFCAXIS2PLACEMENT3D(#3,$,$);
#4195=IFCREPRESENTATIONMAP(#4194,#4193);
#4196=IFCWINDOWLININGPROPERTIES('2MvJlk$CPA8vs3YvuTYXy5',#18,'A_Fenster - Fix Variabel:100 x 135:307286',$,$,$,$,$,$,$,$,$,$);
#4197=IFCWINDOWSTYLE('1bz4DHgsWwpJUnwz1KsEGp',#18,'A_Fenster - Fix Variabel:100 x 135',$,$,(#4196,#4214),(#4195),'300174',.NOTDEFINED.,.SINGLE_PANEL.,.F.,.F.);
#4198=IFCMAPPEDITEM(#4195,#2250);
#4199=IFCSHAPEREPRESENTATION(#86,'Body','MappedRepresentation',(#4198));
#4200=IFCPRODUCTDEFINITIONSHAPE($,$,(#4199));
#4201=IFCCARTESIANPOINT((-9.4749999999998735,-5.5423719725782243,0.));
#4202=IFCAXIS2PLACEMENT3D(#4201,#9,#7);
#4204=IFCWINDOW('2MvJlk$CPA8vs3YvyTYXy5',#18,'A_Fenster - Fix Variabel:100 x 135:307286',$,'A_Fenster - Fix Variabel:100 x 135',#5001,#4200,'307286',2.7999999999999927,0.98789376698172227);
#4205=IFCPROPERTYSET('2JVYwwtKy_rzGUAKoEGvNA',#18,'Pset_QuantityTakeOff',$,(#3448));
#4206=IFCPROPERTYSET('1aeeTh7VUAhSsZfEc$44Jw',#18,'Pset_WindowCommon',$,(#256,#3448));
#4207=IFCRELDEFINESBYPROPERTIES('18e1BxPYXWBTIyod9OFGoz',#18,$,$,(#4204),#4205);
#4208=IFCRELDEFINESBYPROPERTIES('2SU7gLN2frNBa$1C8SsRwY',#18,$,$,(#4204),#4206);
#4209=IFCQUANTITYLENGTH('Height','',$,2.7999999999999989);
#4210=IFCQUANTITYLENGTH('Width','',$,0.98789376698172326);
#4211=IFCQUANTITYAREA('Area','area measured in geometry',$,2.7661025475488246);
#4212=IFCELEMENTQUANTITY('27_An8LCyRufUTaNcBZpXm',#18,'BaseQuantities',$,$,(#4209,#4210,#4211));
#4213=IFCRELDEFINESBYPROPERTIES('1zI0ed146SsdWcLr2WF8fk',#18,$,$,(#4204),#4212);
#4214=IFCPROPERTYSET('3t5ueuNCXA5ID8gmLq5Sok',#18,'Pset_WindowCommon',$,(#256));
#4215=IFCMAPPEDITEM(#4195,#2250);
#4216=IFCSHAPEREPRESENTATION(#86,'Body','MappedRepresentation',(#4215));
#4217=IFCPRODUCTDEFINITIONSHAPE($,$,(#4216));
#4218=IFCCARTESIANPOINT((-9.4749999999998682,-1.8023719725782228,0.));
#4219=IFCAXIS2PLACEMENT3D(#4218,#9,#7);
#4221=IFCWINDOW('2MvJlk$CPA8vs3YvyTYXvM',#18,'A_Fenster - Fix Variabel:100 x 135:307461',$,'A_Fenster - Fix Variabel:100 x 135',#5021,#4217,'307461',2.7999999999999914,0.98789376698172227);
#4222=IFCPROPERTYSET('1BJJCVm_jXeLMVWdgELBMH',#18,'Pset_QuantityTakeOff',$,(#3448));
#4223=IFCPROPERTYSET('08bj3bmHAHhibl2S8I1hI9',#18,'Pset_WindowCommon',$,(#256,#3448));
#4224=IFCRELDEFINESBYPROPERTIES('2Dv233rISgz0p0yRSi8Ubd',#18,$,$,(#4221),#4222);
#4225=IFCRELDEFINESBYPROPERTIES('2SQxN3QOK0an06TOGggWch',#18,$,$,(#4221),#4223);
#4226=IFCQUANTITYLENGTH('Height','',$,2.7999999999999989);
#4227=IFCQUANTITYLENGTH('Width','',$,0.98789376698172326);
#4228=IFCQUANTITYAREA('Area','area measured in geometry',$,2.7661025475488246);
#4229=IFCELEMENTQUANTITY('3_W9aaw6dJ8fI5k9VnkR8H',#18,'BaseQuantities',$,$,(#4226,#4227,#4228));
#4230=IFCRELDEFINESBYPROPERTIES('3Hz4TtfwR$ANhE$ZgpEYio',#18,$,$,(#4221),#4229);
#4231=IFCMAPPEDITEM(#4195,#2250);
#4232=IFCSHAPEREPRESENTATION(#86,'Body','MappedRepresentation',(#4231));
#4233=IFCPRODUCTDEFINITIONSHAPE($,$,(#4232));
#4234=IFCCARTESIANPOINT((-9.4749999999998611,2.1576280274217781,0.));
#4235=IFCAXIS2PLACEMENT3D(#4234,#9,#7);
#4237=IFCWINDOW('2MvJlk$CPA8vs3YvyTYXvr',#18,'A_Fenster - Fix Variabel:100 x 135:307494',$,'A_Fenster - Fix Variabel:100 x 135',#5041,#4233,'307494',2.7999999999999927,0.98789376698172227);
#4238=IFCPROPERTYSET('30zjVG0cGuUFGrTXjI3qbz',#18,'Pset_QuantityTakeOff',$,(#3448));
#4239=IFCPROPERTYSET('15NsyZNfPIvbrr93XHyDcS',#18,'Pset_WindowCommon',$,(#256,#3448));
#4240=IFCRELDEFINESBYPROPERTIES('16r2sdZis2aesjtjlA3k7Z',#18,$,$,(#4237),#4238);
#4241=IFCRELDEFINESBYPROPERTIES('2Zr3N2bxKRi2y6IybmMQqj',#18,$,$,(#4237),#4239);
#4242=IFCQUANTITYLENGTH('Height','',$,2.7999999999999989);
#4243=IFCQUANTITYLENGTH('Width','',$,0.98789376698172326);
#4244=IFCQUANTITYAREA('Area','area measured in geometry',$,2.7661025475488246);
#4245=IFCELEMENTQUANTITY('0Bld_$Bm$uJol3hvETHgFU',#18,'BaseQuantities',$,$,(#4242,#4243,#4244));
#4246=IFCRELDEFINESBYPROPERTIES('2IxdF$GChxBE8f4sQ$tNff',#18,$,$,(#4237),#4245);
#4247=IFCMAPPEDITEM(#4195,#2250);
#4248=IFCSHAPEREPRESENTATION(#86,'Body','MappedRepresentation',(#4247));
#4249=IFCPRODUCTDEFINITIONSHAPE($,$,(#4248));
#4250=IFCCARTESIANPOINT((-9.474999999999854,6.3776280274217783,0.));
#4251=IFCAXIS2PLACEMENT3D(#4250,#9,#7);
#4253=IFCWINDOW('2MvJlk$CPA8vs3YvyTYXuK',#18,'A_Fenster - Fix Variabel:100 x 135:307527',$,'A_Fenster - Fix Variabel:100 x 135',#5061,#4249,'307527',2.7999999999999936,0.98789376698172282);
#4254=IFCPROPERTYSET('1jsxEeMXuIAATPrKDLLL2K',#18,'Pset_QuantityTakeOff',$,(#3448));
#4255=IFCPROPERTYSET('2kpBU9AndcZv7QwXf6Ws57',#18,'Pset_WindowCommon',$,(#256,#3448));
#4256=IFCRELDEFINESBYPROPERTIES('1DAYTRVUIpWAsylDAuVm_T',#18,$,$,(#4253),#4254);
#4257=IFCRELDEFINESBYPROPERTIES('2zvGDh_Obx88CzoE$zn6nx',#18,$,$,(#4253),#4255);
#4258=IFCQUANTITYLENGTH('Height','',$,2.7999999999999989);
#4259=IFCQUANTITYLENGTH('Width','',$,0.98789376698172326);
#4260=IFCQUANTITYAREA('Area','area measured in geometry',$,2.7661025475488246);
#4261=IFCELEMENTQUANTITY('3Z8TP4$vyz80J5ESFP9usX',#18,'BaseQuantities',$,$,(#4258,#4259,#4260));
#4262=IFCRELDEFINESBYPROPERTIES('19MG7hRGrf$9HCbg4zu2wb',#18,$,$,(#4253),#4261);
#4263=IFCMAPPEDITEM(#4195,#2250);
#4264=IFCSHAPEREPRESENTATION(#86,'Body','MappedRepresentation',(#4263));
#4265=IFCPRODUCTDEFINITIONSHAPE($,$,(#4264));
#4266=IFCCARTESIANPOINT((-9.4749999999998487,10.617628027421778,0.));
#4267=IFCAXIS2PLACEMENT3D(#4266,#9,#7);
#4269=IFCWINDOW('2MvJlk$CPA8vs3YvyTYXux',#18,'A_Fenster - Fix Variabel:100 x 135:307560',$,'A_Fenster - Fix Variabel:100 x 135',#5081,#4265,'307560',2.7999999999999936,0.98789376698172171);
#4270=IFCPROPERTYSET('22dS3yLntoyvJCip8OARmx',#18,'Pset_QuantityTakeOff',$,(#3448));
#4271=IFCPROPERTYSET('2TgtjjJBF5r59awoKIAR3r',#18,'Pset_WindowCommon',$,(#256,#3448));
#4272=IFCRELDEFINESBYPROPERTIES('0C0Kr5HHAybB9NQ6jmVt6z',#18,$,$,(#4269),#4270);
#4273=IFCRELDEFINESBYPROPERTIES('0K3gZPQQ3uJ81QDRoxqtl7',#18,$,$,(#4269),#4271);
#4274=IFCQUANTITYLENGTH('Height','',$,2.7999999999999989);
#4275=IFCQUANTITYLENGTH('Width','',$,0.98789376698172326);
#4276=IFCQUANTITYAREA('Area','area measured in geometry',$,2.7661025475488246);
#4277=IFCELEMENTQUANTITY('3DQEAF0aAdoDeiBevqLjc_',#18,'BaseQuantities',$,$,(#4274,#4275,#4276));
#4278=IFCRELDEFINESBYPROPERTIES('00t1fbdSyrQBmrO7QxcRj_',#18,$,$,(#4269),#4277);
#4279=IFCCARTESIANPOINT((0.,-1.4780000000000733,0.));
#4280=IFCAXIS2PLACEMENT3D(#4279,#9,#8);
#4281=IFCLOCALPLACEMENT(#108,#4280);
#4282=IFCCARTESIANPOINT((5.5969999999999596,-0.));
#4283=IFCPOLYLINE((#4,#4282));
#4284=IFCSHAPEREPRESENTATION(#85,'Axis','Curve2D',(#4283));
#4285=IFCCARTESIANPOINT((2.7984999999999798,0.));
#4286=IFCAXIS2PLACEMENT2D(#4285,#12);
#4287=IFCRECTANGLEPROFILEDEF(.AREA.,$,#4286,5.5969999999999596,0.12799999999999997);
#4288=IFCAXIS2PLACEMENT3D(#3,$,$);
#4289=IFCEXTRUDEDAREASOLID(#4287,#4288,#9,3.2100000000000022);
#4290=IFCSTYLEDITEM(#4289,(#948),$);
#4291=IFCSHAPEREPRESENTATION(#86,'Body','SweptSolid',(#4289));
#4292=IFCPRODUCTDEFINITIONSHAPE($,$,(#4284,#4291));
#4293=IFCWALLSTANDARDCASE('1jHctwMgP4HRD_gCB0MIw9',#18,'Basiswand:Interior - 126mm Partition (2-hr):310045',$,'Basiswand:Interior - 126mm Partition (2-hr)',#4281,#4292,'310045');
#4294=IFCCARTESIANPOINT((-5.5511151231257827E-16,6.9388939039072284E-18));
#4295=IFCAXIS2PLACEMENT2D(#4294,#11);
#4296=IFCRECTANGLEPROFILEDEF(.AREA.,'Interior - 126mm Partition (2-hr)',#4295,3.2100000000000009,0.128);
#4297=IFCCARTESIANPOINT((1.94999999999994,0.,1.6050000000000022));
#4298=IFCAXIS2PLACEMENT3D(#4297,#6,#9);
#4299=IFCEXTRUDEDAREASOLID(#4296,#4298,#9,0.12800000000000014);
#4300=IFCSHAPEREPRESENTATION(#86,'Body','SweptSolid',(#4299));
#4301=IFCPRODUCTDEFINITIONSHAPE($,$,(#4300));
#4302=IFCLOCALPLACEMENT(#108,#4280);
#4303=IFCOPENINGELEMENT('14RNOs6SRlswOCP2jKbchL',#18,'Basiswand:Interior - 126mm Partition (2-hr):310045:1',$,'Opening',#4302,#4301,'310045');
#4304=IFCRELVOIDSELEMENT('3WIDnpr3zepVt$yi_u79cB',#18,$,$,#4293,#4303);
#4305=IFCQUANTITYLENGTH('Height',$,$,3.2100000000000022);
#4306=IFCQUANTITYLENGTH('Length',$,$,5.5969999999999596);
#4307=IFCQUANTITYLENGTH('Width',$,$,0.12799999999999997);
#4308=IFCQUANTITYAREA('GrossFootprintArea',$,$,0.71641599999999472);
#4309=IFCQUANTITYVOLUME('GrossVolume',$,$,2.247102719999984);
#4310=IFCQUANTITYAREA('GrossSideArea',$,$,17.555489999999878);
#4311=IFCQUANTITYAREA('NetSideArea',$,$,17.555489999999875);
#4312=IFCQUANTITYVOLUME('NetVolume',$,$,2.2471027199999862);
#4313=IFCELEMENTQUANTITY('0tjsEPObRJ6vkYKS6CyZqa',#18,'BaseQuantities',$,$,(#4305,#4306,#4307,#4308,#4309,#4310,#4311,#4312));
#4314=IFCRELDEFINESBYPROPERTIES('2Ro87314g3Hh3WeAStEf2i',#18,$,$,(#4293),#4313);
#4315=IFCPROPERTYSET('3CGY6L0x$XI9Vh1n$vajzZ',#18,'Pset_QuantityTakeOff',$,(#984));
#4316=IFCPROPERTYSINGLEVALUE('Reference',$,IFCLABEL('Interior - 126mm Partition (2-hr)'),$);
#4317=IFCPROPERTYSET('04a$loC2rwVHTDghH3n0kQ',#18,'Pset_ReinforcementBarPitchOfWall',$,(#4316));
#4318=IFCPROPERTYSET('1hj7bi6bQfHUBDBiXMWy_N',#18,'Pset_WallCommon',$,(#173,#256,#984,#989));
#4319=IFCPROPERTYSET('3iNvH6D$kb4bYjT6bMdHx5',#18,'Pset_OpeningElementCommon',$,(#984));
#4320=IFCPROPERTYSET('1VXc8IL0xpiS921n3mL6wi',#18,'Pset_QuantityTakeOff',$,(#984));
#4321=IFCRELDEFINESBYPROPERTIES('2efbAs9G0QBLpFFudlT5PK',#18,$,$,(#4293),#4315);
#4322=IFCRELDEFINESBYPROPERTIES('1nTEtenwnX82rupwrfJxn4',#18,$,$,(#4293),#4317);
#4323=IFCRELDEFINESBYPROPERTIES('3AF0PF_kWxJ2CxnHE4E31o',#18,$,$,(#4293),#4318);
#4324=IFCRELDEFINESBYPROPERTIES('0CwFfqCffVx7cuAqnVkAvC',#18,$,$,(#4303),#4319);
#4325=IFCRELDEFINESBYPROPERTIES('2GW7bfOkjAnF4LGn3NGoWo',#18,$,$,(#4303),#4320);
#4326=IFCCARTESIANPOINT((7.5055456652501302,-3.4140000000000459,0.));
#4327=IFCAXIS2PLACEMENT3D(#4326,$,$);
#4328=IFCLOCALPLACEMENT(#108,#4327);
#4329=IFCCARTESIANPOINT((5.3889086695007684,0.));
#4330=IFCPOLYLINE((#4,#4329));
#4331=IFCSHAPEREPRESENTATION(#85,'Axis','Curve2D',(#4330));
#4332=IFCCARTESIANPOINT((2.6944543347503842,4.8572257327350599E-17));
#4333=IFCAXIS2PLACEMENT2D(#4332,#12);
#4334=IFCRECTANGLEPROFILEDEF(.AREA.,$,#4333,5.3889086695007684,0.12800000000000014);
#4335=IFCAXIS2PLACEMENT3D(#3,$,$);
#4336=IFCEXTRUDEDAREASOLID(#4334,#4335,#9,3.2100000000000022);
#4337=IFCSTYLEDITEM(#4336,(#948),$);
#4338=IFCSHAPEREPRESENTATION(#86,'Body','SweptSolid',(#4336));
#4339=IFCPRODUCTDEFINITIONSHAPE($,$,(#4331,#4338));
#4340=IFCWALLSTANDARDCASE('0L2CeanzvCTfFwP6gGxDVs',#18,'Basiswand:Interior - 126mm Partition (2-hr):310469',$,'Basiswand:Interior - 126mm Partition (2-hr)',#4328,#4339,'310469');
#4341=IFCCARTESIANPOINT((-5.5511151231257827E-16,0.));
#4342=IFCAXIS2PLACEMENT2D(#4341,#11);
#4343=IFCRECTANGLEPROFILEDEF(.AREA.,'Interior - 126mm Partition (2-hr)',#4342,3.2100000000000009,0.12800000000000014);
#4344=IFCCARTESIANPOINT((2.6304543347499951,0.,1.6050000000000011));
#4345=IFCAXIS2PLACEMENT3D(#4344,#5,#10);
#4346=IFCEXTRUDEDAREASOLID(#4343,#4345,#9,0.12799999999999906);
#4347=IFCSHAPEREPRESENTATION(#86,'Body','SweptSolid',(#4346));
#4348=IFCPRODUCTDEFINITIONSHAPE($,$,(#4347));
#4349=IFCLOCALPLACEMENT(#108,#4327);
#4350=IFCOPENINGELEMENT('2dQotOvdO_kUZruAJreCuQ',#18,'Basiswand:Interior - 126mm Partition (2-hr):310469:1',$,'Opening',#4349,#4348,'310469');
#4351=IFCRELVOIDSELEMENT('3lBqLFturGmL7e2rrYnLab',#18,$,$,#4340,#4350);
#4352=IFCQUANTITYLENGTH('Height',$,$,3.2100000000000022);
#4353=IFCQUANTITYLENGTH('Length',$,$,5.3889086695007684);
#4354=IFCQUANTITYLENGTH('Width',$,$,0.12799999999999997);
#4355=IFCQUANTITYAREA('GrossFootprintArea',$,$,0.68978030969609905);
#4356=IFCQUANTITYVOLUME('GrossVolume',$,$,2.1616021541244761);
#4357=IFCQUANTITYAREA('GrossSideArea',$,$,16.887516829097471);
#4358=IFCQUANTITYAREA('NetSideArea',$,$,16.887516829097471);
#4359=IFCQUANTITYVOLUME('NetVolume',$,$,2.1616021541244779);
#4360=IFCELEMENTQUANTITY('07kjLz11zmKArQlTW33L2m',#18,'BaseQuantities',$,$,(#4352,#4353,#4354,#4355,#4356,#4357,#4358,#4359));
#4361=IFCRELDEFINESBYPROPERTIES('2R1lm34mMT3crTJHEtxLGk',#18,$,$,(#4340),#4360);
#4362=IFCPROPERTYSET('1ikGgchf7DlfDf4rBK2oA3',#18,'Pset_QuantityTakeOff',$,(#984));
#4363=IFCPROPERTYSINGLEVALUE('Reference',$,IFCLABEL('Interior - 126mm Partition (2-hr)'),$);
#4364=IFCPROPERTYSET('36iHytUfPcF7fUD$Gk1vO5',#18,'Pset_ReinforcementBarPitchOfWall',$,(#4363));
#4365=IFCPROPERTYSET('0G1VqdPUT4VbUEb4wZJYqT',#18,'Pset_WallCommon',$,(#173,#256,#984,#989));
#4366=IFCPROPERTYSET('0awOb4hy4oAty80aHn7E43',#18,'Pset_OpeningElementCommon',$,(#984));
#4367=IFCPROPERTYSET('0hwxtf5qsjFXiadORIlmMM',#18,'Pset_QuantityTakeOff',$,(#984));
#4368=IFCRELDEFINESBYPROPERTIES('07GWOst4_hRenw1Bdur$Gk',#18,$,$,(#4340),#4362);
#4369=IFCRELDEFINESBYPROPERTIES('3OBeG0VJcTdb8q6GvXjZlw',#18,$,$,(#4340),#4364);
#4370=IFCRELDEFINESBYPROPERTIES('0TmJMXJzp9PlDG06XYhr4m',#18,$,$,(#4340),#4365);
#4371=IFCRELDEFINESBYPROPERTIES('3n8vXUbWJY3ImpX$czCPAT',#18,$,$,(#4350),#4366);
#4372=IFCRELDEFINESBYPROPERTIES('0FaejGGdYGFRUDeJIbokw_',#18,$,$,(#4350),#4367);
#4373=IFCCARTESIANPOINT((8.2399365108898337E-18,0.));
#4374=IFCAXIS2PLACEMENT2D(#4373,#11);
#4375=IFCRECTANGLEPROFILEDEF(.AREA.,'5850 x 3610mm 2',#4374,0.011999999999999997,5.7239999999999913);
#4376=IFCCARTESIANPOINT((2.9250000000000056,0.30900000000000932,0.062999999999985276));
#4377=IFCAXIS2PLACEMENT3D(#4376,#9,#8);
#4378=IFCEXTRUDEDAREASOLID(#4375,#4377,#9,3.4840000000000022);
#4379=IFCCARTESIANPOINT((-2.9059999999999979,-1.786));
#4380=IFCCARTESIANPOINT((2.9059999999999979,-1.786));
#4381=IFCCARTESIANPOINT((2.9059999999999979,1.786));
#4382=IFCCARTESIANPOINT((-2.9059999999999979,1.786));
#4383=IFCPOLYLINE((#4379,#4380,#4381,#4382,#4379));
#4384=IFCCARTESIANPOINT((-2.861999999999997,-1.7420000000000009));
#4385=IFCCARTESIANPOINT((-2.861999999999997,1.7420000000000013));
#4386=IFCCARTESIANPOINT((2.8619999999999952,1.7420000000000013));
#4387=IFCCARTESIANPOINT((2.8619999999999952,-1.7420000000000009));
#4388=IFCPOLYLINE((#4384,#4385,#4386,#4387,#4384));
#4389=IFCARBITRARYPROFILEDEFWITHVOIDS(.AREA.,'5850 x 3610mm 2',#4383,(#4388));
#4390=IFCCARTESIANPOINT((2.925000000000006,0.28699999999998199,1.8049999999999866));
#4391=IFCAXIS2PLACEMENT3D(#4390,#7,#5);
#4392=IFCEXTRUDEDAREASOLID(#4389,#4391,#9,0.044000000000027441);
#4393=IFCCARTESIANPOINT((-2.9249999999999976,-1.8049999999999946));
#4394=IFCCARTESIANPOINT((2.9249999999999976,-1.8049999999999946));
#4395=IFCCARTESIANPOINT((2.9249999999999976,1.8049999999999946));
#4396=IFCCARTESIANPOINT((-2.9249999999999976,1.8049999999999946));
#4397=IFCPOLYLINE((#4393,#4394,#4395,#4396,#4393));
#4398=IFCCARTESIANPOINT((-2.9059999999999988,-1.7859999999999796));
#4399=IFCCARTESIANPOINT((-2.9059999999999988,1.7860000000000207));
#4400=IFCCARTESIANPOINT((2.9059999999999966,1.7860000000000207));
#4401=IFCCARTESIANPOINT((2.9059999999999966,-1.7859999999999796));
#4402=IFCPOLYLINE((#4398,#4399,#4400,#4401,#4398));
#4403=IFCARBITRARYPROFILEDEFWITHVOIDS(.AREA.,'5850 x 3610mm 2',#4397,(#4402));
#4404=IFCCARTESIANPOINT((2.9250000000000069,0.28699999999998199,1.805000000000007));
#4405=IFCAXIS2PLACEMENT3D(#4404,#7,#5);
#4406=IFCEXTRUDEDAREASOLID(#4403,#4405,#9,0.063000000000027451);
#4407=IFCCARTESIANPOINT((-2.9249999999999976,-1.8049999999999942));
#4408=IFCCARTESIANPOINT((2.9249999999999976,-1.8049999999999942));
#4409=IFCCARTESIANPOINT((2.9249999999999976,1.8049999999999942));
#4410=IFCCARTESIANPOINT((-2.9249999999999976,1.8049999999999942));
#4411=IFCPOLYLINE((#4407,#4408,#4409,#4410,#4407));
#4412=IFCCARTESIANPOINT((-2.8929999999999962,-1.7729999999999808));
#4413=IFCCARTESIANPOINT((-2.8929999999999976,1.7730000000000188));
#4414=IFCCARTESIANPOINT((2.892999999999998,1.7730000000000188));
#4415=IFCCARTESIANPOINT((2.892999999999998,-1.7729999999999808));
#4416=IFCPOLYLINE((#4412,#4413,#4414,#4415,#4412));
#4417=IFCARBITRARYPROFILEDEFWITHVOIDS(.AREA.,'5850 x 3610mm 2',#4411,(#4416));
#4418=IFCCARTESIANPOINT((2.9250000000000074,0.,1.8050000000000066));
#4419=IFCAXIS2PLACEMENT3D(#4418,#7,#5);
#4420=IFCEXTRUDEDAREASOLID(#4417,#4419,#9,0.2869999999999725);
#4421=IFCSTYLEDITEM(#4378,(#3426),$);
#4422=IFCCOLOURRGB($,0.53333333333333333,0.38823529411764707,0.21568627450980393);
#4423=IFCSURFACESTYLERENDERING(#4422,0.,$,$,$,$,IFCNORMALISEDRATIOMEASURE(0.5),IFCSPECULAREXPONENT(128.),.NOTDEFINED.);
#4424=IFCSURFACESTYLE('Sash',.BOTH.,(#4423));
#4425=IFCPRESENTATIONSTYLEASSIGNMENT((#4424));
#4426=IFCSTYLEDITEM(#4392,(#4425),$);
#4427=IFCSTYLEDITEM(#4406,(#4425),$);
#4428=IFCSTYLEDITEM(#4420,(#4425),$);
#4429=IFCSHAPEREPRESENTATION(#86,'Body','SweptSolid',(#4378,#4392,#4406,#4420));
#4430=IFCAXIS2PLACEMENT3D(#3,$,$);
#4431=IFCREPRESENTATIONMAP(#4430,#4429);
#4432=IFCWINDOWLININGPROPERTIES('28eH6c5m12lxEkYVwwz1i3',#18,'M_Fixed:5850 x 3610mm 2:319566',$,$,$,$,$,$,$,$,$,$);
#4433=IFCWINDOWSTYLE('0TSBbazmvd8JqamtH6PV_h',#18,'M_Fixed:5850 x 3610mm 2',$,$,(#4432,#4456),(#4431),'318670',.NOTDEFINED.,.NOTDEFINED.,.F.,.F.);
#4434=IFCMATERIAL('Sash');
#4435=IFCPRESENTATIONSTYLEASSIGNMENT((#4424));
#4436=IFCSTYLEDITEM($,(#4435),$);
#4437=IFCSTYLEDREPRESENTATION(#84,'Style','Material',(#4436));
#4438=IFCMATERIALDEFINITIONREPRESENTATION($,$,(#4437),#4434);
#4439=IFCMATERIALLIST((#3435,#4434));
#4440=IFCMAPPEDITEM(#4431,#2250);
#4441=IFCSHAPEREPRESENTATION(#86,'Body','MappedRepresentation',(#4440));
#4442=IFCPRODUCTDEFINITIONSHAPE($,$,(#4441));
#4443=IFCCARTESIANPOINT((18.215553013390078,6.075000000010002,0.));
#4444=IFCAXIS2PLACEMENT3D(#4443,#9,#8);
#4445=IFCLOCALPLACEMENT(#108,#4444);
#4446=IFCWINDOW('28eH6c5m12lxEkYV_wz1i3',#18,'M_Fixed:5850 x 3610mm 2:319566',$,'M_Fixed:5850 x 3610mm 2',#4445,#4442,'319566',3.6100000000000025,5.850000000000005);
#4447=IFCPROPERTYSET('2ZAGrBkFmym4_b3DHjcJgV',#18,'Pset_QuantityTakeOff',$,(#566));
#4448=IFCPROPERTYSET('1gc8CkyM8cr7vMCyLu5bFC',#18,'Pset_WindowCommon',$,(#172,#566));
#4449=IFCRELDEFINESBYPROPERTIES('2AmkbVuAMS_1hhZk$cQgAK',#18,$,$,(#4446),#4447);
#4450=IFCRELDEFINESBYPROPERTIES('36ryYP6hgbt4psOHL6A0Qc',#18,$,$,(#4446),#4448);
#4451=IFCQUANTITYLENGTH('Height','',$,3.6099999999999994);
#4452=IFCQUANTITYLENGTH('Width','',$,5.8499999999999988);
#4453=IFCQUANTITYAREA('Area','area measured in geometry',$,21.118499999999994);
#4454=IFCELEMENTQUANTITY('2WWaPT8mIgnQ1e$qA$60AA',#18,'BaseQuantities',$,$,(#4451,#4452,#4453));
#4455=IFCRELDEFINESBYPROPERTIES('1JDOXfkyhBy0A14Xxrd_Jl',#18,$,$,(#4446),#4454);
#4456=IFCPROPERTYSET('2i06TEemOKGRMmtBOHTSJZ',#18,'Pset_WindowCommon',$,(#256));
#4457=IFCPROPERTYSINGLEVALUE('Name',$,IFCLABEL('Level -1'),$);
#4458=IFCPROPERTYSET('3psRk19WRn9uc685ng2I9i',#18,'Pset_AirSideSystemInformation',$,(#4457));
#4459=IFCPROPERTYSINGLEVALUE('AboveGround',$,IFCLOGICAL(.U.),$);
#4460=IFCPROPERTYSET('19qHV_wdxNdc2liv1qoFry',#18,'Pset_BuildingStoreyCommon',$,(#4459));
#4461=IFCPROPERTYSINGLEVALUE('Name',$,IFCLABEL('Level -1'),$);
#4462=IFCPROPERTYSET('0u1fycusIJxLHqfoZ7pivp',#18,'Pset_ProductRequirements',$,(#4461));
#4463=IFCRELDEFINESBYPROPERTIES('1LkxuJQoGbXdwjfgZBzFvy',#18,$,$,(#98),#4458);
#4464=IFCRELDEFINESBYPROPERTIES('0pv0rFyu_Oyf8SZbi3bPX1',#18,$,$,(#98),#4460);
#4465=IFCRELDEFINESBYPROPERTIES('0Vur6r64SS45ZLVmE9wbdI',#18,$,$,(#98),#4462);
#4466=IFCPROPERTYSINGLEVALUE('Name',$,IFCLABEL('Level 0'),$);
#4467=IFCPROPERTYSET('1mfmS$cHJ60sI6X4_SBqYc',#18,'Pset_AirSideSystemInformation',$,(#4466));
#4468=IFCPROPERTYSET('0YVBu0eogABedARibQfE8b',#18,'Pset_BuildingStoreyCommon',$,(#4459));
#4469=IFCPROPERTYSINGLEVALUE('Name',$,IFCLABEL('Level 0'),$);
#4470=IFCPROPERTYSET('3lrH3VJ9dRJoBaH1O7_s7J',#18,'Pset_ProductRequirements',$,(#4469));
#4471=IFCRELDEFINESBYPROPERTIES('0WkoD58sbysmQf7PY0gO9G',#18,$,$,(#101),#4467);
#4472=IFCRELDEFINESBYPROPERTIES('27HmAJwXsme0gA8iRg$Eul',#18,$,$,(#101),#4468);
#4473=IFCRELDEFINESBYPROPERTIES('0lfMzHTtoP7hI1yXDl97_Z',#18,$,$,(#101),#4470);
#4474=IFCPROPERTYSINGLEVALUE('Name',$,IFCLABEL('Level 1'),$);
#4475=IFCPROPERTYSET('0xp67m68iyKOQ8ZI7H2_Ho',#18,'Pset_AirSideSystemInformation',$,(#4474));
#4476=IFCPROPERTYSET('1c_2oOCqr4SEA1yQPIIwk3',#18,'Pset_BuildingStoreyCommon',$,(#4459));
#4477=IFCPROPERTYSINGLEVALUE('Name',$,IFCLABEL('Level 1'),$);
#4478=IFCPROPERTYSET('2z50S0oCqkvu0x0Q_rXGqs',#18,'Pset_ProductRequirements',$,(#4477));
#4479=IFCRELDEFINESBYPROPERTIES('020U52ehm6tzTd__6jHob_',#18,$,$,(#105),#4475);
#4480=IFCRELDEFINESBYPROPERTIES('2NEmZloI56_iIMqH4jNDXM',#18,$,$,(#105),#4476);
#4481=IFCRELDEFINESBYPROPERTIES('3HE2elBAjsPFOpwX3aevyL',#18,$,$,(#105),#4478);
#4482=IFCPROPERTYSINGLEVALUE('Name',$,IFCLABEL('Level 2'),$);
#4483=IFCPROPERTYSET('1WDwM26u1i9rXviyvT1Z0C',#18,'Pset_AirSideSystemInformation',$,(#4482));
#4484=IFCPROPERTYSET('2HJb45NjU5$u_QXstBakgF',#18,'Pset_BuildingStoreyCommon',$,(#4459));
#4485=IFCPROPERTYSINGLEVALUE('Name',$,IFCLABEL('Level 2'),$);
#4486=IFCPROPERTYSET('1mzN7EG5Ba6eZbZlmzTHIi',#18,'Pset_ProductRequirements',$,(#4485));
#4487=IFCRELDEFINESBYPROPERTIES('0cz1RFiGJ6hkp2NAlrtgnD',#18,$,$,(#109),#4483);
#4488=IFCRELDEFINESBYPROPERTIES('08Gb1uAZ5gM5mpvOxXqz_Y',#18,$,$,(#109),#4484);
#4489=IFCRELDEFINESBYPROPERTIES('0nseUDLq5JUnM_PEh6$8VZ',#18,$,$,(#109),#4486);
#4490=IFCRELCONTAINEDINSPATIALSTRUCTURE('15d0a9rIvCGAczFaUngxrZ',#18,$,$,(#139,#195,#232,#276,#308,#340,#372,#404,#436,#468,#500,#532,#704,#736,#768,#811,#860,#903,#952,#1025,#1068,#1112,#1155,#1203,#1252,#1299,#1348,#1391,#1434,#1477,#1542,#1587,#1631,#1676,#1720,#1769,#1816,#1863,#1908,#1953,#1996,#2041,#2086,#2129,#2172,#2257,#2275,#2332,#2391,#2408,#2424,#2481,#2499,#2556,#2573,#2589,#2605,#2621,#2637,#2653,#2669,#2685,#2701,#2725,#2770,#2810,#2865,#2923,#2940,#2975,#2999,#3015,#3072,#3089,#3105,#3121,#3158,#3201,#3225,#3262,#3286,#3302,#3318,#3334,#3350,#3385,#3447,#3492,#3536,#3580,#3597,#3613,#3656,#3700,#3744,#3761,#3804,#3821,#3864,#3908,#3952,#3969,#4012,#4056,#4073,#4116,#4160,#4204,#4221,#4237,#4253,#4269,#4293,#4340,#4446),#109);
#4491=IFCPROPERTYSINGLEVALUE('Name',$,IFCLABEL('Level 3'),$);
#4492=IFCPROPERTYSET('356TaaLygIJiGq0rFLgLBj',#18,'Pset_AirSideSystemInformation',$,(#4491));
#4493=IFCPROPERTYSET('23M3PzKrp7B6e1W7acd1_j',#18,'Pset_BuildingStoreyCommon',$,(#4459));
#4494=IFCPROPERTYSINGLEVALUE('Name',$,IFCLABEL('Level 3'),$);
#4495=IFCPROPERTYSET('1OWpRxZ9G6RdYS$g58x3Nj',#18,'Pset_ProductRequirements',$,(#4494));
#4496=IFCRELDEFINESBYPROPERTIES('0kzf3GOV6OkCwgqlwV77_W',#18,$,$,(#113),#4492);
#4497=IFCRELDEFINESBYPROPERTIES('1LKRjiZjvS65UxkC0rbUmC',#18,$,$,(#113),#4493);
#4498=IFCRELDEFINESBYPROPERTIES('1xaTnnlXWXvmu0h9GrNlN_',#18,$,$,(#113),#4495);
#4499=IFCRELCONTAINEDINSPATIALSTRUCTURE('15d0a9rIvCGAczFaUngxnO',#18,$,$,(#624,#625),#113);
#4500=IFCPROPERTYSINGLEVALUE('Name',$,IFCLABEL('Level 4'),$);
#4501=IFCPROPERTYSET('2ko9yrh_HQOudRSsP9X0us',#18,'Pset_AirSideSystemInformation',$,(#4500));
#4502=IFCPROPERTYSET('1$oq8$X6RA91E82QpK3SWP',#18,'Pset_BuildingStoreyCommon',$,(#4459));
#4503=IFCPROPERTYSINGLEVALUE('Name',$,IFCLABEL('Level 4'),$);
#4504=IFCPROPERTYSET('3KaFDIzWzlrmTc3LQOIqGI',#18,'Pset_ProductRequirements',$,(#4503));
#4505=IFCRELDEFINESBYPROPERTIES('0PeK6xGNMGlZLYSQcRTFaU',#18,$,$,(#117),#4501);
#4506=IFCRELDEFINESBYPROPERTIES('21Xhn1w1O8VPqPs5gkiR3W',#18,$,$,(#117),#4502);
#4507=IFCRELDEFINESBYPROPERTIES('3Rg1VSaZvPI087tK4_Go9n',#18,$,$,(#117),#4504);
#4508=IFCRELAGGREGATES('2_IuFyhTa$q1ve9DbOyvF_',#18,$,$,#89,(#120));
#4509=IFCRELAGGREGATES('1MEG15xYwC4EmD9RkHr20_',#18,$,$,#120,(#94));
#4510=IFCRELAGGREGATES('3ioAY2VOL1QOEtMGyzl4Rh',#18,$,$,#94,(#98,#101,#105,#109,#113,#117));
#4511=IFCPROPERTYSINGLEVALUE('NumberOfStoreys',$,IFCINTEGER(2),$);
#4512=IFCPROPERTYSINGLEVALUE('IsLandmarked',$,IFCLOGICAL(.U.),$);
#4513=IFCPROPERTYSET('0k3jNO4IkVkPpdbBKdWdYX',#18,'Pset_BuildingCommon',$,(#4511,#4512));
#4514=IFCRELDEFINESBYPROPERTIES('1uRVh757R7L3Jbqo_3KnpW',#18,$,$,(#94),#4513);
#4515=IFCRELASSOCIATESMATERIAL('37ZGFrkjqPzBEhQoY0uYd$',#18,$,$,(#139,#468,#500,#532),#166);
#4516=IFCRELASSOCIATESMATERIAL('3X9ZzWZvOmopuq07tmgOBH',#18,$,$,(#195,#704,#736,#768),#206);
#4517=IFCRELASSOCIATESMATERIAL('0V61CQ16oD$AG8m9zwJ7UC',#18,$,$,(#232,#276,#308,#340,#372,#404,#436,#2725,#2770),#250);
#4518=IFCRELASSOCIATESMATERIAL('3F_MDSspB$RRkFkOE5GDoO',#18,$,$,(#624,#625),#652);
#4519=IFCRELASSOCIATESMATERIAL('1YiA5XEVSgY2xvfKp5m1dL',#18,$,$,(#811,#860,#903),#824);
#4520=IFCRELASSOCIATESMATERIAL('3cKbQHHY0DlfJT7wll_C9J',#18,$,$,(#952,#1025,#1203,#1348,#1542,#1631,#1676,#3158,#3201,#3262,#3385),#982);
#4521=IFCRELASSOCIATESMATERIAL('0RWUaMcgGfKwHXyCM431wY',#18,$,$,(#1068,#1112,#1155,#1252,#1299,#1391,#1434,#1477,#1587,#1720,#1769,#1816,#1863,#1908,#1953,#1996,#2041,#2086,#2129,#2172,#2975,#4293,#4340),#1079);
#4522=IFCRELASSOCIATESMATERIAL('2pIB8D9QI272zZfrXMDdJY',#18,$,$,(#2238,#2257,#2275,#2325,#2332,#2384,#2391,#2408,#2424,#2474,#2481,#2499,#2549,#2556,#2573,#2589,#2605,#2621,#2637,#2653,#2669,#2685,#2701,#2858,#2865,#2916,#2923,#2940,#2999,#3015,#3065,#3072,#3089,#3105,#3121,#3225,#3286,#3302,#3318,#3334,#3350),#2249);
#4523=IFCRELASSOCIATESMATERIAL('3WWFhVcTrmzFG9Uv9xicQT',#18,$,$,(#3433,#3447,#3485,#3492,#3529,#3536,#3573,#3580,#3597,#3613,#3649,#3656,#3693,#3700,#3737,#3744,#3761,#3797,#3804,#3821,#3857,#3864,#3901,#3908,#3945,#3952,#3969,#4005,#4012,#4049,#4056,#4073,#4109,#4116,#4153,#4160,#4197,#4204,#4221,#4237,#4253,#4269),#3440);
#4524=IFCRELASSOCIATESMATERIAL('2BG$BOpTap2ygBTIVS_8Mu',#18,$,$,(#4433,#4446),#4439);
#4525=IFCRELASSOCIATESMATERIAL('0hkVpe5oH$Rsxq0LRgM6d5',#18,$,$,(#167),#165);
#4526=IFCRELASSOCIATESMATERIAL('0UgQHqVb9CUZmh4xFS8CVC',#18,$,$,(#251),#249);
#4527=IFCRELASSOCIATESMATERIAL('1JcPHr7LgqArXaZtDVbnqQ',#18,$,$,(#626),#651);
#4528=IFCRELASSOCIATESMATERIAL('0UtnGWRWidp$aZIJ7u80mU',#18,$,$,(#825),#823);
#4529=IFCRELASSOCIATESMATERIAL('3mO5y6s3D6rB2bVPzeHMlz',#18,$,$,(#983),#981);
#4530=IFCRELDEFINESBYTYPE('22sdtZ1IR2MI_GegNR871G',#18,$,$,(#139,#195,#468,#500,#532,#704,#736,#768),#167);
#4531=IFCRELDEFINESBYTYPE('08wJTYkPxzrACpQ0nWfhUB',#18,$,$,(#232,#276,#308,#340,#372,#404,#436,#2725,#2770,#2810),#251);
#4532=IFCRELDEFINESBYTYPE('2arEeDgEquy6PQafdl69kP',#18,$,$,(#624,#625),#626);
#4533=IFCRELDEFINESBYTYPE('2hAQF_kXuBudUPUbvPyosl',#18,$,$,(#811,#860,#903),#825);
#4534=IFCRELDEFINESBYTYPE('075Hy9zyVDo2gQm7ypvQEB',#18,$,$,(#952,#1025,#1068,#1112,#1155,#1203,#1252,#1299,#1348,#1391,#1434,#1477,#1542,#1587,#1631,#1676,#1720,#1769,#1816,#1863,#1908,#1953,#1996,#2041,#2086,#2129,#2172,#2975,#3158,#3201,#3262,#3385,#4293,#4340),#983);
#4535=IFCRELDEFINESBYTYPE('18V241UrfdMi45iRqi7NS3',#18,$,$,(#2257,#2275),#2238);
#4536=IFCRELDEFINESBYTYPE('1uBUA3hjGXHs_j4O2xNnZw',#18,$,$,(#2332,#2424),#2325);
#4537=IFCRELDEFINESBYTYPE('1VOrIvVFb5ChSxtrLGpiVg',#18,$,$,(#2391,#2408,#3334),#2384);
#4538=IFCRELDEFINESBYTYPE('3UDija0RA7zLcQ90YtKpEo',#18,$,$,(#2481,#2499,#2605,#2637,#2669,#2701,#2999,#3015,#3089,#3286,#3350),#2474);
#4539=IFCRELDEFINESBYTYPE('2RXy330g7v8X7WutQqGpJB',#18,$,$,(#2556,#2573,#2589,#2621,#2653,#2685,#3225),#2549);
#4540=IFCRELDEFINESBYTYPE('1RDf7NxB8tuF8MSHR4DJY1',#18,$,$,(#2865,#2940,#3105,#3302,#3318),#2858);
#4541=IFCRELDEFINESBYTYPE('0qK2Oo5Pbi4Ec1ul0tmIjK',#18,$,$,(#2923,#3121),#2916);
#4542=IFCRELDEFINESBYTYPE('3UrUXNIkuVurTk6dA_0yfF',#18,$,$,(#3072),#3065);
#4543=IFCRELDEFINESBYTYPE('08iGVwqo0w$WRQ0m5w2bHS',#18,$,$,(#3447),#3433);
#4544=IFCRELDEFINESBYTYPE('0p4WplkXtV84uMPvxiTFQ8',#18,$,$,(#3492),#3485);
#4545=IFCRELDEFINESBYTYPE('2A8yCC9zo_Gv1Ww31eKgCu',#18,$,$,(#3536,#3597,#3761,#3821),#3529);
#4546=IFCRELDEFINESBYTYPE('2rbDIiLx4j6LSRQqdFJO7q',#18,$,$,(#3580,#3613),#3573);
#4547=IFCRELDEFINESBYTYPE('2Av_bc5_yJDzNMtiB0GXJx',#18,$,$,(#3656),#3649);
#4548=IFCRELDEFINESBYTYPE('1xA3k2SfDJB4sSDjAguiPZ',#18,$,$,(#3700),#3693);
#4549=IFCRELDEFINESBYTYPE('3fHzJt1EKKoF1z$jcCPRZq',#18,$,$,(#3744),#3737);
#4550=IFCRELDEFINESBYTYPE('0k1JNPMqNXOB8WXjYzO_I2',#18,$,$,(#3804),#3797);
#4551=IFCRELDEFINESBYTYPE('1JR9xgXBlbayROKqKMsIf1',#18,$,$,(#3864),#3857);
#4552=IFCRELDEFINESBYTYPE('3PdozoJIXOmk5VUpf0sglb',#18,$,$,(#3908),#3901);
#4553=IFCRELDEFINESBYTYPE('3gw_GNLjW9viubrrabzKMV',#18,$,$,(#3952,#3969),#3945);
#4554=IFCRELDEFINESBYTYPE('1uoRnAPOzIU84Zf1UiXsMd',#18,$,$,(#4012),#4005);
#4555=IFCRELDEFINESBYTYPE('2PHan93_Lklonlrb3qLSxS',#18,$,$,(#4056,#4073),#4049);
#4556=IFCRELDEFINESBYTYPE('3WcAD4Sh1f4reOlPKUImHP',#18,$,$,(#4116),#4109);
#4557=IFCRELDEFINESBYTYPE('161qGrO_wHJIwigGP9Xcpd',#18,$,$,(#4160),#4153);
#4558=IFCRELDEFINESBYTYPE('0moz1LdH9BmOeFrBbm_AxT',#18,$,$,(#4204,#4221,#4237,#4253,#4269),#4197);
#4559=IFCRELDEFINESBYTYPE('0DGXnLg_eb6t$DmvXE34h4',#18,$,$,(#4446),#4433);
#4560=IFCRELCONNECTSPATHELEMENTS('23q0NkSs8gfZ9IkYbLslql',#18,'3xA8eH7rTDOfSjj2ctA$BY|2vjl0pkSX0CBSUj3seVUMi','Structural',$,#139,#704,(),(),.ATSTART.,.ATSTART.);
#4561=IFCRELCONNECTSPATHELEMENTS('1BUvuYtMGE0Uq0MhYuONeh',#18,'3xA8eH7rTDOfSjj2ctA$BY|0j50gkzF1EbgFVfLrGI44U','Structural',$,#139,#468,(),(),.ATSTART.,.ATEND.);
#4562=IFCRELCONNECTSPATHELEMENTS('2nDUJ2JjGv0MG4L2arkwnL',#18,'3xA8eH7rTDOfSjj2ctA$SY|2vjl0pkSX0CBSUj3seVULs','Structural',$,#195,#768,(),(),.ATEND.,.ATSTART.);
#4563=IFCRELCONNECTSPATHELEMENTS('1bJq8cvjgNj$0bimhBP$ij',#18,'3xA8eH7rTDOfSjj2ctA$SY|3a0sLzG0X0LxV0k4dGsMjx','Structural',$,#195,#436,(),(),.ATEND.,.ATEND.);
#4564=IFCRELCONNECTSPATHELEMENTS('1N8NL20TYQiE9LK7coGyCe',#18,'1ardRmn4n1svAJ1kkR25ix|1ardRmn4n1svAJ1kkR25b4','Structural',$,#232,#308,(),(),.ATEND.,.ATSTART.);
#4565=IFCRELCONNECTSPATHELEMENTS('3gxuAg_7rY1Cr6IXDv1Ehc',#18,'1ardRmn4n1svAJ1kkR25ix|00rx_E4Bf4tw0ORMnlC2fk','Structural',$,#232,#1587,(),(),.ATSTART.,.ATSTART.);
#4566=IFCRELCONNECTSPATHELEMENTS('32leX8l37cv8C5_8sGxsmT',#18,'1ardRmn4n1svAJ1kkR25ix|3a0sLzG0X0LxV0k4dGsMdm','Structural',$,#232,#404,(),(),.ATSTART.,.ATEND.);
#4567=IFCRELCONNECTSPATHELEMENTS('1I27BD0qmjATkelrGRlnVM',#18,'1ardRmn4n1svAJ1kkR25ix|00rx_E4Bf4tw0ORMnlC2eR','Structural',$,#232,#952,(),(),.ATSTART.,.ATEND.);
#4568=IFCRELCONNECTSPATHELEMENTS('1t_blgJvAirgF2OxdygqPN',#18,'1ardRmn4n1svAJ1kkR25ds|3a0sLzG0X0LxV0k4dGsMjx','Structural',$,#276,#436,(),(),.ATSTART.,.ATEND.);
#4569=IFCRELCONNECTSPATHELEMENTS('144vzEEByWClpleTZ8pa$5',#18,'1ardRmn4n1svAJ1kkR25ds|00rx_E4Bf4tw0ORMnlC2kA','Structural',$,#276,#2810,(),(),.ATEND.,.ATEND.);
#4570=IFCRELCONNECTSPATHELEMENTS('3tDyRo_hSRkWvqE0nFG6oq',#18,'1ardRmn4n1svAJ1kkR25b4|2vjl0pkSX0CBSUj3seVUMi','Structural',$,#308,#704,(),(),.ATPATH.,.ATSTART.);
#4571=IFCRELCONNECTSPATHELEMENTS('2SDieXP$2CwXV37GPgeom9',#18,'1ardRmn4n1svAJ1kkR25b4|00rx_E4Bf4tw0ORMnlC2fk','Structural',$,#308,#1587,(),(),.ATSTART.,.ATEND.);
#4572=IFCRELCONNECTSPATHELEMENTS('3XD0H$jt6AxF2PfyVtnRj$',#18,'1ardRmn4n1svAJ1kkR25b4|2ipJUCYGH5ExwXO1ZOC5WX','Structural',$,#308,#340,(),(),.ATSTART.,.ATPATH.);
#4573=IFCRELCONNECTSPATHELEMENTS('0hrhE8KHdpoxyQPTWZ2Xqk',#18,'2ipJUCYGH5ExwXO1ZOC5WX|2ipJUCYGH5ExwXO1ZOC5XZ','Structural',$,#340,#372,(),(),.ATSTART.,.ATEND.);
#4574=IFCRELCONNECTSPATHELEMENTS('2oXKIaqKpP9NyfH8Ta48eG',#18,'2ipJUCYGH5ExwXO1ZOC5XZ|2vjl0pkSX0CBSUj3seVUMi','Structural',$,#372,#704,(),(),.ATPATH.,.ATEND.);
#4575=IFCRELCONNECTSPATHELEMENTS('1nh_jZZIgKVo5UgsbQlLYb',#18,'3a0sLzG0X0LxV0k4dGsMdm|00rx_E4Bf4tw0ORMnlC2eR','Structural',$,#404,#952,(),(),.ATSTART.,.ATSTART.);
#4576=IFCRELCONNECTSPATHELEMENTS('3oPiaviIdQv5Hs0_vF7tPc',#18,'3a0sLzG0X0LxV0k4dGsMdm|2vjl0pkSX0CBSUj3seVUMi','Structural',$,#404,#704,(),(),.ATPATH.,.ATEND.);
#4577=IFCRELCONNECTSPATHELEMENTS('3JhPyCNPy1_cDnXcl4AgpU',#18,'3a0sLzG0X0LxV0k4dGsMjx|00rx_E4Bf4tw0ORMnlC2kA','Structural',$,#436,#2810,(),(),.ATEND.,.ATSTART.);
#4578=IFCRELCONNECTSPATHELEMENTS('1lUzRwmdaSm_w_ckQitdsf',#18,'0j50gkzF1EbgFVfLrGI44U|0j50gkzF1EbgFVfLrGI47b','Structural',$,#468,#500,(),(),.ATSTART.,.ATEND.);
#4579=IFCRELCONNECTSPATHELEMENTS('2RKKeuL8AZFfbMFylynRGT',#18,'0j50gkzF1EbgFVfLrGI47b|0j50gkzF1EbgFVfLrGI4BQ','Structural',$,#500,#532,(),(),.ATSTART.,.ATEND.);
#4580=IFCRELCONNECTSPATHELEMENTS('2mTgIORbmZkXevBZzKzcfl',#18,'0j50gkzF1EbgFVfLrGI4BQ|00rx_E4Bf4tw0ORMnlC2k8','Structural',$,#532,#2770,(),(),.ATSTART.,.ATEND.);
#4581=IFCRELCONNECTSPATHELEMENTS('3kkC5Qb9MNtZYlsWlKEFK7',#18,'2vjl0pkSX0CBSUj3seVUMi|2vjl0pkSX0CBSUj3seVUKh','Structural',$,#704,#736,(),(),.ATSTART.,.ATEND.);
#4582=IFCRELCONNECTSPATHELEMENTS('0jtpOkQ_uPIDyGiQN5YaWp',#18,'2vjl0pkSX0CBSUj3seVUKh|2vjl0pkSX0CBSUj3seVULs','Structural',$,#736,#768,(),(),.ATSTART.,.ATEND.);
#4583=IFCRELCONNECTSPATHELEMENTS('1dZ_2Pj2R1OFkxHHynoZod',#18,'3xA8eH7rTDOfSjj2ctA$BY|00rx_E4Bf4tw0ORMnlC2eR','Structural',$,#139,#952,(),(),.ATEND.,.ATPATH.);
#4584=IFCRELCONNECTSPATHELEMENTS('3WV0dT2UsbzuQ73OMk$K5K',#18,'00rx_E4Bf4tw0ORMnlC2eR|00rx_E4Bf4tw0ORMnlC2eQ','Structural',$,#952,#1025,(),(),.ATSTART.,.ATPATH.);
#4585=IFCRELCONNECTSPATHELEMENTS('1EJOQuBrxEkageGR_gictN',#18,'00rx_E4Bf4tw0ORMnlC2fb|00rx_E4Bf4tw0ORMnlC2k8','Structural',$,#1068,#2770,(),(),.ATPATH.,.ATSTART.);
#4586=IFCRELCONNECTSPATHELEMENTS('0mGm4JW_wiKHLGHN_jj_bg',#18,'3xA8eH7rTDOfSjj2ctA$BY|00rx_E4Bf4tw0ORMnlC2fb','Structural',$,#139,#1068,(),(),.ATEND.,.ATPATH.);
#4587=IFCRELCONNECTSPATHELEMENTS('3riOrLx1$W0BTnwWnHG_N5',#18,'00rx_E4Bf4tw0ORMnlC2eQ|00rx_E4Bf4tw0ORMnlC2fd','Structural',$,#1025,#1155,(),(),.ATSTART.,.ATPATH.);
#4588=IFCRELCONNECTSPATHELEMENTS('05JOc8MSEIjGyag$jdydBQ',#18,'3xA8eH7rTDOfSjj2ctA$BY|00rx_E4Bf4tw0ORMnlC2fd','Structural',$,#139,#1155,(),(),.ATEND.,.ATPATH.);
#4589=IFCRELCONNECTSPATHELEMENTS('3TEj1d_xISslB_91HbfX71',#18,'00rx_E4Bf4tw0ORMnlC2fc|00rx_E4Bf4tw0ORMnlC2fl','Structural',$,#1203,#1542,(),(),.ATPATH.,.ATSTART.);
#4590=IFCRELCONNECTSPATHELEMENTS('1E79tgwOWDKC2IZv9mBiU3',#18,'00rx_E4Bf4tw0ORMnlC2fc|00rx_E4Bf4tw0ORMnlC2k8','Structural',$,#1203,#2770,(),(),.ATPATH.,.ATEND.);
#4591=IFCRELCONNECTSPATHELEMENTS('35QrBuA8ceYVILxt5osk97',#18,'00rx_E4Bf4tw0ORMnlC2fX|00rx_E4Bf4tw0ORMnlC2kA','Structural',$,#1252,#2810,(),(),.ATSTART.,.ATSTART.);
#4592=IFCRELCONNECTSPATHELEMENTS('0FHqhv8cjwF2$85yii32Rt',#18,'00rx_E4Bf4tw0ORMnlC2fX|00rx_E4Bf4tw0ORMnlC2k8','Structural',$,#1252,#2770,(),(),.ATEND.,.ATEND.);
#4593=IFCRELCONNECTSPATHELEMENTS('30Nfn9nyFW7XJz76JqWLLC',#18,'00rx_E4Bf4tw0ORMnlC2fX|00rx_E4Bf4tw0ORMnlC2fW','Structural',$,#1252,#1299,(),(),.ATSTART.,.ATPATH.);
#4594=IFCRELCONNECTSPATHELEMENTS('3xkwN3JxqUNqNGThwVn4dL',#18,'00rx_E4Bf4tw0ORMnlC2fc|00rx_E4Bf4tw0ORMnlC2fW','Structural',$,#1203,#1299,(),(),.ATEND.,.ATPATH.);
#4595=IFCRELCONNECTSPATHELEMENTS('15OQz28MRyeTgGhRhdcqLC',#18,'00rx_E4Bf4tw0ORMnlC2fW|00rx_E4Bf4tw0ORMnlC2fZ','Structural',$,#1299,#1348,(),(),.ATSTART.,.ATPATH.);
#4596=IFCRELCONNECTSPATHELEMENTS('1ZGNlbF5qEnDnhkgusCZjT',#18,'00rx_E4Bf4tw0ORMnlC2fX|00rx_E4Bf4tw0ORMnlC2fY','Structural',$,#1252,#1391,(),(),.ATSTART.,.ATPATH.);
#4597=IFCRELCONNECTSPATHELEMENTS('3y75wsPNEHf53N9ZVGdEax',#18,'00rx_E4Bf4tw0ORMnlC2fZ|00rx_E4Bf4tw0ORMnlC2fY','Structural',$,#1348,#1391,(),(),.ATEND.,.ATPATH.);
#4598=IFCRELCONNECTSPATHELEMENTS('0XdF_jS1z2AGBbZ8K7HIeG',#18,'00rx_E4Bf4tw0ORMnlC2fX|00rx_E4Bf4tw0ORMnlC2fj','Structural',$,#1252,#1434,(),(),.ATSTART.,.ATPATH.);
#4599=IFCRELCONNECTSPATHELEMENTS('0wmsMXIx8CP1c8vKb5q$EM',#18,'00rx_E4Bf4tw0ORMnlC2fZ|00rx_E4Bf4tw0ORMnlC2fj','Structural',$,#1348,#1434,(),(),.ATEND.,.ATPATH.);
#4600=IFCRELCONNECTSPATHELEMENTS('3jTG1Rog5gh5iV38C9jwPd',#18,'00rx_E4Bf4tw0ORMnlC2fZ|00rx_E4Bf4tw0ORMnlC2fi','Structural',$,#1348,#1477,(),(),.ATSTART.,.ATPATH.);
#4601=IFCRELCONNECTSPATHELEMENTS('267GX4fqVa4Qa$02mAUavp',#18,'00rx_E4Bf4tw0ORMnlC2fc|00rx_E4Bf4tw0ORMnlC2fi','Structural',$,#1203,#1477,(),(),.ATEND.,.ATPATH.);
#4602=IFCRELCONNECTSPATHELEMENTS('0uRBtclEs0KDcsoV8TSAMe',#18,'1ardRmn4n1svAJ1kkR25ds|00rx_E4Bf4tw0ORMnlC2fl','Structural',$,#276,#1542,(),(),.ATSTART.,.ATPATH.);
#4603=IFCRELCONNECTSPATHELEMENTS('0vq7T6mFqumzqFjZHGSe67',#18,'00rx_E4Bf4tw0ORMnlC2fl|00rx_E4Bf4tw0ORMnlC2fk','Structural',$,#1542,#1587,(),(),.ATPATH.,.ATEND.);
#4604=IFCRELCONNECTSPATHELEMENTS('27FJLh3ONgyWLKNTnColxo',#18,'00rx_E4Bf4tw0ORMnlC2fk|00rx_E4Bf4tw0ORMnlC2fe','Structural',$,#1587,#1676,(),(),.ATPATH.,.ATEND.);
#4605=IFCRELCONNECTSPATHELEMENTS('0HDS5jfGwh3jxtnlv6TPrF',#18,'1ardRmn4n1svAJ1kkR25b4|00rx_E4Bf4tw0ORMnlC2ff','Structural',$,#308,#1631,(),(),.ATSTART.,.ATPATH.);
#4606=IFCRELCONNECTSPATHELEMENTS('1vvRwO39Dga7NWxUxrt4mJ',#18,'00rx_E4Bf4tw0ORMnlC2ff|00rx_E4Bf4tw0ORMnlC2fe','Structural',$,#1631,#1676,(),(),.ATSTART.,.ATEND.);
#4607=IFCRELCONNECTSPATHELEMENTS('2BLusRsMClmkGbzh4_MaJx',#18,'2vjl0pkSX0CBSUj3seVUKh|00rx_E4Bf4tw0ORMnlC2fh','Structural',$,#736,#1720,(),(),.ATSTART.,.ATPATH.);
#4608=IFCRELCONNECTSPATHELEMENTS('1PZbWgqgl$KzQKWRsA_$MG',#18,'00rx_E4Bf4tw0ORMnlC2fh|00rx_E4Bf4tw0ORMnlC2fg','Structural',$,#1720,#1769,(),(),.ATSTART.,.ATEND.);
#4609=IFCRELCONNECTSPATHELEMENTS('2vwcx7qCVw7ySe7B7CLIws',#18,'00rx_E4Bf4tw0ORMnlC2fg|00rx_E4Bf4tw0ORMnlC2fn','Structural',$,#1769,#1953,(),(),.ATPATH.,.ATEND.);
#4610=IFCRELCONNECTSPATHELEMENTS('3SgPGWlJJkg$e4QCCs_jvk',#18,'2vjl0pkSX0CBSUj3seVUKh|00rx_E4Bf4tw0ORMnlC2fq','Structural',$,#736,#1816,(),(),.ATSTART.,.ATPATH.);
#4611=IFCRELCONNECTSPATHELEMENTS('1EPnapFhVzsh1CByhaGZH1',#18,'00rx_E4Bf4tw0ORMnlC2fl|00rx_E4Bf4tw0ORMnlC2fq','Structural',$,#1542,#1816,(),(),.ATEND.,.ATPATH.);
#4612=IFCRELCONNECTSPATHELEMENTS('0lMVUIQorpFVYOHM$vNeNY',#18,'2vjl0pkSX0CBSUj3seVUKh|00rx_E4Bf4tw0ORMnlC2ft','Structural',$,#736,#1863,(),(),.ATSTART.,.ATPATH.);
#4613=IFCRELCONNECTSPATHELEMENTS('3WBEWrhmNULvsgglg_ntOB',#18,'00rx_E4Bf4tw0ORMnlC2fl|00rx_E4Bf4tw0ORMnlC2ft','Structural',$,#1542,#1863,(),(),.ATEND.,.ATPATH.);
#4614=IFCRELCONNECTSPATHELEMENTS('0iw0rK4yr1f66S3T2UFKFa',#18,'00rx_E4Bf4tw0ORMnlC2ft|00rx_E4Bf4tw0ORMnlC2fs','Structural',$,#1863,#1908,(),(),.ATEND.,.ATPATH.);
#4615=IFCRELCONNECTSPATHELEMENTS('3AY$u9XgsKqMr0VIxspcHv',#18,'00rx_E4Bf4tw0ORMnlC2fl|00rx_E4Bf4tw0ORMnlC2fn','Structural',$,#1542,#1953,(),(),.ATEND.,.ATPATH.);
#4616=IFCRELCONNECTSPATHELEMENTS('0P0CPfnleijQNVIWll13KX',#18,'00rx_E4Bf4tw0ORMnlC2fs|00rx_E4Bf4tw0ORMnlC2fm','Structural',$,#1908,#1996,(),(),.ATSTART.,.ATPATH.);
#4617=IFCRELCONNECTSPATHELEMENTS('1xzKLo5ZOF0yTHYAlRfH6g',#18,'00rx_E4Bf4tw0ORMnlC2fl|00rx_E4Bf4tw0ORMnlC2fm','Structural',$,#1542,#1996,(),(),.ATEND.,.ATPATH.);
#4618=IFCRELCONNECTSPATHELEMENTS('06IktjYYhpIQC_mvlbJY5G',#18,'1ardRmn4n1svAJ1kkR25ds|00rx_E4Bf4tw0ORMnlC2fo','Structural',$,#276,#2041,(),(),.ATEND.,.ATPATH.);
#4619=IFCRELCONNECTSPATHELEMENTS('04XbNh_VSkM1lZdPXTAxst',#18,'00rx_E4Bf4tw0ORMnlC2fl|00rx_E4Bf4tw0ORMnlC2fz','Structural',$,#1542,#2086,(),(),.ATEND.,.ATPATH.);
#4620=IFCRELCONNECTSPATHELEMENTS('3CfsbDH_kr_NqO5ANvYstn',#18,'00rx_E4Bf4tw0ORMnlC2fo|00rx_E4Bf4tw0ORMnlC2fy','Structural',$,#2041,#2129,(),(),.ATSTART.,.ATPATH.);
#4621=IFCRELCONNECTSPATHELEMENTS('2VeEUTplUjP2EPMsGNOyak',#18,'00rx_E4Bf4tw0ORMnlC2fl|00rx_E4Bf4tw0ORMnlC2fy','Structural',$,#1542,#2129,(),(),.ATEND.,.ATPATH.);
#4622=IFCRELCONNECTSPATHELEMENTS('3EV32fc6UIPqiFSwY0DW0G',#18,'00rx_E4Bf4tw0ORMnlC2fg|00rx_E4Bf4tw0ORMnlC2f$','Structural',$,#1769,#2172,(),(),.ATSTART.,.ATPATH.);
#4623=IFCRELCONNECTSPATHELEMENTS('1LQaIaWnYzy9T86UyTIJ4v',#18,'00rx_E4Bf4tw0ORMnlC2fl|00rx_E4Bf4tw0ORMnlC2f$','Structural',$,#1542,#2172,(),(),.ATEND.,.ATPATH.);
#4624=IFCRELCONNECTSPATHELEMENTS('3LQJM41owQbLyG$eOLkDs6',#18,'2vjl0pkSX0CBSUj3seVUKh|00rx_E4Bf4tw0ORMnlC2hX','Structural',$,#736,#2725,(),(),.ATEND.,.ATPATH.);
#4625=IFCRELCONNECTSPATHELEMENTS('28ULzhRbjDurHiT2VmolvQ',#18,'00rx_E4Bf4tw0ORMnlC2eQ|00rx_E4Bf4tw0ORMnlC2lN','Structural',$,#1025,#2975,(),(),.ATSTART.,.ATPATH.);
#4626=IFCRELCONNECTSPATHELEMENTS('2hZeRIhR0gjou896BoEUZO',#18,'3xA8eH7rTDOfSjj2ctA$BY|00rx_E4Bf4tw0ORMnlC2lN','Structural',$,#139,#2975,(),(),.ATEND.,.ATPATH.);
#4627=IFCRELCONNECTSPATHELEMENTS('26j3TdXzBUXPo0xyAN75yG',#18,'00rx_E4Bf4tw0ORMnlC2ft|00rx_E4Bf4tw0ORMnlC2vC','Structural',$,#1863,#3158,(),(),.ATEND.,.ATPATH.);
#4628=IFCRELCONNECTSPATHELEMENTS('1kGNSRm5BTtXG8Kug87znk',#18,'00rx_E4Bf4tw0ORMnlC2vC|00rx_E4Bf4tw0ORMnlC2vF','Structural',$,#3158,#3201,(),(),.ATSTART.,.ATPATH.);
#4629=IFCRELCONNECTSPATHELEMENTS('3kTFi8kpX0PqI_Pa2bMM9C',#18,'00rx_E4Bf4tw0ORMnlC2fl|00rx_E4Bf4tw0ORMnlC2vF','Structural',$,#1542,#3201,(),(),.ATEND.,.ATPATH.);
#4630=IFCRELCONNECTSPATHELEMENTS('3j8F9xTKOfTDDaKG_2i2xj',#18,'00rx_E4Bf4tw0ORMnlC2fl|00rx_E4Bf4tw0ORMnlC2vQ','Structural',$,#1542,#3262,(),(),.ATEND.,.ATPATH.);
#4631=IFCRELCONNECTSPATHELEMENTS('0WJZuGpwwLjHOhwgSlqmqE',#18,'00rx_E4Bf4tw0ORMnlC2fW|0Ia0cbZp5DnPeiwWHBWZmT','Structural',$,#1299,#3385,(),(),.ATSTART.,.ATPATH.);
#4632=IFCRELCONNECTSPATHELEMENTS('2GZFdnRnnEZUWr5d7Na9ah',#18,'00rx_E4Bf4tw0ORMnlC2k8|0Ia0cbZp5DnPeiwWHBWZmT','Structural',$,#2770,#3385,(),(),.ATEND.,.ATPATH.);
#4633=IFCRELCONNECTSPATHELEMENTS('0lyHBVWMx2h9sR7o17xgIH',#18,'00rx_E4Bf4tw0ORMnlC2fl|1jHctwMgP4HRD_gCB0MIw9','Structural',$,#1542,#4293,(),(),.ATSTART.,.ATPATH.);
#4634=IFCRELCONNECTSPATHELEMENTS('2d4n0l9tJpOTWVJ5_EInGL',#18,'2vjl0pkSX0CBSUj3seVUKh|1jHctwMgP4HRD_gCB0MIw9','Structural',$,#736,#4293,(),(),.ATEND.,.ATPATH.);
#4635=IFCRELCONNECTSPATHELEMENTS('3wwGtIghLaC6wCZMJ6R2Qz',#18,'00rx_E4Bf4tw0ORMnlC2vQ|0L2CeanzvCTfFwP6gGxDVs','Structural',$,#3262,#4340,(),(),.ATSTART.,.ATPATH.);
#4636=IFCRELCONNECTSPATHELEMENTS('2Ilsn7BhjWkv_ig0PacIQJ',#18,'00rx_E4Bf4tw0ORMnlC2fz|0L2CeanzvCTfFwP6gGxDVs','Structural',$,#2086,#4340,(),(),.ATEND.,.ATPATH.);
#4637=IFCPRESENTATIONLAYERASSIGNMENT('A-WALL-____-OTLN',$,(#126,#137,#186,#193,#459,#466,#491,#498,#523,#530,#695,#702,#727,#734,#759,#766,#791,#809,#840,#858,#883,#901),$);
#4638=IFCPRESENTATIONLAYERASSIGNMENT('I-WALL-____-OTLN',$,(#219,#230,#267,#274,#299,#306,#331,#338,#363,#370,#395,#402,#427,#434,#926,#950,#1001,#1023,#1048,#1066,#1092,#1110,#1135,#1153,#1178,#1201,#1226,#1250,#1275,#1297,#1322,#1346,#1371,#1389,#1414,#1432,#1457,#1475,#1500,#1540,#1565,#1585,#1610,#1629,#1654,#1674,#1699,#1718,#1743,#1767,#1792,#1814,#1839,#1861,#1886,#1906,#1931,#1951,#1976,#1994,#2019,#2039,#2064,#2084,#2109,#2127,#2152,#2170,#2716,#2723,#2748,#2768,#2793,#2808,#2955,#2973,#3136,#3156,#3181,#3199,#3240,#3260,#3365,#3383,#4284,#4291,#4300,#4331,#4338,#4347),$);
#4639=IFCPRESENTATIONLAYERASSIGNMENT('A-GLAZ-____-OTLN',$,(#541,#3429,#3442,#3481,#3487,#3525,#3531,#3569,#3575,#3592,#3608,#3645,#3651,#3689,#3695,#3733,#3739,#3756,#3793,#3799,#3816,#3853,#3859,#3897,#3903,#3941,#3947,#3964,#4001,#4007,#4045,#4051,#4068,#4105,#4111,#4149,#4155,#4193,#4199,#4216,#4232,#4248,#4264,#4429,#4441),$);
#4640=IFCPRESENTATIONLAYERASSIGNMENT('A-DOOR-____-OTLN',$,(#2233,#2252,#2270,#2320,#2327,#2379,#2386,#2403,#2419,#2469,#2476,#2494,#2544,#2551,#2568,#2584,#2600,#2616,#2632,#2648,#2664,#2680,#2696,#2853,#2860,#2911,#2918,#2935,#2994,#3010,#3060,#3067,#3084,#3100,#3116,#3220,#3281,#3297,#3313,#3329,#3345),$);
#4641=IFCPRESENTATIONLAYERASSIGNMENT('A-FLOR-____-OTLN',$,(#607,#617,#633),$);
#4642=IFCCARTESIANPOINT((1.1249999999999911,0.80093297279687925));
#4643=IFCAXIS2PLACEMENT2D(#4642,#11);
#4644=IFCRECTANGLEPROFILEDEF(.AREA.,$,#4643,2.2499999999999836,1.6018659455937554);
#4645=IFCAXIS2PLACEMENT3D(#3,#7,#9);
#4646=IFCEXTRUDEDAREASOLID(#4644,#4645,#9,0.34999999999999998);
#4647=IFCSHAPEREPRESENTATION(#86,'Body','SweptSolid',(#4646));
#4648=IFCPRODUCTDEFINITIONSHAPE($,$,(#4647));
#4649=IFCCARTESIANPOINT((12.330030913991159,-0.17499999999999705,0.96000000000000485));
#4650=IFCAXIS2PLACEMENT3D(#4649,$,$);
#4651=IFCLOCALPLACEMENT(#123,#4650);
#4652=IFCOPENINGELEMENT('0u2gVlo5fJoGko1aX5mW3W',#18,'A_Fenster - Fix Variabel:100 x 135:303489:1',$,'Opening',#4651,#4648,'303489');
#4653=IFCRELVOIDSELEMENT('0D09LEw516Zhu31241LQNY',#18,$,$,#139,#4652);
#4654=IFCQUANTITYLENGTH('Depth',$,$,0.34999999999999998);
#4655=IFCQUANTITYLENGTH('Height',$,$,1.6018659455937569);
#4656=IFCQUANTITYLENGTH('Width',$,$,2.2499999999999836);
#4657=IFCELEMENTQUANTITY('3BqeRnoLCkSaZsF$OFKNlm',#18,'BaseQuantities',$,$,(#4654,#4655,#4656));
#4658=IFCRELDEFINESBYPROPERTIES('0gLDEXDzuim8lS9Jo05$$Q',#18,$,$,(#4652),#4657);
#4659=IFCRELFILLSELEMENT('38QM6wRTj4Ngtxe2gqMsON',#18,$,$,#4652,#3492);
#4660=IFCAXIS2PLACEMENT3D(#3,$,$);
#4661=IFCLOCALPLACEMENT(#4651,#4660);
#4662=IFCCARTESIANPOINT((1.6049999999999958,0.37499999999999895));
#4663=IFCAXIS2PLACEMENT2D(#4662,#11);
#4664=IFCRECTANGLEPROFILEDEF(.AREA.,$,#4663,3.2099999999999915,0.749999999999999);
#4665=IFCAXIS2PLACEMENT3D(#3,#7,#9);
#4666=IFCEXTRUDEDAREASOLID(#4664,#4665,#9,0.34999999999999998);
#4667=IFCSHAPEREPRESENTATION(#86,'Body','SweptSolid',(#4666));
#4668=IFCPRODUCTDEFINITIONSHAPE($,$,(#4667));
#4669=IFCCARTESIANPOINT((13.931896859584921,-0.17499999999999705,0.));
#4670=IFCAXIS2PLACEMENT3D(#4669,$,$);
#4671=IFCLOCALPLACEMENT(#123,#4670);
#4672=IFCOPENINGELEMENT('3tc2uHtyXsxyNTojln2Nap',#18,'A_Fenster - Fix Variabel:100 x 135:303488:1',$,'Opening',#4671,#4668,'303488');
#4673=IFCRELVOIDSELEMENT('0D09LEw516Zhu31241LQNZ',#18,$,$,#139,#4672);
#4674=IFCQUANTITYLENGTH('Depth',$,$,0.34999999999999998);
#4675=IFCQUANTITYLENGTH('Height',$,$,0.74999999999999845);
#4676=IFCQUANTITYLENGTH('Width',$,$,3.2099999999999915);
#4677=IFCELEMENTQUANTITY('3yRgAOhoHU9fU45ycapfTK',#18,'BaseQuantities',$,$,(#4674,#4675,#4676));
#4678=IFCRELDEFINESBYPROPERTIES('2t6ljdE5N$QvG4uXvIrGxJ',#18,$,$,(#4672),#4677);
#4679=IFCRELFILLSELEMENT('3HO5U_CjAXfYnYnMnHF3oe',#18,$,$,#4672,#3447);
#4680=IFCAXIS2PLACEMENT3D(#3,$,$);
#4681=IFCLOCALPLACEMENT(#4671,#4680);
#4682=IFCCARTESIANPOINT((1.1249999999999911,1.6429165035092697));
#4683=IFCAXIS2PLACEMENT2D(#4682,#11);
#4684=IFCRECTANGLEPROFILEDEF(.AREA.,$,#4683,2.2499999999999836,3.2858330070185393);
#4685=IFCAXIS2PLACEMENT3D(#3,#7,#9);
#4686=IFCEXTRUDEDAREASOLID(#4684,#4685,#9,0.34999999999999998);
#4687=IFCSHAPEREPRESENTATION(#86,'Body','SweptSolid',(#4686));
#4688=IFCPRODUCTDEFINITIONSHAPE($,$,(#4687));
#4689=IFCCARTESIANPOINT((15.738999999999983,-0.17499999999999705,0.96000000000000485));
#4690=IFCAXIS2PLACEMENT3D(#4689,$,$);
#4691=IFCLOCALPLACEMENT(#123,#4690);
#4692=IFCOPENINGELEMENT('1ij7hQr32s9RwtCqZQjUe3',#18,'A_Fenster - Fix Variabel:100 x 135:303594:1',$,'Opening',#4691,#4688,'303594');
#4693=IFCRELVOIDSELEMENT('0D09LEw516Zhu31241LQM9',#18,$,$,#139,#4692);
#4694=IFCQUANTITYLENGTH('Depth',$,$,0.34999999999999998);
#4695=IFCQUANTITYLENGTH('Height',$,$,3.2858330070185402);
#4696=IFCQUANTITYLENGTH('Width',$,$,2.2499999999999836);
#4697=IFCELEMENTQUANTITY('32OGVHpOG2H9XMry4cvWuc',#18,'BaseQuantities',$,$,(#4694,#4695,#4696));
#4698=IFCRELDEFINESBYPROPERTIES('1z55TEMCFlRuBAS1l0ktjz',#18,$,$,(#4692),#4697);
#4699=IFCRELFILLSELEMENT('2MMWznZeF_UBSqnwvk5t0S',#18,$,$,#4692,#3580);
#4700=IFCAXIS2PLACEMENT3D(#3,$,$);
#4701=IFCLOCALPLACEMENT(#4691,#4700);
#4702=IFCCARTESIANPOINT((1.6049999999999951,0.3749999999999995));
#4703=IFCAXIS2PLACEMENT2D(#4702,#11);
#4704=IFCRECTANGLEPROFILEDEF(.AREA.,$,#4703,3.2099999999999915,0.749999999999999);
#4705=IFCAXIS2PLACEMENT3D(#3,#7,#9);
#4706=IFCEXTRUDEDAREASOLID(#4704,#4705,#9,0.34999999999999998);
#4707=IFCSHAPEREPRESENTATION(#86,'Body','SweptSolid',(#4706));
#4708=IFCPRODUCTDEFINITIONSHAPE($,$,(#4707));
#4709=IFCCARTESIANPOINT((14.988999999999978,-0.17499999999999705,0.));
#4710=IFCAXIS2PLACEMENT3D(#4709,$,$);
#4711=IFCLOCALPLACEMENT(#123,#4710);
#4712=IFCOPENINGELEMENT('3U5_VYrOlaWgICpq97ZtK7',#18,'A_Fenster - Fix Variabel:100 x 135:303593:1',$,'Opening',#4711,#4708,'303593');
#4713=IFCRELVOIDSELEMENT('0D09LEw516Zhu31241LQMA',#18,$,$,#139,#4712);
#4714=IFCQUANTITYLENGTH('Depth',$,$,0.34999999999999998);
#4715=IFCQUANTITYLENGTH('Height',$,$,0.74999999999999845);
#4716=IFCQUANTITYLENGTH('Width',$,$,3.2099999999999915);
#4717=IFCELEMENTQUANTITY('34x6CWiYFm1kKy$8bWNQpI',#18,'BaseQuantities',$,$,(#4714,#4715,#4716));
#4718=IFCRELDEFINESBYPROPERTIES('3yp2fpL4ExfffJYU7lENPE',#18,$,$,(#4712),#4717);
#4719=IFCRELFILLSELEMENT('3U6r47GMdZJKpH3lcKlzfE',#18,$,$,#4712,#3536);
#4720=IFCAXIS2PLACEMENT3D(#3,$,$);
#4721=IFCLOCALPLACEMENT(#4711,#4720);
#4722=IFCCARTESIANPOINT((1.1249999999999911,1.6429165035092697));
#4723=IFCAXIS2PLACEMENT2D(#4722,#11);
#4724=IFCRECTANGLEPROFILEDEF(.AREA.,$,#4723,2.2499999999999836,3.2858330070185393);
#4725=IFCAXIS2PLACEMENT3D(#3,#7,#9);
#4726=IFCEXTRUDEDAREASOLID(#4724,#4725,#9,0.34999999999999998);
#4727=IFCSHAPEREPRESENTATION(#86,'Body','SweptSolid',(#4726));
#4728=IFCPRODUCTDEFINITIONSHAPE($,$,(#4727));
#4729=IFCCARTESIANPOINT((20.774999999999977,-0.17499999999999705,0.96000000000002217));
#4730=IFCAXIS2PLACEMENT3D(#4729,$,$);
#4731=IFCLOCALPLACEMENT(#123,#4730);
#4732=IFCOPENINGELEMENT('3_cf1Yi7Qbro7CtK9JeAro',#18,'A_Fenster - Fix Variabel:100 x 135:303762:1',$,'Opening',#4731,#4728,'303762');
#4733=IFCRELVOIDSELEMENT('09unS7Cyz0fegr5$b90XT4',#18,$,$,#139,#4732);
#4734=IFCQUANTITYLENGTH('Depth',$,$,0.34999999999999998);
#4735=IFCQUANTITYLENGTH('Height',$,$,3.2858330070185384);
#4736=IFCQUANTITYLENGTH('Width',$,$,2.2499999999999836);
#4737=IFCELEMENTQUANTITY('1oC9TuAoGarOd0coQXNo35',#18,'BaseQuantities',$,$,(#4734,#4735,#4736));
#4738=IFCRELDEFINESBYPROPERTIES('2D1Jg6arD1ik6Q$DkPZGy3',#18,$,$,(#4732),#4737);
#4739=IFCRELFILLSELEMENT('1AiAGfoIYC9QN$W4WG2z2A',#18,$,$,#4732,#3613);
#4740=IFCAXIS2PLACEMENT3D(#3,$,$);
#4741=IFCLOCALPLACEMENT(#4731,#4740);
#4742=IFCCARTESIANPOINT((1.6049999999999951,0.3749999999999995));
#4743=IFCAXIS2PLACEMENT2D(#4742,#11);
#4744=IFCRECTANGLEPROFILEDEF(.AREA.,$,#4743,3.2099999999999915,0.749999999999999);
#4745=IFCAXIS2PLACEMENT3D(#3,#7,#9);
#4746=IFCEXTRUDEDAREASOLID(#4744,#4745,#9,0.34999999999999998);
#4747=IFCSHAPEREPRESENTATION(#86,'Body','SweptSolid',(#4746));
#4748=IFCPRODUCTDEFINITIONSHAPE($,$,(#4747));
#4749=IFCCARTESIANPOINT((20.02499999999997,-0.17499999999999705,0.));
#4750=IFCAXIS2PLACEMENT3D(#4749,$,$);
#4751=IFCLOCALPLACEMENT(#123,#4750);
#4752=IFCOPENINGELEMENT('1dGyrlC8ah9fi6JXg$KpW3',#18,'A_Fenster - Fix Variabel:100 x 135:303761:1',$,'Opening',#4751,#4748,'303761');
#4753=IFCRELVOIDSELEMENT('09unS7Cyz0fegr5$b90XT7',#18,$,$,#139,#4752);
#4754=IFCQUANTITYLENGTH('Depth',$,$,0.34999999999999998);
#4755=IFCQUANTITYLENGTH('Height',$,$,0.74999999999999845);
#4756=IFCQUANTITYLENGTH('Width',$,$,3.2099999999999915);
#4757=IFCELEMENTQUANTITY('3QR2jRvQH_g0xFbAQjbWS0',#18,'BaseQuantities',$,$,(#4754,#4755,#4756));
#4758=IFCRELDEFINESBYPROPERTIES('2j85EHqwYe_JdjX0Ieo6W0',#18,$,$,(#4752),#4757);
#4759=IFCRELFILLSELEMENT('35leqXFXfU3ZhV6JsIqdX2',#18,$,$,#4752,#3597);
#4760=IFCAXIS2PLACEMENT3D(#3,$,$);
#4761=IFCLOCALPLACEMENT(#4751,#4760);
#4762=IFCCARTESIANPOINT((1.1249999999999918,1.2078539827229566));
#4763=IFCAXIS2PLACEMENT2D(#4762,#11);
#4764=IFCRECTANGLEPROFILEDEF(.AREA.,$,#4763,2.2499999999999836,2.4157079654459133);
#4765=IFCAXIS2PLACEMENT3D(#3,#7,#9);
#4766=IFCEXTRUDEDAREASOLID(#4764,#4765,#9,0.34999999999999998);
#4767=IFCSHAPEREPRESENTATION(#86,'Body','SweptSolid',(#4766));
#4768=IFCPRODUCTDEFINITIONSHAPE($,$,(#4767));
#4769=IFCCARTESIANPOINT((5.6285236585959053,-0.17499999999999705,0.96999999999994946));
#4770=IFCAXIS2PLACEMENT3D(#4769,$,$);
#4771=IFCLOCALPLACEMENT(#123,#4770);
#4772=IFCOPENINGELEMENT('1rJunvHc_P_OsrNGYU_s9_',#18,'A_Fenster - Fix Variabel:100 x 135:304128:1',$,'Opening',#4771,#4768,'304128');
#4773=IFCRELVOIDSELEMENT('09unS7Cyz0fegr5$b90X7M',#18,$,$,#139,#4772);
#4774=IFCQUANTITYLENGTH('Depth',$,$,0.34999999999999998);
#4775=IFCQUANTITYLENGTH('Height',$,$,2.4157079654459142);
#4776=IFCQUANTITYLENGTH('Width',$,$,2.2499999999999836);
#4777=IFCELEMENTQUANTITY('0uXk448Az2X62SR8H5C41K',#18,'BaseQuantities',$,$,(#4774,#4775,#4776));
#4778=IFCRELDEFINESBYPROPERTIES('0vsDZKT1TuEDoB3v_ruRdE',#18,$,$,(#4772),#4777);
#4779=IFCRELFILLSELEMENT('2S0zmSCKupLRA$C8HCRWDw',#18,$,$,#4772,#3804);
#4780=IFCAXIS2PLACEMENT3D(#3,$,$);
#4781=IFCLOCALPLACEMENT(#4771,#4780);
#4782=IFCCARTESIANPOINT((1.6049999999999958,0.3749999999999995));
#4783=IFCAXIS2PLACEMENT2D(#4782,#11);
#4784=IFCRECTANGLEPROFILEDEF(.AREA.,$,#4783,3.2099999999999915,0.749999999999999);
#4785=IFCAXIS2PLACEMENT3D(#3,#7,#9);
#4786=IFCEXTRUDEDAREASOLID(#4784,#4785,#9,0.34999999999999998);
#4787=IFCSHAPEREPRESENTATION(#86,'Body','SweptSolid',(#4786));
#4788=IFCPRODUCTDEFINITIONSHAPE($,$,(#4787));
#4789=IFCCARTESIANPOINT((4.8785236585959009,-0.17499999999999705,0.010000000000006389));
#4790=IFCAXIS2PLACEMENT3D(#4789,$,$);
#4791=IFCLOCALPLACEMENT(#123,#4790);
#4792=IFCOPENINGELEMENT('2ySSyLgpDzk5d$VgQ2nsYu',#18,'A_Fenster - Fix Variabel:100 x 135:304127:1',$,'Opening',#4791,#4788,'304127');
#4793=IFCRELVOIDSELEMENT('09unS7Cyz0fegr5$b90XOf',#18,$,$,#139,#4792);
#4794=IFCQUANTITYLENGTH('Depth',$,$,0.34999999999999998);
#4795=IFCQUANTITYLENGTH('Height',$,$,0.74999999999999845);
#4796=IFCQUANTITYLENGTH('Width',$,$,3.2099999999999915);
#4797=IFCELEMENTQUANTITY('1WO1ZH$zZsFvtTNsI5mPDt',#18,'BaseQuantities',$,$,(#4794,#4795,#4796));
#4798=IFCRELDEFINESBYPROPERTIES('0dR$vtZGQugKVXbHP850xq',#18,$,$,(#4792),#4797);
#4799=IFCRELFILLSELEMENT('1jmdeKKipqj$DbX_mxy8Ej',#18,$,$,#4792,#3761);
#4800=IFCAXIS2PLACEMENT3D(#3,$,$);
#4801=IFCLOCALPLACEMENT(#4791,#4800);
#4802=IFCCARTESIANPOINT((1.1249999999999918,0.83047072182874526));
#4803=IFCAXIS2PLACEMENT2D(#4802,#11);
#4804=IFCRECTANGLEPROFILEDEF(.AREA.,$,#4803,2.2499999999999836,1.6609414436574905);
#4805=IFCAXIS2PLACEMENT3D(#3,#7,#9);
#4806=IFCEXTRUDEDAREASOLID(#4804,#4805,#9,0.34999999999999998);
#4807=IFCSHAPEREPRESENTATION(#86,'Body','SweptSolid',(#4806));
#4808=IFCPRODUCTDEFINITIONSHAPE($,$,(#4807));
#4809=IFCCARTESIANPOINT((2.2485236585959081,-0.17499999999999705,0.96999999999994946));
#4810=IFCAXIS2PLACEMENT3D(#4809,$,$);
#4811=IFCLOCALPLACEMENT(#123,#4810);
#4812=IFCOPENINGELEMENT('3XSQlOxtScyYlaFnmbb3J6',#18,'A_Fenster - Fix Variabel:100 x 135:304204:1',$,'Opening',#4811,#4808,'304204');
#4813=IFCRELVOIDSELEMENT('09unS7Cyz0fegr5$b90X6Q',#18,$,$,#139,#4812);
#4814=IFCQUANTITYLENGTH('Depth',$,$,0.34999999999999998);
#4815=IFCQUANTITYLENGTH('Height',$,$,1.6609414436574912);
#4816=IFCQUANTITYLENGTH('Width',$,$,2.2499999999999836);
#4817=IFCELEMENTQUANTITY('2h29uakjcyAzGOb3OUqhES',#18,'BaseQuantities',$,$,(#4814,#4815,#4816));
#4818=IFCRELDEFINESBYPROPERTIES('1BWFzST$SR1V92rxwdsE9C',#18,$,$,(#4812),#4817);
#4819=IFCRELFILLSELEMENT('17OJaA1w0pURMP9ML$QDdE',#18,$,$,#4812,#3864);
#4820=IFCAXIS2PLACEMENT3D(#3,$,$);
#4821=IFCLOCALPLACEMENT(#4811,#4820);
#4822=IFCCARTESIANPOINT((1.6049999999999958,0.3749999999999995));
#4823=IFCAXIS2PLACEMENT2D(#4822,#11);
#4824=IFCRECTANGLEPROFILEDEF(.AREA.,$,#4823,3.2099999999999915,0.749999999999999);
#4825=IFCAXIS2PLACEMENT3D(#3,#7,#9);
#4826=IFCEXTRUDEDAREASOLID(#4824,#4825,#9,0.34999999999999998);
#4827=IFCSHAPEREPRESENTATION(#86,'Body','SweptSolid',(#4826));
#4828=IFCPRODUCTDEFINITIONSHAPE($,$,(#4827));
#4829=IFCCARTESIANPOINT((1.4985236585959021,-0.17499999999999705,0.010000000000006389));
#4830=IFCAXIS2PLACEMENT3D(#4829,$,$);
#4831=IFCLOCALPLACEMENT(#123,#4830);
#4832=IFCOPENINGELEMENT('3Cbi_nzeKUycHJyTVPSv$p',#18,'A_Fenster - Fix Variabel:100 x 135:304203:1',$,'Opening',#4831,#4828,'304203');
#4833=IFCRELVOIDSELEMENT('09unS7Cyz0fegr5$b90X6T',#18,$,$,#139,#4832);
#4834=IFCQUANTITYLENGTH('Depth',$,$,0.34999999999999998);
#4835=IFCQUANTITYLENGTH('Height',$,$,0.74999999999999845);
#4836=IFCQUANTITYLENGTH('Width',$,$,3.2099999999999915);
#4837=IFCELEMENTQUANTITY('0rUsxElcFCT7qlZxC$za$h',#18,'BaseQuantities',$,$,(#4834,#4835,#4836));
#4838=IFCRELDEFINESBYPROPERTIES('3KvVBGQR2wkI$D5VtDPu6g',#18,$,$,(#4832),#4837);
#4839=IFCRELFILLSELEMENT('0evzB5_nRQwkC9kzLqS6QC',#18,$,$,#4832,#3821);
#4840=IFCAXIS2PLACEMENT3D(#3,$,$);
#4841=IFCLOCALPLACEMENT(#4831,#4840);
#4842=IFCCARTESIANPOINT((1.6049999999999951,0.37952685903694627));
#4843=IFCAXIS2PLACEMENT2D(#4842,#11);
#4844=IFCRECTANGLEPROFILEDEF(.AREA.,$,#4843,3.2099999999999915,0.75905371807389366);
#4845=IFCAXIS2PLACEMENT3D(#3,#7,#9);
#4846=IFCEXTRUDEDAREASOLID(#4844,#4845,#9,0.34999999999999998);
#4847=IFCSHAPEREPRESENTATION(#86,'Body','SweptSolid',(#4846));
#4848=IFCPRODUCTDEFINITIONSHAPE($,$,(#4847));
#4849=IFCCARTESIANPOINT((8.8909462819259577,-0.17499999999999705,0.));
#4850=IFCAXIS2PLACEMENT3D(#4849,$,$);
#4851=IFCLOCALPLACEMENT(#123,#4850);
#4852=IFCOPENINGELEMENT('3Nh2kQQ3v2DadH$4Ale61P',#18,'A_Fenster - Fix Variabel:100 x 135:304020:1',$,'Opening',#4851,#4848,'304020');
#4853=IFCRELVOIDSELEMENT('09unS7Cyz0fegr5$b90XP2',#18,$,$,#139,#4852);
#4854=IFCQUANTITYLENGTH('Depth',$,$,0.34999999999999998);
#4855=IFCQUANTITYLENGTH('Height',$,$,0.7590537180738931);
#4856=IFCQUANTITYLENGTH('Width',$,$,3.2099999999999915);
#4857=IFCELEMENTQUANTITY('05G13zefiFyzW1B8LaUG5H',#18,'BaseQuantities',$,$,(#4854,#4855,#4856));
#4858=IFCRELDEFINESBYPROPERTIES('3bbDboEsdZYxkFBokCuyyn',#18,$,$,(#4852),#4857);
#4859=IFCRELFILLSELEMENT('3N4qGWXH$maAEuC9UUwjTC',#18,$,$,#4852,#3744);
#4860=IFCAXIS2PLACEMENT3D(#3,$,$);
#4861=IFCLOCALPLACEMENT(#4851,#4860);
#4862=IFCCARTESIANPOINT((1.6049999999999951,0.81124641503194095));
#4863=IFCAXIS2PLACEMENT2D(#4862,#11);
#4864=IFCRECTANGLEPROFILEDEF(.AREA.,$,#4863,3.2099999999999915,1.6224928300638819);
#4865=IFCAXIS2PLACEMENT3D(#3,#7,#9);
#4866=IFCEXTRUDEDAREASOLID(#4864,#4865,#9,0.34999999999999998);
#4867=IFCSHAPEREPRESENTATION(#86,'Body','SweptSolid',(#4866));
#4868=IFCPRODUCTDEFINITIONSHAPE($,$,(#4867));
#4869=IFCCARTESIANPOINT((9.9275071699359696,-0.17499999999999705,0.));
#4870=IFCAXIS2PLACEMENT3D(#4869,$,$);
#4871=IFCLOCALPLACEMENT(#123,#4870);
#4872=IFCOPENINGELEMENT('1lsEFY7L$QOI4QBWDvCqIJ',#18,'A_Fenster - Fix Variabel:100 x 135:303951:1',$,'Opening',#4871,#4868,'303951');
#4873=IFCRELVOIDSELEMENT('09unS7Cyz0fegr5$b90XQP',#18,$,$,#139,#4872);
#4874=IFCQUANTITYLENGTH('Depth',$,$,0.34999999999999998);
#4875=IFCQUANTITYLENGTH('Height',$,$,1.6224928300638797);
#4876=IFCQUANTITYLENGTH('Width',$,$,3.2099999999999915);
#4877=IFCELEMENTQUANTITY('3EPc5bRdOmCIh$QAp_sczV',#18,'BaseQuantities',$,$,(#4874,#4875,#4876));
#4878=IFCRELDEFINESBYPROPERTIES('3Kqh1unPwzaX5AUb8qyFR2',#18,$,$,(#4872),#4877);
#4879=IFCRELFILLSELEMENT('1qw4UeTXFgrJ0evwyiUlwu',#18,$,$,#4872,#3700);
#4880=IFCAXIS2PLACEMENT3D(#3,$,$);
#4881=IFCLOCALPLACEMENT(#4871,#4880);
#4882=IFCCARTESIANPOINT((1.1249999999999922,1.1981244508196978));
#4883=IFCAXIS2PLACEMENT2D(#4882,#11);
#4884=IFCRECTANGLEPROFILEDEF(.AREA.,$,#4883,2.2499999999999836,2.3962489016393955);
#4885=IFCAXIS2PLACEMENT3D(#3,#7,#9);
#4886=IFCEXTRUDEDAREASOLID(#4884,#4885,#9,0.34999999999999998);
#4887=IFCSHAPEREPRESENTATION(#86,'Body','SweptSolid',(#4886));
#4888=IFCPRODUCTDEFINITIONSHAPE($,$,(#4887));
#4889=IFCCARTESIANPOINT((25.095782665723146,-0.17499999999999705,0.96000000000001562));
#4890=IFCAXIS2PLACEMENT3D(#4889,$,$);
#4891=IFCLOCALPLACEMENT(#123,#4890);
#4892=IFCOPENINGELEMENT('0Pfxm88H4UE4AiDNvxp4gk',#18,'A_Fenster - Fix Variabel:100 x 135:303791:1',$,'Opening',#4891,#4888,'303791');
#4893=IFCRELVOIDSELEMENT('09unS7Cyz0fegr5$b90XTv',#18,$,$,#139,#4892);
#4894=IFCQUANTITYLENGTH('Depth',$,$,0.34999999999999998);
#4895=IFCQUANTITYLENGTH('Height',$,$,2.3962489016393951);
#4896=IFCQUANTITYLENGTH('Width',$,$,2.2499999999999836);
#4897=IFCELEMENTQUANTITY('2Tzy966_QOOEDrLSy$aRmY',#18,'BaseQuantities',$,$,(#4894,#4895,#4896));
#4898=IFCRELDEFINESBYPROPERTIES('0$ZBasoxETqUCDA$ZkM_P$',#18,$,$,(#4892),#4897);
#4899=IFCRELFILLSELEMENT('2dtySrQ63uCDScj1TGtDAi',#18,$,$,#4892,#3656);
#4900=IFCAXIS2PLACEMENT3D(#3,$,$);
#4901=IFCLOCALPLACEMENT(#4891,#4900);
#4902=IFCCARTESIANPOINT((1.0669999999999997,0.49999999999999994));
#4903=IFCAXIS2PLACEMENT2D(#4902,#14);
#4904=IFCRECTANGLEPROFILEDEF(.AREA.,$,#4903,0.99999999999999967,2.1339999999999995);
#4905=IFCAXIS2PLACEMENT3D(#3,#7,#9);
#4906=IFCEXTRUDEDAREASOLID(#4904,#4905,#9,0.24999999999999997);
#4907=IFCSHAPEREPRESENTATION(#86,'Body','SweptSolid',(#4906));
#4908=IFCPRODUCTDEFINITIONSHAPE($,$,(#4907));
#4909=IFCCARTESIANPOINT((0.52500000000000058,-0.1250000000000033,0.));
#4910=IFCAXIS2PLACEMENT3D(#4909,$,$);
#4911=IFCLOCALPLACEMENT(#216,#4910);
#4912=IFCOPENINGELEMENT('1U5V7qHtfZ_pZSMLWXsyoR',#18,'M_Single-Flush:1000 x 2134mm 2:294217:1',$,'Opening',#4911,#4908,'294217');
#4913=IFCRELVOIDSELEMENT('00rx_E4Bf4tw0ORNXlC2ri',#18,$,$,#232,#4912);
#4914=IFCQUANTITYLENGTH('Depth',$,$,0.24999999999999997);
#4915=IFCQUANTITYLENGTH('Height',$,$,0.99999999999999978);
#4916=IFCQUANTITYLENGTH('Width',$,$,2.133999999999999);
#4917=IFCELEMENTQUANTITY('3JCmmou0LRN67UuNDyoCKm',#18,'BaseQuantities',$,$,(#4914,#4915,#4916));
#4918=IFCRELDEFINESBYPROPERTIES('1o_NjBR5k3HEKucyimxSf7',#18,$,$,(#4912),#4917);
#4919=IFCRELFILLSELEMENT('3ensyBur4BeFEbzqgY0vF4',#18,$,$,#4912,#3105);
#4920=IFCAXIS2PLACEMENT3D(#3,$,$);
#4921=IFCLOCALPLACEMENT(#4911,#4920);
#4922=IFCCARTESIANPOINT((1.0669999999999997,0.49999999999999994));
#4923=IFCAXIS2PLACEMENT2D(#4922,#14);
#4924=IFCRECTANGLEPROFILEDEF(.AREA.,$,#4923,0.99999999999999967,2.1339999999999995);
#4925=IFCAXIS2PLACEMENT3D(#3,#8,#9);
#4926=IFCEXTRUDEDAREASOLID(#4924,#4925,#9,0.24999999999999997);
#4927=IFCSHAPEREPRESENTATION(#86,'Body','SweptSolid',(#4926));
#4928=IFCPRODUCTDEFINITIONSHAPE($,$,(#4927));
#4929=IFCCARTESIANPOINT((5.7929999999999326,0.12499999999999149,0.));
#4930=IFCAXIS2PLACEMENT3D(#4929,$,$);
#4931=IFCLOCALPLACEMENT(#264,#4930);
#4932=IFCOPENINGELEMENT('0__KzTVJ952c2yP31MDC9J',#18,'M_Single-Flush:1000 x 2134mm 2:294633:1',$,'Opening',#4931,#4928,'294633');
#4933=IFCRELVOIDSELEMENT('2xPjisGuXA6QrYY3Oz4M$z',#18,$,$,#276,#4932);
#4934=IFCQUANTITYLENGTH('Depth',$,$,0.24999999999999997);
#4935=IFCQUANTITYLENGTH('Height',$,$,0.99999999999999978);
#4936=IFCQUANTITYLENGTH('Width',$,$,2.133999999999999);
#4937=IFCELEMENTQUANTITY('0YX6Rft0rZK2FSJpxcsjw9',#18,'BaseQuantities',$,$,(#4934,#4935,#4936));
#4938=IFCRELDEFINESBYPROPERTIES('29Uqs1OfvRQiRPHjnSyz2p',#18,$,$,(#4932),#4937);
#4939=IFCRELFILLSELEMENT('3VbXkPGQMMCcp7lLiJho3i',#18,$,$,#4932,#3302);
#4940=IFCAXIS2PLACEMENT3D(#3,#9,#6);
#4941=IFCLOCALPLACEMENT(#4931,#4940);
#4942=IFCCARTESIANPOINT((1.0669999999999997,0.49999999999999989));
#4943=IFCAXIS2PLACEMENT2D(#4942,#13);
#4944=IFCRECTANGLEPROFILEDEF(.AREA.,$,#4943,0.99999999999999978,2.1339999999999995);
#4945=IFCAXIS2PLACEMENT3D(#3,#7,#9);
#4946=IFCEXTRUDEDAREASOLID(#4944,#4945,#9,0.24999999999999997);
#4947=IFCSHAPEREPRESENTATION(#86,'Body','SweptSolid',(#4946));
#4948=IFCPRODUCTDEFINITIONSHAPE($,$,(#4947));
#4949=IFCCARTESIANPOINT((0.52499999999999725,-0.12500000000000092,0.));
#4950=IFCAXIS2PLACEMENT3D(#4949,$,$);
#4951=IFCLOCALPLACEMENT(#328,#4950);
#4952=IFCOPENINGELEMENT('1$eC_8wUVJBsjz8zDOcplP',#18,'M_Single-Flush:1000 x 2134mm 2:294218:1',$,'Opening',#4951,#4948,'294218');
#4953=IFCRELVOIDSELEMENT('00rx_E4Bf4tw0ORNXlC2rl',#18,$,$,#340,#4952);
#4954=IFCQUANTITYLENGTH('Depth',$,$,0.24999999999999997);
#4955=IFCQUANTITYLENGTH('Height',$,$,0.99999999999999989);
#4956=IFCQUANTITYLENGTH('Width',$,$,2.133999999999999);
#4957=IFCELEMENTQUANTITY('1bvlum11LvJ08rqZh2BpDD',#18,'BaseQuantities',$,$,(#4954,#4955,#4956));
#4958=IFCRELDEFINESBYPROPERTIES('2HhhY9gUAhUqrdzbZh0KX4',#18,$,$,(#4952),#4957);
#4959=IFCRELFILLSELEMENT('3imTchQfgDVBYR8f3qAv0B',#18,$,$,#4952,#3121);
#4960=IFCAXIS2PLACEMENT3D(#3,$,$);
#4961=IFCLOCALPLACEMENT(#4951,#4960);
#4962=IFCCARTESIANPOINT((1.0669999999999997,0.50000000000000022));
#4963=IFCAXIS2PLACEMENT2D(#4962,#14);
#4964=IFCRECTANGLEPROFILEDEF(.AREA.,$,#4963,0.99999999999999967,2.1339999999999995);
#4965=IFCAXIS2PLACEMENT3D(#3,#8,#9);
#4966=IFCEXTRUDEDAREASOLID(#4964,#4965,#9,0.24999999999999997);
#4967=IFCSHAPEREPRESENTATION(#86,'Body','SweptSolid',(#4966));
#4968=IFCPRODUCTDEFINITIONSHAPE($,$,(#4967));
#4969=IFCCARTESIANPOINT((1.4750000000000028,0.12499999999999763,0.));
#4970=IFCAXIS2PLACEMENT3D(#4969,$,$);
#4971=IFCLOCALPLACEMENT(#424,#4970);
#4972=IFCOPENINGELEMENT('012fQN1l_MFRtwii9Nnbwe',#18,'M_Single-Flush:1000 x 2134mm 2:294634:1',$,'Opening',#4971,#4968,'294634');
#4973=IFCRELVOIDSELEMENT('2xPjisGuXA6QrYY3Oz4M$_',#18,$,$,#436,#4972);
#4974=IFCQUANTITYLENGTH('Depth',$,$,0.24999999999999997);
#4975=IFCQUANTITYLENGTH('Height',$,$,0.99999999999999978);
#4976=IFCQUANTITYLENGTH('Width',$,$,2.133999999999999);
#4977=IFCELEMENTQUANTITY('1YnxH2GDBNK$756Y73dJ2e',#18,'BaseQuantities',$,$,(#4974,#4975,#4976));
#4978=IFCRELDEFINESBYPROPERTIES('0fc3dH9aAFXsNrZGQXOMMg',#18,$,$,(#4972),#4977);
#4979=IFCRELFILLSELEMENT('1kvS_j0Mli5ScJE2ddFaE8',#18,$,$,#4972,#3318);
#4980=IFCAXIS2PLACEMENT3D(#3,#9,#6);
#4981=IFCLOCALPLACEMENT(#4971,#4980);
#4982=IFCCARTESIANPOINT((1.3999999999999964,0.49394688349086058));
#4983=IFCAXIS2PLACEMENT2D(#4982,#11);
#4984=IFCRECTANGLEPROFILEDEF(.AREA.,$,#4983,2.7999999999999927,0.98789376698172227);
#4985=IFCAXIS2PLACEMENT3D(#3,#8,#9);
#4986=IFCEXTRUDEDAREASOLID(#4984,#4985,#9,0.34999999999999998);
#4987=IFCSHAPEREPRESENTATION(#86,'Body','SweptSolid',(#4986));
#4988=IFCPRODUCTDEFINITIONSHAPE($,$,(#4987));
#4989=IFCCARTESIANPOINT((18.11737197258822,0.17499999999996946,0.40000000000000219));
#4990=IFCAXIS2PLACEMENT3D(#4989,$,$);
#4991=IFCLOCALPLACEMENT(#692,#4990);
#4992=IFCOPENINGELEMENT('1neGhut8GI2g12RDhym6Mg',#18,'A_Fenster - Fix Variabel:100 x 135:307286:1',$,'Opening',#4991,#4988,'307286');
#4993=IFCRELVOIDSELEMENT('2MvJlk$CPA8vs3YuiTYXy5',#18,$,$,#704,#4992);
#4994=IFCQUANTITYLENGTH('Depth',$,$,0.34999999999999998);
#4995=IFCQUANTITYLENGTH('Height',$,$,0.98789376698172171);
#4996=IFCQUANTITYLENGTH('Width',$,$,2.7999999999999927);
#4997=IFCELEMENTQUANTITY('11nwO2go8YyQIruhCiufYW',#18,'BaseQuantities',$,$,(#4994,#4995,#4996));
#4998=IFCRELDEFINESBYPROPERTIES('2lVyAPAExdpJYiBbXfXS0v',#18,$,$,(#4992),#4997);
#4999=IFCRELFILLSELEMENT('2hnXTaqrIxF4Cro8vGyQln',#18,$,$,#4992,#4204);
#5000=IFCAXIS2PLACEMENT3D(#3,#9,#6);
#5001=IFCLOCALPLACEMENT(#4991,#5000);
#5002=IFCCARTESIANPOINT((1.3999999999999957,0.49394688349086058));
#5003=IFCAXIS2PLACEMENT2D(#5002,#11);
#5004=IFCRECTANGLEPROFILEDEF(.AREA.,$,#5003,2.7999999999999927,0.98789376698172227);
#5005=IFCAXIS2PLACEMENT3D(#3,#8,#9);
#5006=IFCEXTRUDEDAREASOLID(#5004,#5005,#9,0.34999999999999998);
#5007=IFCSHAPEREPRESENTATION(#86,'Body','SweptSolid',(#5006));
#5008=IFCPRODUCTDEFINITIONSHAPE($,$,(#5007));
#5009=IFCCARTESIANPOINT((14.377371972588218,0.17499999999997595,0.39999999999999031));
#5010=IFCAXIS2PLACEMENT3D(#5009,$,$);
#5011=IFCLOCALPLACEMENT(#692,#5010);
#5012=IFCOPENINGELEMENT('1DbHKGO5Qh2985bxNn2H0C',#18,'A_Fenster - Fix Variabel:100 x 135:307461:1',$,'Opening',#5011,#5008,'307461');
#5013=IFCRELVOIDSELEMENT('2MvJlk$CPA8vs3YuiTYXvM',#18,$,$,#704,#5012);
#5014=IFCQUANTITYLENGTH('Depth',$,$,0.34999999999999998);
#5015=IFCQUANTITYLENGTH('Height',$,$,0.98789376698172171);
#5016=IFCQUANTITYLENGTH('Width',$,$,2.7999999999999927);
#5017=IFCELEMENTQUANTITY('0DvmxQ2kx87uR8IrzD1xP1',#18,'BaseQuantities',$,$,(#5014,#5015,#5016));
#5018=IFCRELDEFINESBYPROPERTIES('3g5kwfU_WvaLm08rcMEfmz',#18,$,$,(#5012),#5017);
#5019=IFCRELFILLSELEMENT('1eSXyG7J_VfdqTukOiqzGn',#18,$,$,#5012,#4221);
#5020=IFCAXIS2PLACEMENT3D(#3,#9,#6);
#5021=IFCLOCALPLACEMENT(#5011,#5020);
#5022=IFCCARTESIANPOINT((1.3999999999999964,0.49394688349086058));
#5023=IFCAXIS2PLACEMENT2D(#5022,#11);
#5024=IFCRECTANGLEPROFILEDEF(.AREA.,$,#5023,2.7999999999999927,0.98789376698172227);
#5025=IFCAXIS2PLACEMENT3D(#3,#8,#9);
#5026=IFCEXTRUDEDAREASOLID(#5024,#5025,#9,0.34999999999999998);
#5027=IFCSHAPEREPRESENTATION(#86,'Body','SweptSolid',(#5026));
#5028=IFCPRODUCTDEFINITIONSHAPE($,$,(#5027));
#5029=IFCCARTESIANPOINT((10.417371972588217,0.17499999999998245,0.3999999999999892));
#5030=IFCAXIS2PLACEMENT3D(#5029,$,$);
#5031=IFCLOCALPLACEMENT(#692,#5030);
#5032=IFCOPENINGELEMENT('3tsiUd6G8Jq2MS1GdSxGSd',#18,'A_Fenster - Fix Variabel:100 x 135:307494:1',$,'Opening',#5031,#5028,'307494');
#5033=IFCRELVOIDSELEMENT('2MvJlk$CPA8vs3YuiTYXvr',#18,$,$,#704,#5032);
#5034=IFCQUANTITYLENGTH('Depth',$,$,0.34999999999999998);
#5035=IFCQUANTITYLENGTH('Height',$,$,0.98789376698172171);
#5036=IFCQUANTITYLENGTH('Width',$,$,2.7999999999999927);
#5037=IFCELEMENTQUANTITY('1LJjaFbwnCMd_SYFaIEeZd',#18,'BaseQuantities',$,$,(#5034,#5035,#5036));
#5038=IFCRELDEFINESBYPROPERTIES('2J1PU$GspEeEKYsB8Mzlu4',#18,$,$,(#5032),#5037);
#5039=IFCRELFILLSELEMENT('22G4GJnfZ3xF8_iSDqohMZ',#18,$,$,#5032,#4237);
#5040=IFCAXIS2PLACEMENT3D(#3,#9,#6);
#5041=IFCLOCALPLACEMENT(#5031,#5040);
#5042=IFCCARTESIANPOINT((1.3999999999999968,0.49394688349086169));
#5043=IFCAXIS2PLACEMENT2D(#5042,#11);
#5044=IFCRECTANGLEPROFILEDEF(.AREA.,$,#5043,2.7999999999999927,0.98789376698172227);
#5045=IFCAXIS2PLACEMENT3D(#3,#8,#9);
#5046=IFCEXTRUDEDAREASOLID(#5044,#5045,#9,0.34999999999999998);
#5047=IFCSHAPEREPRESENTATION(#86,'Body','SweptSolid',(#5046));
#5048=IFCPRODUCTDEFINITIONSHAPE($,$,(#5047));
#5049=IFCCARTESIANPOINT((6.1973719725882175,0.17499999999998894,0.39999999999998814));
#5050=IFCAXIS2PLACEMENT3D(#5049,$,$);
#5051=IFCLOCALPLACEMENT(#692,#5050);
#5052=IFCOPENINGELEMENT('3v_r8o2FrURfnZ3yXOO6E3',#18,'A_Fenster - Fix Variabel:100 x 135:307527:1',$,'Opening',#5051,#5048,'307527');
#5053=IFCRELVOIDSELEMENT('2MvJlk$CPA8vs3YuiTYXuK',#18,$,$,#704,#5052);
#5054=IFCQUANTITYLENGTH('Depth',$,$,0.34999999999999998);
#5055=IFCQUANTITYLENGTH('Height',$,$,0.98789376698172282);
#5056=IFCQUANTITYLENGTH('Width',$,$,2.7999999999999927);
#5057=IFCELEMENTQUANTITY('38xH0Y7lg2$L1PwZ6NpiuQ',#18,'BaseQuantities',$,$,(#5054,#5055,#5056));
#5058=IFCRELDEFINESBYPROPERTIES('3HyxGi9PIIx7cm5KPdFBRp',#18,$,$,(#5052),#5057);
#5059=IFCRELFILLSELEMENT('38g_qHvdGlGKNZvPjCzErq',#18,$,$,#5052,#4253);
#5060=IFCAXIS2PLACEMENT3D(#3,#9,#6);
#5061=IFCLOCALPLACEMENT(#5051,#5060);
#5062=IFCCARTESIANPOINT((1.3999999999999968,0.49394688349086113));
#5063=IFCAXIS2PLACEMENT2D(#5062,#11);
#5064=IFCRECTANGLEPROFILEDEF(.AREA.,$,#5063,2.7999999999999927,0.98789376698172227);
#5065=IFCAXIS2PLACEMENT3D(#3,#8,#9);
#5066=IFCEXTRUDEDAREASOLID(#5064,#5065,#9,0.34999999999999998);
#5067=IFCSHAPEREPRESENTATION(#86,'Body','SweptSolid',(#5066));
#5068=IFCPRODUCTDEFINITIONSHAPE($,$,(#5067));
#5069=IFCCARTESIANPOINT((1.9573719725882177,0.17499999999999544,0.39999999999998814));
#5070=IFCAXIS2PLACEMENT3D(#5069,$,$);
#5071=IFCLOCALPLACEMENT(#692,#5070);
#5072=IFCOPENINGELEMENT('1l_$C3SZExLg2zYxbrz0Yw',#18,'A_Fenster - Fix Variabel:100 x 135:307560:1',$,'Opening',#5071,#5068,'307560');
#5073=IFCRELVOIDSELEMENT('2MvJlk$CPA8vs3YuiTYXux',#18,$,$,#704,#5072);
#5074=IFCQUANTITYLENGTH('Depth',$,$,0.34999999999999998);
#5075=IFCQUANTITYLENGTH('Height',$,$,0.98789376698172171);
#5076=IFCQUANTITYLENGTH('Width',$,$,2.7999999999999927);
#5077=IFCELEMENTQUANTITY('3SSfrsNAmhCrtcBEEspiu0',#18,'BaseQuantities',$,$,(#5074,#5075,#5076));
#5078=IFCRELDEFINESBYPROPERTIES('2$lb6hmMX3n8iTaTvovTAJ',#18,$,$,(#5072),#5077);
#5079=IFCRELFILLSELEMENT('2E56xyKlMBUZfAb9Xea0Ye',#18,$,$,#5072,#4269);
#5080=IFCAXIS2PLACEMENT3D(#3,#9,#6);
#5081=IFCLOCALPLACEMENT(#5071,#5080);
#5082=IFCCARTESIANPOINT((1.3999999999999957,1.1899999999999993));
#5083=IFCAXIS2PLACEMENT2D(#5082,#11);
#5084=IFCRECTANGLEPROFILEDEF(.AREA.,$,#5083,2.7999999999999927,2.3799999999999977);
#5085=IFCAXIS2PLACEMENT3D(#3,#8,#9);
#5086=IFCEXTRUDEDAREASOLID(#5084,#5085,#9,0.34999999999999998);
#5087=IFCSHAPEREPRESENTATION(#86,'Body','SweptSolid',(#5086));
#5088=IFCPRODUCTDEFINITIONSHAPE($,$,(#5087));
#5089=IFCCARTESIANPOINT((3.3219999999999779,0.17499999999999044,0.4130233391389378));
#5090=IFCAXIS2PLACEMENT3D(#5089,$,$);
#5091=IFCLOCALPLACEMENT(#724,#5090);
#5092=IFCOPENINGELEMENT('2KA1D2j6FbKKdmLkZeri89',#18,'A_Fenster - Fix Variabel:100 x 135:306155:1',$,'Opening',#5091,#5088,'306155');
#5093=IFCRELVOIDSELEMENT('1ia27mcf95GgMvqB9UBzWH',#18,$,$,#736,#5092);
#5094=IFCQUANTITYLENGTH('Depth',$,$,0.34999999999999998);
#5095=IFCQUANTITYLENGTH('Height',$,$,2.3799999999999981);
#5096=IFCQUANTITYLENGTH('Width',$,$,2.7999999999999927);
#5097=IFCELEMENTQUANTITY('0lsZEe5FiKsMnYUHWLlMq1',#18,'BaseQuantities',$,$,(#5094,#5095,#5096));
#5098=IFCRELDEFINESBYPROPERTIES('0RvU6vWEHkR421euCKNN9B',#18,$,$,(#5092),#5097);
#5099=IFCRELFILLSELEMENT('36s2cZfNoJ2LYOQURo3XVv',#18,$,$,#5092,#3908);
#5100=IFCAXIS2PLACEMENT3D(#3,#9,#6);
#5101=IFCLOCALPLACEMENT(#5091,#5100);
#5102=IFCCARTESIANPOINT((1.3999999999999968,0.8044886587141763));
#5103=IFCAXIS2PLACEMENT2D(#5102,#11);
#5104=IFCRECTANGLEPROFILEDEF(.AREA.,$,#5103,2.7999999999999927,1.6089773174283526);
#5105=IFCAXIS2PLACEMENT3D(#3,#8,#9);
#5106=IFCEXTRUDEDAREASOLID(#5104,#5105,#9,0.34999999999999998);
#5107=IFCSHAPEREPRESENTATION(#86,'Body','SweptSolid',(#5106));
#5108=IFCPRODUCTDEFINITIONSHAPE($,$,(#5107));
#5109=IFCCARTESIANPOINT((6.1119773174283551,0.17499999999998186,0.39941530982117351));
#5110=IFCAXIS2PLACEMENT3D(#5109,$,$);
#5111=IFCLOCALPLACEMENT(#724,#5110);
#5112=IFCOPENINGELEMENT('0vf6GFach$uriZ4d9AMxuz',#18,'A_Fenster - Fix Variabel:100 x 135:306204:1',$,'Opening',#5111,#5108,'306204');
#5113=IFCRELVOIDSELEMENT('1ia27mcf95GgMvqB9UBz$c',#18,$,$,#736,#5112);
#5114=IFCQUANTITYLENGTH('Depth',$,$,0.34999999999999998);
#5115=IFCQUANTITYLENGTH('Height',$,$,1.6089773174283526);
#5116=IFCQUANTITYLENGTH('Width',$,$,2.7999999999999927);
#5117=IFCELEMENTQUANTITY('3QwwsqF6L9OsMTho0LxarX',#18,'BaseQuantities',$,$,(#5114,#5115,#5116));
#5118=IFCRELDEFINESBYPROPERTIES('3GiwxW7iyi02CeHtPNKjsI',#18,$,$,(#5112),#5117);
#5119=IFCRELFILLSELEMENT('1wsBu4LUpXUhLjJVZbnyzs',#18,$,$,#5112,#3952);
#5120=IFCAXIS2PLACEMENT3D(#3,#9,#6);
#5121=IFCLOCALPLACEMENT(#5111,#5120);
#5122=IFCCARTESIANPOINT((1.3999999999999964,0.80448865871417741));
#5123=IFCAXIS2PLACEMENT2D(#5122,#11);
#5124=IFCRECTANGLEPROFILEDEF(.AREA.,$,#5123,2.7999999999999927,1.6089773174283526);
#5125=IFCAXIS2PLACEMENT3D(#3,#8,#9);
#5126=IFCEXTRUDEDAREASOLID(#5124,#5125,#9,0.34999999999999998);
#5127=IFCSHAPEREPRESENTATION(#86,'Body','SweptSolid',(#5126));
#5128=IFCPRODUCTDEFINITIONSHAPE($,$,(#5127));
#5129=IFCCARTESIANPOINT((9.3794886587141608,0.17499999999997104,0.40000000000000219));
#5130=IFCAXIS2PLACEMENT3D(#5129,$,$);
#5131=IFCLOCALPLACEMENT(#724,#5130);
#5132=IFCOPENINGELEMENT('32SBmhPE8fVdDRJH7LTNUI',#18,'A_Fenster - Fix Variabel:100 x 135:306257:1',$,'Opening',#5131,#5128,'306257');
#5133=IFCRELVOIDSELEMENT('1ia27mcf95GgMvqB9UBz_h',#18,$,$,#736,#5132);
#5134=IFCQUANTITYLENGTH('Depth',$,$,0.34999999999999998);
#5135=IFCQUANTITYLENGTH('Height',$,$,1.6089773174283537);
#5136=IFCQUANTITYLENGTH('Width',$,$,2.7999999999999927);
#5137=IFCELEMENTQUANTITY('3LcbZ15Bsk613r5ru2amTE',#18,'BaseQuantities',$,$,(#5134,#5135,#5136));
#5138=IFCRELDEFINESBYPROPERTIES('2aTVBfzxQex6JaJyJ0Waq5',#18,$,$,(#5132),#5137);
#5139=IFCRELFILLSELEMENT('2Xs13Lt_WYP9uZ5jQpgzSq',#18,$,$,#5132,#3969);
#5140=IFCAXIS2PLACEMENT3D(#3,#9,#6);
#5141=IFCLOCALPLACEMENT(#5131,#5140);
#5142=IFCCARTESIANPOINT((1.3999999999999964,1.1761735054060334));
#5143=IFCAXIS2PLACEMENT2D(#5142,#11);
#5144=IFCRECTANGLEPROFILEDEF(.AREA.,$,#5143,2.7999999999999927,2.352347010812065);
#5145=IFCAXIS2PLACEMENT3D(#3,#8,#9);
#5146=IFCEXTRUDEDAREASOLID(#5144,#5145,#9,0.34999999999999998);
#5147=IFCSHAPEREPRESENTATION(#86,'Body','SweptSolid',(#5146));
#5148=IFCPRODUCTDEFINITIONSHAPE($,$,(#5147));
#5149=IFCCARTESIANPOINT((13.166963548758771,0.1749999999999591,0.40000000000000219));
#5150=IFCAXIS2PLACEMENT3D(#5149,$,$);
#5151=IFCLOCALPLACEMENT(#724,#5150);
#5152=IFCOPENINGELEMENT('3KlF4k_hB2K5VEyAQo0Eru',#18,'A_Fenster - Fix Variabel:100 x 135:306401:1',$,'Opening',#5151,#5148,'306401');
#5153=IFCRELVOIDSELEMENT('0gHVKx_Wz73uo1y3etsRzF',#18,$,$,#736,#5152);
#5154=IFCQUANTITYLENGTH('Depth',$,$,0.34999999999999998);
#5155=IFCQUANTITYLENGTH('Height',$,$,2.3523470108120659);
#5156=IFCQUANTITYLENGTH('Width',$,$,2.7999999999999927);
#5157=IFCELEMENTQUANTITY('1gpziXTr_LzVm8_Mi1XLtB',#18,'BaseQuantities',$,$,(#5154,#5155,#5156));
#5158=IFCRELDEFINESBYPROPERTIES('2KzmkAyS$CmSjfuv4ai9ey',#18,$,$,(#5152),#5157);
#5159=IFCRELFILLSELEMENT('08_aOTnz5u4Etm6eUCC1ai',#18,$,$,#5152,#4012);
#5160=IFCAXIS2PLACEMENT3D(#3,#9,#6);
#5161=IFCLOCALPLACEMENT(#5151,#5160);
#5162=IFCCARTESIANPOINT((1.3999999999999964,0.8049462488474286));
#5163=IFCAXIS2PLACEMENT2D(#5162,#11);
#5164=IFCRECTANGLEPROFILEDEF(.AREA.,$,#5163,2.7999999999999927,1.6098924976948572);
#5165=IFCAXIS2PLACEMENT3D(#3,#8,#9);
#5166=IFCEXTRUDEDAREASOLID(#5164,#5165,#9,0.34999999999999998);
#5167=IFCSHAPEREPRESENTATION(#86,'Body','SweptSolid',(#5166));
#5168=IFCPRODUCTDEFINITIONSHAPE($,$,(#5167));
#5169=IFCCARTESIANPOINT((16.309892497694854,0.17499999999994831,0.40000000000000219));
#5170=IFCAXIS2PLACEMENT3D(#5169,$,$);
#5171=IFCLOCALPLACEMENT(#724,#5170);
#5172=IFCOPENINGELEMENT('2YVdyXzUcJKozs65nKElA9',#18,'A_Fenster - Fix Variabel:100 x 135:306516:1',$,'Opening',#5171,#5168,'306516');
#5173=IFCRELVOIDSELEMENT('0gHVKx_Wz73uo1y3etsRxw',#18,$,$,#736,#5172);
#5174=IFCQUANTITYLENGTH('Depth',$,$,0.34999999999999998);
#5175=IFCQUANTITYLENGTH('Height',$,$,1.6098924976948572);
#5176=IFCQUANTITYLENGTH('Width',$,$,2.7999999999999927);
#5177=IFCELEMENTQUANTITY('3syw6kdge7QnHQv27UeWf1',#18,'BaseQuantities',$,$,(#5174,#5175,#5176));
#5178=IFCRELDEFINESBYPROPERTIES('2s2xieZ0tNS7HcSUbLUJ_d',#18,$,$,(#5172),#5177);
#5179=IFCRELFILLSELEMENT('1U2hy2T8A2XPo43D$EgK_h',#18,$,$,#5172,#4056);
#5180=IFCAXIS2PLACEMENT3D(#3,#9,#6);
#5181=IFCLOCALPLACEMENT(#5171,#5180);
#5182=IFCCARTESIANPOINT((1.3999999999999964,0.8049462488474286));
#5183=IFCAXIS2PLACEMENT2D(#5182,#11);
#5184=IFCRECTANGLEPROFILEDEF(.AREA.,$,#5183,2.7999999999999927,1.6098924976948572);
#5185=IFCAXIS2PLACEMENT3D(#3,#8,#9);
#5186=IFCEXTRUDEDAREASOLID(#5184,#5185,#9,0.34999999999999998);
#5187=IFCSHAPEREPRESENTATION(#86,'Body','SweptSolid',(#5186));
#5188=IFCPRODUCTDEFINITIONSHAPE($,$,(#5187));
#5189=IFCCARTESIANPOINT((19.534139050056481,0.17499999999993857,0.40000000000000219));
#5190=IFCAXIS2PLACEMENT3D(#5189,$,$);
#5191=IFCLOCALPLACEMENT(#724,#5190);
#5192=IFCOPENINGELEMENT('0Mji1JS630JB0Sd0L_4eDq',#18,'A_Fenster - Fix Variabel:100 x 135:306601:1',$,'Opening',#5191,#5188,'306601');
#5193=IFCRELVOIDSELEMENT('0gHVKx_Wz73uo1y3etsRu7',#18,$,$,#736,#5192);
#5194=IFCQUANTITYLENGTH('Depth',$,$,0.34999999999999998);
#5195=IFCQUANTITYLENGTH('Height',$,$,1.6098924976948572);
#5196=IFCQUANTITYLENGTH('Width',$,$,2.7999999999999927);
#5197=IFCELEMENTQUANTITY('2Rf8saOTmumO9af2v1tUv2',#18,'BaseQuantities',$,$,(#5194,#5195,#5196));
#5198=IFCRELDEFINESBYPROPERTIES('3Na17jmXotdPIwJkk2xHkC',#18,$,$,(#5192),#5197);
#5199=IFCRELFILLSELEMENT('0P7g2Tcom$OQqUlc$LLuhR',#18,$,$,#5192,#4073);
#5200=IFCAXIS2PLACEMENT3D(#3,#9,#6);
#5201=IFCLOCALPLACEMENT(#5191,#5200);
#5202=IFCCARTESIANPOINT((1.3999999999999964,1.1959076209603319));
#5203=IFCAXIS2PLACEMENT2D(#5202,#11);
#5204=IFCRECTANGLEPROFILEDEF(.AREA.,$,#5203,2.7999999999999927,2.3918152419206611);
#5205=IFCAXIS2PLACEMENT3D(#3,#8,#9);
#5206=IFCEXTRUDEDAREASOLID(#5204,#5205,#9,0.34999999999999998);
#5207=IFCSHAPEREPRESENTATION(#86,'Body','SweptSolid',(#5206));
#5208=IFCPRODUCTDEFINITIONSHAPE($,$,(#5207));
#5209=IFCCARTESIANPOINT((23.470907620960311,0.17499999999992544,0.40000000000000219));
#5210=IFCAXIS2PLACEMENT3D(#5209,$,$);
#5211=IFCLOCALPLACEMENT(#724,#5210);
#5212=IFCOPENINGELEMENT('2pcRUCQbE_X4a53omjWna8',#18,'A_Fenster - Fix Variabel:100 x 135:306709:1',$,'Opening',#5211,#5208,'306709');
#5213=IFCRELVOIDSELEMENT('0gHVKx_Wz73uo1y3etsRsx',#18,$,$,#736,#5212);
#5214=IFCQUANTITYLENGTH('Depth',$,$,0.34999999999999998);
#5215=IFCQUANTITYLENGTH('Height',$,$,2.3918152419206624);
#5216=IFCQUANTITYLENGTH('Width',$,$,2.7999999999999927);
#5217=IFCELEMENTQUANTITY('28VOQQOppeM6XIDxmvNbW0',#18,'BaseQuantities',$,$,(#5214,#5215,#5216));
#5218=IFCRELDEFINESBYPROPERTIES('145tV27d7h5jibjGhge2zS',#18,$,$,(#5212),#5217);
#5219=IFCRELFILLSELEMENT('3xSBUSguzRiLSObe$0z1nP',#18,$,$,#5212,#4116);
#5220=IFCAXIS2PLACEMENT3D(#3,#9,#6);
#5221=IFCLOCALPLACEMENT(#5211,#5220);
#5222=IFCCARTESIANPOINT((1.3999999999999964,0.40574964290386462));
#5223=IFCAXIS2PLACEMENT2D(#5222,#11);
#5224=IFCRECTANGLEPROFILEDEF(.AREA.,$,#5223,2.7999999999999927,0.81149928580773034);
#5225=IFCAXIS2PLACEMENT3D(#3,#8,#9);
#5226=IFCEXTRUDEDAREASOLID(#5224,#5225,#9,0.34999999999999998);
#5227=IFCSHAPEREPRESENTATION(#86,'Body','SweptSolid',(#5226));
#5228=IFCPRODUCTDEFINITIONSHAPE($,$,(#5227));
#5229=IFCCARTESIANPOINT((25.680749642903724,0.174999999999918,0.40000000000000219));
#5230=IFCAXIS2PLACEMENT3D(#5229,$,$);
#5231=IFCLOCALPLACEMENT(#724,#5230);
#5232=IFCOPENINGELEMENT('1FWVYlfbwJfyeb8R1kXrFR',#18,'A_Fenster - Fix Variabel:100 x 135:306846:1',$,'Opening',#5231,#5228,'306846');
#5233=IFCRELVOIDSELEMENT('0gHVKx_Wz73uo1y3etsRqm',#18,$,$,#736,#5232);
#5234=IFCQUANTITYLENGTH('Depth',$,$,0.34999999999999998);
#5235=IFCQUANTITYLENGTH('Height',$,$,0.81149928580772979);
#5236=IFCQUANTITYLENGTH('Width',$,$,2.7999999999999927);
#5237=IFCELEMENTQUANTITY('1l2Z_9jhVJoWGbb4fcBSyO',#18,'BaseQuantities',$,$,(#5234,#5235,#5236));
#5238=IFCRELDEFINESBYPROPERTIES('23qzF5_0XnMRo7ko_lrCOA',#18,$,$,(#5232),#5237);
#5239=IFCRELFILLSELEMENT('2b14fkbIQd4DYU5ibxQUMQ',#18,$,$,#5232,#4160);
#5240=IFCAXIS2PLACEMENT3D(#3,#9,#6);
#5241=IFCLOCALPLACEMENT(#5231,#5240);
#5242=IFCCARTESIANPOINT((1.0669999999999997,0.50000000000000022));
#5243=IFCAXIS2PLACEMENT2D(#5242,#14);
#5244=IFCRECTANGLEPROFILEDEF(.AREA.,$,#5243,0.99999999999999967,2.1339999999999995);
#5245=IFCAXIS2PLACEMENT3D(#3,#7,#9);
#5246=IFCEXTRUDEDAREASOLID(#5244,#5245,#9,0.12799999999999997);
#5247=IFCSHAPEREPRESENTATION(#86,'Body','SweptSolid',(#5246));
#5248=IFCPRODUCTDEFINITIONSHAPE($,$,(#5247));
#5249=IFCCARTESIANPOINT((0.15699999999999814,-0.064000000000002916,0.));
#5250=IFCAXIS2PLACEMENT3D(#5249,$,$);
#5251=IFCLOCALPLACEMENT(#923,#5250);
#5252=IFCOPENINGELEMENT('1tCb5$R_llCrPyPCMfKyKK',#18,'M_Single-Flush:1000 x 2134mm 2:294063:1',$,'Opening',#5251,#5248,'294063');
#5253=IFCRELVOIDSELEMENT('00rx_E4Bf4tw0ORNXlC2oA',#18,$,$,#952,#5252);
#5254=IFCQUANTITYLENGTH('Depth',$,$,0.12799999999999997);
#5255=IFCQUANTITYLENGTH('Height',$,$,0.99999999999999978);
#5256=IFCQUANTITYLENGTH('Width',$,$,2.133999999999999);
#5257=IFCELEMENTQUANTITY('3IjP4oGoNEqMm47b8sQqxR',#18,'BaseQuantities',$,$,(#5254,#5255,#5256));
#5258=IFCRELDEFINESBYPROPERTIES('2aMKJxOGI79DtQNxyQ3xWi',#18,$,$,(#5252),#5257);
#5259=IFCRELFILLSELEMENT('2Bgzt_1y59C$$JImAewvYy',#18,$,$,#5252,#3072);
#5260=IFCAXIS2PLACEMENT3D(#3,$,$);
#5261=IFCLOCALPLACEMENT(#5251,#5260);
#5262=IFCCARTESIANPOINT((1.0675000000000001,0.44250000000000062));
#5263=IFCAXIS2PLACEMENT2D(#5262,#14);
#5264=IFCRECTANGLEPROFILEDEF(.AREA.,$,#5263,0.88499999999999956,2.1349999999999993);
#5265=IFCAXIS2PLACEMENT3D(#3,#7,#9);
#5266=IFCEXTRUDEDAREASOLID(#5264,#5265,#9,0.12799999999999997);
#5267=IFCSHAPEREPRESENTATION(#86,'Body','SweptSolid',(#5266));
#5268=IFCPRODUCTDEFINITIONSHAPE($,$,(#5267));
#5269=IFCCARTESIANPOINT((7.5404999999998816,-0.064000000000026452,0.));
#5270=IFCAXIS2PLACEMENT3D(#5269,$,$);
#5271=IFCLOCALPLACEMENT(#998,#5270);
#5272=IFCOPENINGELEMENT('1yzaSX6uEt6_PYyvuDRcxt',#18,'M_Single-Flush:0885 x 2135 mm:293469:1',$,'Opening',#5271,#5268,'293469');
#5273=IFCRELVOIDSELEMENT('00rx_E4Bf4tw0ORNXlC2fu',#18,$,$,#1025,#5272);
#5274=IFCQUANTITYLENGTH('Depth',$,$,0.12799999999999997);
#5275=IFCQUANTITYLENGTH('Height',$,$,0.88499999999999968);
#5276=IFCQUANTITYLENGTH('Width',$,$,2.1349999999999998);
#5277=IFCELEMENTQUANTITY('1pUvzEi5lwZVQb$ngXGxM1',#18,'BaseQuantities',$,$,(#5274,#5275,#5276));
#5278=IFCRELDEFINESBYPROPERTIES('0IrWzsXtAcskhyTcgXXEyk',#18,$,$,(#5272),#5277);
#5279=IFCRELFILLSELEMENT('2AeX7O8lf$mggQnOHpNxSp',#18,$,$,#5272,#2332);
#5280=IFCAXIS2PLACEMENT3D(#3,$,$);
#5281=IFCLOCALPLACEMENT(#5271,#5280);
#5282=IFCCARTESIANPOINT((1.0669999999999997,0.38100000000000017));
#5283=IFCAXIS2PLACEMENT2D(#5282,#14);
#5284=IFCRECTANGLEPROFILEDEF(.AREA.,$,#5283,0.76199999999999957,2.1339999999999995);
#5285=IFCAXIS2PLACEMENT3D(#3,#7,#9);
#5286=IFCEXTRUDEDAREASOLID(#5284,#5285,#9,0.12799999999999997);
#5287=IFCSHAPEREPRESENTATION(#86,'Body','SweptSolid',(#5286));
#5288=IFCPRODUCTDEFINITIONSHAPE($,$,(#5287));
#5289=IFCCARTESIANPOINT((0.85499999999999809,-0.06400000000000497,0.));
#5290=IFCAXIS2PLACEMENT3D(#5289,$,$);
#5291=IFCLOCALPLACEMENT(#998,#5290);
#5292=IFCOPENINGELEMENT('2yfeKAetbI73PyyzbPvbSy',#18,'M_Single-Flush:0762 x 2134mm:294118:1',$,'Opening',#5291,#5288,'294118');
#5293=IFCRELVOIDSELEMENT('00rx_E4Bf4tw0ORNXlC2p3',#18,$,$,#1025,#5292);
#5294=IFCQUANTITYLENGTH('Depth',$,$,0.12799999999999997);
#5295=IFCQUANTITYLENGTH('Height',$,$,0.76199999999999979);
#5296=IFCQUANTITYLENGTH('Width',$,$,2.133999999999999);
#5297=IFCELEMENTQUANTITY('09pd$DoqzfKLyi0Te_1VzD',#18,'BaseQuantities',$,$,(#5294,#5295,#5296));
#5298=IFCRELDEFINESBYPROPERTIES('0vwwElQYLdO3CwLM45PFad',#18,$,$,(#5292),#5297);
#5299=IFCRELFILLSELEMENT('3$puaUL5LwMrvvpv4mARyS',#18,$,$,#5292,#3089);
#5300=IFCAXIS2PLACEMENT3D(#3,$,$);
#5301=IFCLOCALPLACEMENT(#5291,#5300);
#5302=IFCCARTESIANPOINT((1.0669999999999997,0.38100000000000023));
#5303=IFCAXIS2PLACEMENT2D(#5302,#14);
#5304=IFCRECTANGLEPROFILEDEF(.AREA.,$,#5303,0.76199999999999968,2.1339999999999995);
#5305=IFCAXIS2PLACEMENT3D(#3,#7,#9);
#5306=IFCEXTRUDEDAREASOLID(#5304,#5305,#9,0.12799999999999997);
#5307=IFCSHAPEREPRESENTATION(#86,'Body','SweptSolid',(#5306));
#5308=IFCPRODUCTDEFINITIONSHAPE($,$,(#5307));
#5309=IFCCARTESIANPOINT((4.2419999999998721,-0.064000000000015808,0.));
#5310=IFCAXIS2PLACEMENT3D(#5309,$,$);
#5311=IFCLOCALPLACEMENT(#998,#5310);
#5312=IFCOPENINGELEMENT('2gLchbR1qf5z6zhku5dkNY',#18,'M_Single-Flush:0762 x 2134mm:296076:1',$,'Opening',#5311,#5308,'296076');
#5313=IFCRELVOIDSELEMENT('0Ia0cbZp5DnPeiwX1BWZv0',#18,$,$,#1025,#5312);
#5314=IFCQUANTITYLENGTH('Depth',$,$,0.12799999999999997);
#5315=IFCQUANTITYLENGTH('Height',$,$,0.76199999999999979);
#5316=IFCQUANTITYLENGTH('Width',$,$,2.133999999999999);
#5317=IFCELEMENTQUANTITY('0bQ7GK8Jei1EUxsMmVkK$9',#18,'BaseQuantities',$,$,(#5314,#5315,#5316));
#5318=IFCRELDEFINESBYPROPERTIES('2vuUG7jQKSMe2lQAYLFMCn',#18,$,$,(#5312),#5317);
#5319=IFCRELFILLSELEMENT('1Yx7wytPazoFuE7xLAJ4fo',#18,$,$,#5312,#3350);
#5320=IFCAXIS2PLACEMENT3D(#3,$,$);
#5321=IFCLOCALPLACEMENT(#5311,#5320);
#5322=IFCCARTESIANPOINT((1.0669999999999997,0.49999999999999956));
#5323=IFCAXIS2PLACEMENT2D(#5322,#13);
#5324=IFCRECTANGLEPROFILEDEF(.AREA.,$,#5323,0.99999999999999967,2.1339999999999995);
#5325=IFCAXIS2PLACEMENT3D(#3,#8,#9);
#5326=IFCEXTRUDEDAREASOLID(#5324,#5325,#9,0.12799999999999997);
#5327=IFCSHAPEREPRESENTATION(#86,'Body','SweptSolid',(#5326));
#5328=IFCPRODUCTDEFINITIONSHAPE($,$,(#5327));
#5329=IFCCARTESIANPOINT((1.0750000000000035,0.063999999999997656,0.));
#5330=IFCAXIS2PLACEMENT3D(#5329,$,$);
#5331=IFCLOCALPLACEMENT(#1045,#5330);
#5332=IFCOPENINGELEMENT('1P39In$m9sTdjvBqnH2jHI',#18,'M_Single-Flush:1000 x 2134mm 2:293468:1',$,'Opening',#5331,#5328,'293468');
#5333=IFCRELVOIDSELEMENT('00rx_E4Bf4tw0ORNXlC2fv',#18,$,$,#1068,#5332);
#5334=IFCQUANTITYLENGTH('Depth',$,$,0.12799999999999997);
#5335=IFCQUANTITYLENGTH('Height',$,$,0.99999999999999978);
#5336=IFCQUANTITYLENGTH('Width',$,$,2.133999999999999);
#5337=IFCELEMENTQUANTITY('16kA9tqQsOQynMs268vn3x',#18,'BaseQuantities',$,$,(#5334,#5335,#5336));
#5338=IFCRELDEFINESBYPROPERTIES('0mi17VmVbduXD1cUns$EoG',#18,$,$,(#5332),#5337);
#5339=IFCRELFILLSELEMENT('297cpbShzu_VEOXQ7xu8BC',#18,$,$,#5332,#2275);
#5340=IFCAXIS2PLACEMENT3D(#3,#9,#6);
#5341=IFCLOCALPLACEMENT(#5331,#5340);
#5342=IFCCARTESIANPOINT((1.0669999999999997,0.38100000000000023));
#5343=IFCAXIS2PLACEMENT2D(#5342,#14);
#5344=IFCRECTANGLEPROFILEDEF(.AREA.,$,#5343,0.76199999999999968,2.1339999999999995);
#5345=IFCAXIS2PLACEMENT3D(#3,#7,#9);
#5346=IFCEXTRUDEDAREASOLID(#5344,#5345,#9,0.12799999999999997);
#5347=IFCSHAPEREPRESENTATION(#86,'Body','SweptSolid',(#5346));
#5348=IFCPRODUCTDEFINITIONSHAPE($,$,(#5347));
#5349=IFCCARTESIANPOINT((0.25499999999999645,-0.064000000000002388,0.));
#5350=IFCAXIS2PLACEMENT3D(#5349,$,$);
#5351=IFCLOCALPLACEMENT(#1132,#5350);
#5352=IFCOPENINGELEMENT('1LPeOhyc2nsd46UjEnUZX4',#18,'M_Single-Flush:0762 x 2134mm:293895:1',$,'Opening',#5351,#5348,'293895');
#5353=IFCRELVOIDSELEMENT('00rx_E4Bf4tw0ORNXlC2mY',#18,$,$,#1155,#5352);
#5354=IFCQUANTITYLENGTH('Depth',$,$,0.12799999999999997);
#5355=IFCQUANTITYLENGTH('Height',$,$,0.76199999999999979);
#5356=IFCQUANTITYLENGTH('Width',$,$,2.133999999999999);
#5357=IFCELEMENTQUANTITY('1zrNfNyErLOsgpVm8sDmiY',#18,'BaseQuantities',$,$,(#5354,#5355,#5356));
#5358=IFCRELDEFINESBYPROPERTIES('3di3sGZIouGs0T_NOZ8_AS',#18,$,$,(#5352),#5357);
#5359=IFCRELFILLSELEMENT('0CAsizhrmclUWT3gQ$TpKL',#18,$,$,#5352,#2999);
#5360=IFCAXIS2PLACEMENT3D(#3,$,$);
#5361=IFCLOCALPLACEMENT(#5351,#5360);
#5362=IFCCARTESIANPOINT((1.0669999999999997,0.49999999999999989));
#5363=IFCAXIS2PLACEMENT2D(#5362,#13);
#5364=IFCRECTANGLEPROFILEDEF(.AREA.,$,#5363,0.99999999999999978,2.1339999999999995);
#5365=IFCAXIS2PLACEMENT3D(#3,#7,#9);
#5366=IFCEXTRUDEDAREASOLID(#5364,#5365,#9,0.12799999999999997);
#5367=IFCSHAPEREPRESENTATION(#86,'Body','SweptSolid',(#5366));
#5368=IFCPRODUCTDEFINITIONSHAPE($,$,(#5367));
#5369=IFCCARTESIANPOINT((0.14300000000003857,-0.064000000000001708,0.));
#5370=IFCAXIS2PLACEMENT3D(#5369,$,$);
#5371=IFCLOCALPLACEMENT(#1175,#5370);
#5372=IFCOPENINGELEMENT('06yyFN0fPwEFGzQ7iSpZxv',#18,'M_Single-Flush:1000 x 2134mm 2:293467:1',$,'Opening',#5371,#5368,'293467');
#5373=IFCRELVOIDSELEMENT('00rx_E4Bf4tw0ORNXlC2f_',#18,$,$,#1203,#5372);
#5374=IFCQUANTITYLENGTH('Depth',$,$,0.12799999999999997);
#5375=IFCQUANTITYLENGTH('Height',$,$,0.99999999999999989);
#5376=IFCQUANTITYLENGTH('Width',$,$,2.133999999999999);
#5377=IFCELEMENTQUANTITY('1bRN1o7AZIsXY2w6UHUfnl',#18,'BaseQuantities',$,$,(#5374,#5375,#5376));
#5378=IFCRELDEFINESBYPROPERTIES('1Mv5M1FDZt4v2$f29YUbHW',#18,$,$,(#5372),#5377);
#5379=IFCRELFILLSELEMENT('2P26FtSUCsvbO0G7fPomhW',#18,$,$,#5372,#2257);
#5380=IFCAXIS2PLACEMENT3D(#3,$,$);
#5381=IFCLOCALPLACEMENT(#5371,#5380);
#5382=IFCCARTESIANPOINT((1.0669999999999997,0.38100000000000023));
#5383=IFCAXIS2PLACEMENT2D(#5382,#14);
#5384=IFCRECTANGLEPROFILEDEF(.AREA.,$,#5383,0.76200000000000012,2.1339999999999995);
#5385=IFCAXIS2PLACEMENT3D(#3,#8,#9);
#5386=IFCEXTRUDEDAREASOLID(#5384,#5385,#9,0.12799999999999997);
#5387=IFCSHAPEREPRESENTATION(#86,'Body','SweptSolid',(#5386));
#5388=IFCPRODUCTDEFINITIONSHAPE($,$,(#5387));
#5389=IFCCARTESIANPOINT((4.8480000000000114,0.063999999999994298,0.));
#5390=IFCAXIS2PLACEMENT3D(#5389,$,$);
#5391=IFCLOCALPLACEMENT(#1223,#5390);
#5392=IFCOPENINGELEMENT('1x96rzinLxhaOP9hZoG9$4',#18,'M_Single-Flush:0762 x 2134mm:293473:1',$,'Opening',#5391,#5388,'293473');
#5393=IFCRELVOIDSELEMENT('00rx_E4Bf4tw0ORNXlC2f4',#18,$,$,#1252,#5392);
#5394=IFCQUANTITYLENGTH('Depth',$,$,0.12799999999999997);
#5395=IFCQUANTITYLENGTH('Height',$,$,0.76200000000000034);
#5396=IFCQUANTITYLENGTH('Width',$,$,2.133999999999999);
#5397=IFCELEMENTQUANTITY('34soJXTvF$eCz9SDhYJQDQ',#18,'BaseQuantities',$,$,(#5394,#5395,#5396));
#5398=IFCRELDEFINESBYPROPERTIES('3$GnkBWHOi3ewdySOUqnWZ',#18,$,$,(#5392),#5397);
#5399=IFCRELFILLSELEMENT('1odexvN38B468Jqxj78hdL',#18,$,$,#5392,#2481);
#5400=IFCAXIS2PLACEMENT3D(#3,#9,#6);
#5401=IFCLOCALPLACEMENT(#5391,#5400);
#5402=IFCCARTESIANPOINT((1.0669999999999997,0.38099999999999995));
#5403=IFCAXIS2PLACEMENT2D(#5402,#13);
#5404=IFCRECTANGLEPROFILEDEF(.AREA.,$,#5403,0.76200000000000023,2.1339999999999995);
#5405=IFCAXIS2PLACEMENT3D(#3,#8,#9);
#5406=IFCEXTRUDEDAREASOLID(#5404,#5405,#9,0.12799999999999997);
#5407=IFCSHAPEREPRESENTATION(#86,'Body','SweptSolid',(#5406));
#5408=IFCPRODUCTDEFINITIONSHAPE($,$,(#5407));
#5409=IFCCARTESIANPOINT((3.0090000000000048,0.063999999999995907,0.));
#5410=IFCAXIS2PLACEMENT3D(#5409,$,$);
#5411=IFCLOCALPLACEMENT(#1223,#5410);
#5412=IFCOPENINGELEMENT('1DO8pp5wEyO_4VXQlZ8F8A',#18,'M_Single-Flush:0762 x 2134mm:293475:1',$,'Opening',#5411,#5408,'293475');
#5413=IFCRELVOIDSELEMENT('00rx_E4Bf4tw0ORNXlC2f6',#18,$,$,#1252,#5412);
#5414=IFCQUANTITYLENGTH('Depth',$,$,0.12799999999999997);
#5415=IFCQUANTITYLENGTH('Height',$,$,0.76200000000000034);
#5416=IFCQUANTITYLENGTH('Width',$,$,2.133999999999999);
#5417=IFCELEMENTQUANTITY('1H$MrNTSCeeQlvrhjtvTeu',#18,'BaseQuantities',$,$,(#5414,#5415,#5416));
#5418=IFCRELDEFINESBYPROPERTIES('0VX$6F98JXaP16vSqTvPuD',#18,$,$,(#5412),#5417);
#5419=IFCRELFILLSELEMENT('07cHtsFCiH0i$TLaECHyUt',#18,$,$,#5412,#2556);
#5420=IFCAXIS2PLACEMENT3D(#3,#9,#6);
#5421=IFCLOCALPLACEMENT(#5411,#5420);
#5422=IFCCARTESIANPOINT((1.0669999999999997,0.38099999999999989));
#5423=IFCAXIS2PLACEMENT2D(#5422,#13);
#5424=IFCRECTANGLEPROFILEDEF(.AREA.,$,#5423,0.76199999999999979,2.1339999999999995);
#5425=IFCAXIS2PLACEMENT3D(#3,#8,#9);
#5426=IFCEXTRUDEDAREASOLID(#5424,#5425,#9,0.12799999999999997);
#5427=IFCSHAPEREPRESENTATION(#86,'Body','SweptSolid',(#5426));
#5428=IFCPRODUCTDEFINITIONSHAPE($,$,(#5427));
#5429=IFCCARTESIANPOINT((1.2060000000000008,0.063999999999998988,0.));
#5430=IFCAXIS2PLACEMENT3D(#5429,$,$);
#5431=IFCLOCALPLACEMENT(#1223,#5430);
#5432=IFCOPENINGELEMENT('0uBbIb_GJi9boODq69xKiH',#18,'M_Single-Flush:0762 x 2134mm:293476:1',$,'Opening',#5431,#5428,'293476');
#5433=IFCRELVOIDSELEMENT('00rx_E4Bf4tw0ORNXlC2f1',#18,$,$,#1252,#5432);
#5434=IFCQUANTITYLENGTH('Depth',$,$,0.12799999999999997);
#5435=IFCQUANTITYLENGTH('Height',$,$,0.7619999999999999);
#5436=IFCQUANTITYLENGTH('Width',$,$,2.133999999999999);
#5437=IFCELEMENTQUANTITY('3JKdY8MYRDQJ9rtz_9S8FD',#18,'BaseQuantities',$,$,(#5434,#5435,#5436));
#5438=IFCRELDEFINESBYPROPERTIES('1FgMzRkrZsRrgYKxf8sklr',#18,$,$,(#5432),#5437);
#5439=IFCRELFILLSELEMENT('38_NQHZ$tB161ecrOfmoMc',#18,$,$,#5432,#2573);
#5440=IFCAXIS2PLACEMENT3D(#3,#9,#6);
#5441=IFCLOCALPLACEMENT(#5431,#5440);
#5442=IFCCARTESIANPOINT((1.0669999999999997,0.38100000000000045));
#5443=IFCAXIS2PLACEMENT2D(#5442,#14);
#5444=IFCRECTANGLEPROFILEDEF(.AREA.,$,#5443,0.76200000000000012,2.1339999999999995);
#5445=IFCAXIS2PLACEMENT3D(#3,#7,#9);
#5446=IFCEXTRUDEDAREASOLID(#5444,#5445,#9,0.12799999999999997);
#5447=IFCSHAPEREPRESENTATION(#86,'Body','SweptSolid',(#5446));
#5448=IFCPRODUCTDEFINITIONSHAPE($,$,(#5447));
#5449=IFCCARTESIANPOINT((0.25499999999999645,-0.064000000000002485,0.));
#5450=IFCAXIS2PLACEMENT3D(#5449,$,$);
#5451=IFCLOCALPLACEMENT(#1319,#5450);
#5452=IFCOPENINGELEMENT('1t87bwXb1pet5ITsr5qQPn',#18,'M_Single-Flush:0762 x 2134mm:293474:1',$,'Opening',#5451,#5448,'293474');
#5453=IFCRELVOIDSELEMENT('00rx_E4Bf4tw0ORNXlC2f7',#18,$,$,#1348,#5452);
#5454=IFCQUANTITYLENGTH('Depth',$,$,0.12799999999999997);
#5455=IFCQUANTITYLENGTH('Height',$,$,0.76200000000000034);
#5456=IFCQUANTITYLENGTH('Width',$,$,2.133999999999999);
#5457=IFCELEMENTQUANTITY('3QHh$CdsvPDsppniQHIO50',#18,'BaseQuantities',$,$,(#5454,#5455,#5456));
#5458=IFCRELDEFINESBYPROPERTIES('1spikoIeObUfwVl7T_9gvp',#18,$,$,(#5452),#5457);
#5459=IFCRELFILLSELEMENT('0lASIeHyRCGIcAOEFVWBJJ',#18,$,$,#5452,#2499);
#5460=IFCAXIS2PLACEMENT3D(#3,$,$);
#5461=IFCLOCALPLACEMENT(#5451,#5460);
#5462=IFCCARTESIANPOINT((1.0669999999999997,0.38099999999999978));
#5463=IFCAXIS2PLACEMENT2D(#5462,#13);
#5464=IFCRECTANGLEPROFILEDEF(.AREA.,$,#5463,0.76199999999999968,2.1339999999999995);
#5465=IFCAXIS2PLACEMENT3D(#3,#7,#9);
#5466=IFCEXTRUDEDAREASOLID(#5464,#5465,#9,0.12799999999999997);
#5467=IFCSHAPEREPRESENTATION(#86,'Body','SweptSolid',(#5466));
#5468=IFCPRODUCTDEFINITIONSHAPE($,$,(#5467));
#5469=IFCCARTESIANPOINT((3.9639999999900235,-0.064000000000007107,0.));
#5470=IFCAXIS2PLACEMENT3D(#5469,$,$);
#5471=IFCLOCALPLACEMENT(#1319,#5470);
#5472=IFCOPENINGELEMENT('2uXejQwveAHDeDmcDZDKAL',#18,'M_Single-Flush:0762 x 2134mm:293477:1',$,'Opening',#5471,#5468,'293477');
#5473=IFCRELVOIDSELEMENT('00rx_E4Bf4tw0ORNXlC2f0',#18,$,$,#1348,#5472);
#5474=IFCQUANTITYLENGTH('Depth',$,$,0.12799999999999997);
#5475=IFCQUANTITYLENGTH('Height',$,$,0.76199999999999979);
#5476=IFCQUANTITYLENGTH('Width',$,$,2.133999999999999);
#5477=IFCELEMENTQUANTITY('3r_NUh4_ZIIN85r25IZJ33',#18,'BaseQuantities',$,$,(#5474,#5475,#5476));
#5478=IFCRELDEFINESBYPROPERTIES('0$rX_k9htg1efWMc00qTWe',#18,$,$,(#5472),#5477);
#5479=IFCRELFILLSELEMENT('0Bk02UbZI1MnDufEX6eir2',#18,$,$,#5472,#2589);
#5480=IFCAXIS2PLACEMENT3D(#3,$,$);
#5481=IFCLOCALPLACEMENT(#5471,#5480);
#5482=IFCCARTESIANPOINT((1.0675000000000001,0.44249999999999912));
#5483=IFCAXIS2PLACEMENT2D(#5482,#13);
#5484=IFCRECTANGLEPROFILEDEF(.AREA.,$,#5483,0.88499999999999956,2.1349999999999993);
#5485=IFCAXIS2PLACEMENT3D(#3,#7,#9);
#5486=IFCEXTRUDEDAREASOLID(#5484,#5485,#9,0.12799999999999997);
#5487=IFCSHAPEREPRESENTATION(#86,'Body','SweptSolid',(#5486));
#5488=IFCPRODUCTDEFINITIONSHAPE($,$,(#5487));
#5489=IFCCARTESIANPOINT((19.799500000000013,-0.064000000000064769,0.));
#5490=IFCAXIS2PLACEMENT3D(#5489,$,$);
#5491=IFCLOCALPLACEMENT(#1497,#5490);
#5492=IFCOPENINGELEMENT('2yenIQ7mHats4SBFUuaAem',#18,'M_Single-Flush:0885 x 2135 mm:293470:1',$,'Opening',#5491,#5488,'293470');
#5493=IFCRELVOIDSELEMENT('00rx_E4Bf4tw0ORNXlC2fx',#18,$,$,#1542,#5492);
#5494=IFCQUANTITYLENGTH('Depth',$,$,0.12799999999999997);
#5495=IFCQUANTITYLENGTH('Height',$,$,0.88499999999999968);
#5496=IFCQUANTITYLENGTH('Width',$,$,2.1349999999999998);
#5497=IFCELEMENTQUANTITY('0$wcPuEijbUnfHJCJKKTr_',#18,'BaseQuantities',$,$,(#5494,#5495,#5496));
#5498=IFCRELDEFINESBYPROPERTIES('0pqkysGpaFye6zZfeWtS8m',#18,$,$,(#5492),#5497);
#5499=IFCRELFILLSELEMENT('2UnL6iONSo7b4hyzA_4gTN',#18,$,$,#5492,#2391);
#5500=IFCAXIS2PLACEMENT3D(#3,$,$);
#5501=IFCLOCALPLACEMENT(#5491,#5500);
#5502=IFCCARTESIANPOINT((1.0675000000000001,0.44250000000000017));
#5503=IFCAXIS2PLACEMENT2D(#5502,#13);
#5504=IFCRECTANGLEPROFILEDEF(.AREA.,$,#5503,0.88500000000000179,2.1349999999999993);
#5505=IFCAXIS2PLACEMENT3D(#3,#7,#9);
#5506=IFCEXTRUDEDAREASOLID(#5504,#5505,#9,0.12799999999999997);
#5507=IFCSHAPEREPRESENTATION(#86,'Body','SweptSolid',(#5506));
#5508=IFCPRODUCTDEFINITIONSHAPE($,$,(#5507));
#5509=IFCCARTESIANPOINT((12.763903701096396,-0.064000000000042037,0.));
#5510=IFCAXIS2PLACEMENT3D(#5509,$,$);
#5511=IFCLOCALPLACEMENT(#1497,#5510);
#5512=IFCOPENINGELEMENT('1xbJwY3Prr6H9IuqhIu3GS',#18,'M_Single-Flush:0885 x 2135 mm:293471:1',$,'Opening',#5511,#5508,'293471');
#5513=IFCRELVOIDSELEMENT('00rx_E4Bf4tw0ORNXlC2fw',#18,$,$,#1542,#5512);
#5514=IFCQUANTITYLENGTH('Depth',$,$,0.12799999999999997);
#5515=IFCQUANTITYLENGTH('Height',$,$,0.8850000000000019);
#5516=IFCQUANTITYLENGTH('Width',$,$,2.1349999999999998);
#5517=IFCELEMENTQUANTITY('03T1WuuyELKw6PBdakUTsa',#18,'BaseQuantities',$,$,(#5514,#5515,#5516));
#5518=IFCRELDEFINESBYPROPERTIES('03uiRpRivfXoAU2JI4OZTU',#18,$,$,(#5512),#5517);
#5519=IFCRELFILLSELEMENT('1Rf6$1eRo7QIVAyc6hSHPF',#18,$,$,#5512,#2408);
#5520=IFCAXIS2PLACEMENT3D(#3,$,$);
#5521=IFCLOCALPLACEMENT(#5511,#5520);
#5522=IFCCARTESIANPOINT((1.0675000000000001,0.44250000000000028));
#5523=IFCAXIS2PLACEMENT2D(#5522,#14);
#5524=IFCRECTANGLEPROFILEDEF(.AREA.,$,#5523,0.88499999999999956,2.1349999999999993);
#5525=IFCAXIS2PLACEMENT3D(#3,#7,#9);
#5526=IFCEXTRUDEDAREASOLID(#5524,#5525,#9,0.12799999999999997);
#5527=IFCSHAPEREPRESENTATION(#86,'Body','SweptSolid',(#5526));
#5528=IFCPRODUCTDEFINITIONSHAPE($,$,(#5527));
#5529=IFCCARTESIANPOINT((2.2212728326244693,-0.064000000000009688,0.));
#5530=IFCAXIS2PLACEMENT3D(#5529,$,$);
#5531=IFCLOCALPLACEMENT(#1497,#5530);
#5532=IFCOPENINGELEMENT('2UhavqRgkIgqeFWjo5UPUN',#18,'M_Single-Flush:0885 x 2135 mm:293472:1',$,'Opening',#5531,#5528,'293472');
#5533=IFCRELVOIDSELEMENT('00rx_E4Bf4tw0ORNXlC2f5',#18,$,$,#1542,#5532);
#5534=IFCQUANTITYLENGTH('Depth',$,$,0.12799999999999997);
#5535=IFCQUANTITYLENGTH('Height',$,$,0.88499999999999968);
#5536=IFCQUANTITYLENGTH('Width',$,$,2.1349999999999998);
#5537=IFCELEMENTQUANTITY('3n_A1cuxp4M9FAdvAJEjHm',#18,'BaseQuantities',$,$,(#5534,#5535,#5536));
#5538=IFCRELDEFINESBYPROPERTIES('1RPJYFB$yE4imkTADLM_WK',#18,$,$,(#5532),#5537);
#5539=IFCRELFILLSELEMENT('3id2oi7tEoLbbi8eos6vq5',#18,$,$,#5532,#2424);
#5540=IFCAXIS2PLACEMENT3D(#3,$,$);
#5541=IFCLOCALPLACEMENT(#5531,#5540);
#5542=IFCCARTESIANPOINT((1.0675000000000001,0.44249999999999912));
#5543=IFCAXIS2PLACEMENT2D(#5542,#13);
#5544=IFCRECTANGLEPROFILEDEF(.AREA.,$,#5543,0.88499999999999956,2.1349999999999993);
#5545=IFCAXIS2PLACEMENT3D(#3,#7,#9);
#5546=IFCEXTRUDEDAREASOLID(#5544,#5545,#9,0.12799999999999997);
#5547=IFCSHAPEREPRESENTATION(#86,'Body','SweptSolid',(#5546));
#5548=IFCPRODUCTDEFINITIONSHAPE($,$,(#5547));
#5549=IFCCARTESIANPOINT((9.1617271673745417,-0.064000000000030394,0.));
#5550=IFCAXIS2PLACEMENT3D(#5549,$,$);
#5551=IFCLOCALPLACEMENT(#1497,#5550);
#5552=IFCOPENINGELEMENT('3iJ6J868jZp7tw23dwWj9j',#18,'M_Single-Flush:0885 x 2135 mm:296045:1',$,'Opening',#5551,#5548,'296045');
#5553=IFCRELVOIDSELEMENT('2el_K5VWP9YQ2m8TShuK4r',#18,$,$,#1542,#5552);
#5554=IFCQUANTITYLENGTH('Depth',$,$,0.12799999999999997);
#5555=IFCQUANTITYLENGTH('Height',$,$,0.88499999999999968);
#5556=IFCQUANTITYLENGTH('Width',$,$,2.1349999999999998);
#5557=IFCELEMENTQUANTITY('1h9Ru_K3CbJBUEKfXsPgtS',#18,'BaseQuantities',$,$,(#5554,#5555,#5556));
#5558=IFCRELDEFINESBYPROPERTIES('0kREJ_sQDPOZ7mtsB5O2HI',#18,$,$,(#5552),#5557);
#5559=IFCRELFILLSELEMENT('1$mMXrlQ2OcEJQ7Ig4Yz6H',#18,$,$,#5552,#3334);
#5560=IFCAXIS2PLACEMENT3D(#3,$,$);
#5561=IFCLOCALPLACEMENT(#5551,#5560);
#5562=IFCCARTESIANPOINT((1.0669999999999997,0.38100000000000001));
#5563=IFCAXIS2PLACEMENT2D(#5562,#14);
#5564=IFCRECTANGLEPROFILEDEF(.AREA.,$,#5563,0.76199999999999979,2.1339999999999995);
#5565=IFCAXIS2PLACEMENT3D(#3,#8,#9);
#5566=IFCEXTRUDEDAREASOLID(#5564,#5565,#9,0.12799999999999997);
#5567=IFCSHAPEREPRESENTATION(#86,'Body','SweptSolid',(#5566));
#5568=IFCPRODUCTDEFINITIONSHAPE($,$,(#5567));
#5569=IFCCARTESIANPOINT((1.717000000000001,0.063999999999998752,0.));
#5570=IFCAXIS2PLACEMENT3D(#5569,$,$);
#5571=IFCLOCALPLACEMENT(#1607,#5570);
#5572=IFCOPENINGELEMENT('2G7DKc3uGqhb1NSyLvPHZy',#18,'M_Single-Flush:0762 x 2134mm:293478:1',$,'Opening',#5571,#5568,'293478');
#5573=IFCRELVOIDSELEMENT('00rx_E4Bf4tw0ORNXlC2f3',#18,$,$,#1631,#5572);
#5574=IFCQUANTITYLENGTH('Depth',$,$,0.12799999999999997);
#5575=IFCQUANTITYLENGTH('Height',$,$,0.7619999999999999);
#5576=IFCQUANTITYLENGTH('Width',$,$,2.133999999999999);
#5577=IFCELEMENTQUANTITY('2hukrqRCLFosLpcRoC83Jk',#18,'BaseQuantities',$,$,(#5574,#5575,#5576));
#5578=IFCRELDEFINESBYPROPERTIES('2OgwhWDUZGtGaiMXBQRf_t',#18,$,$,(#5572),#5577);
#5579=IFCRELFILLSELEMENT('0NLup0Zw1NbYI7fJb6sT4l',#18,$,$,#5572,#2605);
#5580=IFCAXIS2PLACEMENT3D(#3,#9,#6);
#5581=IFCLOCALPLACEMENT(#5571,#5580);
#5582=IFCCARTESIANPOINT((1.0669999999999997,0.38100000000000006));
#5583=IFCAXIS2PLACEMENT2D(#5582,#13);
#5584=IFCRECTANGLEPROFILEDEF(.AREA.,$,#5583,0.76199999999999968,2.1339999999999995);
#5585=IFCAXIS2PLACEMENT3D(#3,#8,#9);
#5586=IFCEXTRUDEDAREASOLID(#5584,#5585,#9,0.12799999999999997);
#5587=IFCSHAPEREPRESENTATION(#86,'Body','SweptSolid',(#5586));
#5588=IFCPRODUCTDEFINITIONSHAPE($,$,(#5587));
#5589=IFCCARTESIANPOINT((1.4859999999998712,0.064000000000000404,0.));
#5590=IFCAXIS2PLACEMENT3D(#5589,$,$);
#5591=IFCLOCALPLACEMENT(#1740,#5590);
#5592=IFCOPENINGELEMENT('0Uz8xpUycYDVtmdqSzoRgh',#18,'M_Single-Flush:0762 x 2134mm:293479:1',$,'Opening',#5591,#5588,'293479');
#5593=IFCRELVOIDSELEMENT('00rx_E4Bf4tw0ORNXlC2f2',#18,$,$,#1769,#5592);
#5594=IFCQUANTITYLENGTH('Depth',$,$,0.12799999999999997);
#5595=IFCQUANTITYLENGTH('Height',$,$,0.76199999999999979);
#5596=IFCQUANTITYLENGTH('Width',$,$,2.133999999999999);
#5597=IFCELEMENTQUANTITY('1Y$X5D02hUoHvEh_NkMZwG',#18,'BaseQuantities',$,$,(#5594,#5595,#5596));
#5598=IFCRELDEFINESBYPROPERTIES('0wEI$Kef44fNmlCY6n4tEg',#18,$,$,(#5592),#5597);
#5599=IFCRELFILLSELEMENT('1i_X7bEeG32vaPu2yFLnRv',#18,$,$,#5592,#2621);
#5600=IFCAXIS2PLACEMENT3D(#3,#9,#6);
#5601=IFCLOCALPLACEMENT(#5591,#5600);
#5602=IFCCARTESIANPOINT((1.0669999999999997,0.38099999999999995));
#5603=IFCAXIS2PLACEMENT2D(#5602,#13);
#5604=IFCRECTANGLEPROFILEDEF(.AREA.,$,#5603,0.76199999999999968,2.1339999999999995);
#5605=IFCAXIS2PLACEMENT3D(#3,#7,#9);
#5606=IFCEXTRUDEDAREASOLID(#5604,#5605,#9,0.12799999999999997);
#5607=IFCSHAPEREPRESENTATION(#86,'Body','SweptSolid',(#5606));
#5608=IFCPRODUCTDEFINITIONSHAPE($,$,(#5607));
#5609=IFCCARTESIANPOINT((1.5414996444702205,-0.064000000000003457,0.));
#5610=IFCAXIS2PLACEMENT3D(#5609,$,$);
#5611=IFCLOCALPLACEMENT(#1928,#5610);
#5612=IFCOPENINGELEMENT('3Ors0bR9YKwyMMeD2rFAs8',#18,'M_Single-Flush:0762 x 2134mm:293481:1',$,'Opening',#5611,#5608,'293481');
#5613=IFCRELVOIDSELEMENT('00rx_E4Bf4tw0ORNXlC2fC',#18,$,$,#1953,#5612);
#5614=IFCQUANTITYLENGTH('Depth',$,$,0.12799999999999997);
#5615=IFCQUANTITYLENGTH('Height',$,$,0.76199999999999979);
#5616=IFCQUANTITYLENGTH('Width',$,$,2.133999999999999);
#5617=IFCELEMENTQUANTITY('3Fwrz21x56RPL1_Xw_Zw5k',#18,'BaseQuantities',$,$,(#5614,#5615,#5616));
#5618=IFCRELDEFINESBYPROPERTIES('0GmYlv3MnJQv73j77MaFRu',#18,$,$,(#5612),#5617);
#5619=IFCRELFILLSELEMENT('16umB1wit4oQPUs5nOQCgF',#18,$,$,#5612,#2653);
#5620=IFCAXIS2PLACEMENT3D(#3,$,$);
#5621=IFCLOCALPLACEMENT(#5611,#5620);
#5622=IFCCARTESIANPOINT((1.0669999999999997,0.38100000000000034));
#5623=IFCAXIS2PLACEMENT2D(#5622,#14);
#5624=IFCRECTANGLEPROFILEDEF(.AREA.,$,#5623,0.76200000000000012,2.1339999999999995);
#5625=IFCAXIS2PLACEMENT3D(#3,#8,#9);
#5626=IFCEXTRUDEDAREASOLID(#5624,#5625,#9,0.12799999999999997);
#5627=IFCSHAPEREPRESENTATION(#86,'Body','SweptSolid',(#5626));
#5628=IFCPRODUCTDEFINITIONSHAPE($,$,(#5627));
#5629=IFCCARTESIANPOINT((1.6169999999999976,0.063999999999998586,0.));
#5630=IFCAXIS2PLACEMENT3D(#5629,$,$);
#5631=IFCLOCALPLACEMENT(#1973,#5630);
#5632=IFCOPENINGELEMENT('2fQ5CJXA7nENN$CTnHPfjR',#18,'M_Single-Flush:0762 x 2134mm:293482:1',$,'Opening',#5631,#5628,'293482');
#5633=IFCRELVOIDSELEMENT('00rx_E4Bf4tw0ORNXlC2fF',#18,$,$,#1996,#5632);
#5634=IFCQUANTITYLENGTH('Depth',$,$,0.12799999999999997);
#5635=IFCQUANTITYLENGTH('Height',$,$,0.76200000000000034);
#5636=IFCQUANTITYLENGTH('Width',$,$,2.133999999999999);
#5637=IFCELEMENTQUANTITY('0C5kg8asrO0AhrW8go$yLC',#18,'BaseQuantities',$,$,(#5634,#5635,#5636));
#5638=IFCRELDEFINESBYPROPERTIES('0rBAcDfzJ25NZrhllpK6dE',#18,$,$,(#5632),#5637);
#5639=IFCRELFILLSELEMENT('2q38Q3Loil3PYMAzTDtuUy',#18,$,$,#5632,#2669);
#5640=IFCAXIS2PLACEMENT3D(#3,#9,#6);
#5641=IFCLOCALPLACEMENT(#5631,#5640);
#5642=IFCCARTESIANPOINT((1.0669999999999997,0.38100000000000017));
#5643=IFCAXIS2PLACEMENT2D(#5642,#14);
#5644=IFCRECTANGLEPROFILEDEF(.AREA.,$,#5643,0.76199999999999957,2.1339999999999995);
#5645=IFCAXIS2PLACEMENT3D(#3,#7,#9);
#5646=IFCEXTRUDEDAREASOLID(#5644,#5645,#9,0.12799999999999997);
#5647=IFCSHAPEREPRESENTATION(#86,'Body','SweptSolid',(#5646));
#5648=IFCPRODUCTDEFINITIONSHAPE($,$,(#5647));
#5649=IFCCARTESIANPOINT((1.1390000000000418,-0.06400000000000608,0.));
#5650=IFCAXIS2PLACEMENT3D(#5649,$,$);
#5651=IFCLOCALPLACEMENT(#2016,#5650);
#5652=IFCOPENINGELEMENT('1ouMunHXTPWk7Rl28tgqVY',#18,'M_Single-Flush:0762 x 2134mm:293485:1',$,'Opening',#5651,#5648,'293485');
#5653=IFCRELVOIDSELEMENT('00rx_E4Bf4tw0ORNXlC2f8',#18,$,$,#2041,#5652);
#5654=IFCQUANTITYLENGTH('Depth',$,$,0.12799999999999997);
#5655=IFCQUANTITYLENGTH('Height',$,$,0.76199999999999979);
#5656=IFCQUANTITYLENGTH('Width',$,$,2.133999999999999);
#5657=IFCELEMENTQUANTITY('2fjZRCiJcY00aCghFxgkZU',#18,'BaseQuantities',$,$,(#5654,#5655,#5656));
#5658=IFCRELDEFINESBYPROPERTIES('12GhoTr7CYlF_YAc6TGyub',#18,$,$,(#5652),#5657);
#5659=IFCRELFILLSELEMENT('1NBwf_U_lW76wb7ncI3XWJ',#18,$,$,#5652,#2701);
#5660=IFCAXIS2PLACEMENT3D(#3,$,$);
#5661=IFCLOCALPLACEMENT(#5651,#5660);
#5662=IFCCARTESIANPOINT((1.0669999999999997,0.38099999999999978));
#5663=IFCAXIS2PLACEMENT2D(#5662,#13);
#5664=IFCRECTANGLEPROFILEDEF(.AREA.,$,#5663,0.76199999999999968,2.1339999999999995);
#5665=IFCAXIS2PLACEMENT3D(#3,#7,#9);
#5666=IFCEXTRUDEDAREASOLID(#5664,#5665,#9,0.12799999999999997);
#5667=IFCSHAPEREPRESENTATION(#86,'Body','SweptSolid',(#5666));
#5668=IFCPRODUCTDEFINITIONSHAPE($,$,(#5667));
#5669=IFCCARTESIANPOINT((1.5286404591205347,-0.064000000000005067,0.));
#5670=IFCAXIS2PLACEMENT3D(#5669,$,$);
#5671=IFCLOCALPLACEMENT(#2061,#5670);
#5672=IFCOPENINGELEMENT('29HpyH3_5rvfTkwruixag1',#18,'M_Single-Flush:0762 x 2134mm:293484:1',$,'Opening',#5671,#5668,'293484');
#5673=IFCRELVOIDSELEMENT('00rx_E4Bf4tw0ORNXlC2f9',#18,$,$,#2086,#5672);
#5674=IFCQUANTITYLENGTH('Depth',$,$,0.12799999999999997);
#5675=IFCQUANTITYLENGTH('Height',$,$,0.76199999999999979);
#5676=IFCQUANTITYLENGTH('Width',$,$,2.133999999999999);
#5677=IFCELEMENTQUANTITY('1Gw_6HtPQfXOTkszQD1_7b',#18,'BaseQuantities',$,$,(#5674,#5675,#5676));
#5678=IFCRELDEFINESBYPROPERTIES('3sPb8WjwRqF0b$qDs5u1iX',#18,$,$,(#5672),#5677);
#5679=IFCRELFILLSELEMENT('2dvwWC6Y5Iw_z8TjdXX5f9',#18,$,$,#5672,#2685);
#5680=IFCAXIS2PLACEMENT3D(#3,$,$);
#5681=IFCLOCALPLACEMENT(#5671,#5680);
#5682=IFCCARTESIANPOINT((1.0669999999999997,0.38099999999999995));
#5683=IFCAXIS2PLACEMENT2D(#5682,#14);
#5684=IFCRECTANGLEPROFILEDEF(.AREA.,$,#5683,0.76199999999999968,2.1339999999999995);
#5685=IFCAXIS2PLACEMENT3D(#3,#8,#9);
#5686=IFCEXTRUDEDAREASOLID(#5684,#5685,#9,0.12799999999999997);
#5687=IFCSHAPEREPRESENTATION(#86,'Body','SweptSolid',(#5686));
#5688=IFCPRODUCTDEFINITIONSHAPE($,$,(#5687));
#5689=IFCCARTESIANPOINT((1.6669999999999516,0.063999999999999821,0.));
#5690=IFCAXIS2PLACEMENT3D(#5689,$,$);
#5691=IFCLOCALPLACEMENT(#2149,#5690);
#5692=IFCOPENINGELEMENT('1I_R5lOq94eYvt0bPmZb39',#18,'M_Single-Flush:0762 x 2134mm:293480:1',$,'Opening',#5691,#5688,'293480');
#5693=IFCRELVOIDSELEMENT('00rx_E4Bf4tw0ORNXlC2fD',#18,$,$,#2172,#5692);
#5694=IFCQUANTITYLENGTH('Depth',$,$,0.12799999999999997);
#5695=IFCQUANTITYLENGTH('Height',$,$,0.76199999999999979);
#5696=IFCQUANTITYLENGTH('Width',$,$,2.133999999999999);
#5697=IFCELEMENTQUANTITY('2uQaeaYv960LRAQPgc3eMN',#18,'BaseQuantities',$,$,(#5694,#5695,#5696));
#5698=IFCRELDEFINESBYPROPERTIES('3JF_zo3nQg0BPCAIucE$U8',#18,$,$,(#5692),#5697);
#5699=IFCRELFILLSELEMENT('0RXicJYwYKMF3E8bbxTtFh',#18,$,$,#5692,#2637);
#5700=IFCAXIS2PLACEMENT3D(#3,#9,#6);
#5701=IFCLOCALPLACEMENT(#5691,#5700);
#5702=IFCCARTESIANPOINT((1.0669999999999997,0.50000000000000022));
#5703=IFCAXIS2PLACEMENT2D(#5702,#14);
#5704=IFCRECTANGLEPROFILEDEF(.AREA.,$,#5703,0.99999999999999967,2.1339999999999995);
#5705=IFCAXIS2PLACEMENT3D(#3,#7,#9);
#5706=IFCEXTRUDEDAREASOLID(#5704,#5705,#9,0.24999999999999997);
#5707=IFCSHAPEREPRESENTATION(#86,'Body','SweptSolid',(#5706));
#5708=IFCPRODUCTDEFINITIONSHAPE($,$,(#5707));
#5709=IFCCARTESIANPOINT((0.015553013389969729,-0.12500000000000269,0.));
#5710=IFCAXIS2PLACEMENT3D(#5709,$,$);
#5711=IFCLOCALPLACEMENT(#2745,#5710);
#5712=IFCOPENINGELEMENT('3fcWHXc6OlSfVYFO_5tMbP',#18,'M_Single-Flush:1000 x 2134mm 2:293809:1',$,'Opening',#5711,#5708,'293809');
#5713=IFCRELVOIDSELEMENT('00rx_E4Bf4tw0ORNXlC2kK',#18,$,$,#2770,#5712);
#5714=IFCQUANTITYLENGTH('Depth',$,$,0.24999999999999997);
#5715=IFCQUANTITYLENGTH('Height',$,$,0.99999999999999978);
#5716=IFCQUANTITYLENGTH('Width',$,$,2.133999999999999);
#5717=IFCELEMENTQUANTITY('3jqQxYrePGHE4xasNLh4tX',#18,'BaseQuantities',$,$,(#5714,#5715,#5716));
#5718=IFCRELDEFINESBYPROPERTIES('12jG7TEydlT2eYcrEHfhq9',#18,$,$,(#5712),#5717);
#5719=IFCRELFILLSELEMENT('1fx5dTVEuT373$$7EmXjUA',#18,$,$,#5712,#2865);
#5720=IFCAXIS2PLACEMENT3D(#3,$,$);
#5721=IFCLOCALPLACEMENT(#5711,#5720);
#5722=IFCCARTESIANPOINT((1.0669999999999997,0.50000000000000011));
#5723=IFCAXIS2PLACEMENT2D(#5722,#13);
#5724=IFCRECTANGLEPROFILEDEF(.AREA.,$,#5723,0.99999999999999967,2.1339999999999995);
#5725=IFCAXIS2PLACEMENT3D(#3,#8,#9);
#5726=IFCEXTRUDEDAREASOLID(#5724,#5725,#9,0.24999999999999997);
#5727=IFCSHAPEREPRESENTATION(#86,'Body','SweptSolid',(#5726));
#5728=IFCPRODUCTDEFINITIONSHAPE($,$,(#5727));
#5729=IFCCARTESIANPOINT((19.426553013390077,0.12499999999993804,0.));
#5730=IFCAXIS2PLACEMENT3D(#5729,$,$);
#5731=IFCLOCALPLACEMENT(#2745,#5730);
#5732=IFCOPENINGELEMENT('0cSlNkD7mYMQ$DIYjLGcGn',#18,'M_Single-Flush:1000 x 2134mm 2:293810:1',$,'Opening',#5731,#5728,'293810');
#5733=IFCRELVOIDSELEMENT('00rx_E4Bf4tw0ORNXlC2kN',#18,$,$,#2770,#5732);
#5734=IFCQUANTITYLENGTH('Depth',$,$,0.24999999999999997);
#5735=IFCQUANTITYLENGTH('Height',$,$,0.99999999999999978);
#5736=IFCQUANTITYLENGTH('Width',$,$,2.133999999999999);
#5737=IFCELEMENTQUANTITY('0BbYmlf91YDkcSnblx$z8b',#18,'BaseQuantities',$,$,(#5734,#5735,#5736));
#5738=IFCRELDEFINESBYPROPERTIES('0lgJkgYjsLJJuRaoAXuQSm',#18,$,$,(#5732),#5737);
#5739=IFCRELFILLSELEMENT('0mgoL9H20jWhgiC0LNSMZr',#18,$,$,#5732,#2923);
#5740=IFCAXIS2PLACEMENT3D(#3,#9,#6);
#5741=IFCLOCALPLACEMENT(#5731,#5740);
#5742=IFCCARTESIANPOINT((1.0669999999999997,0.49999999999999994));
#5743=IFCAXIS2PLACEMENT2D(#5742,#14);
#5744=IFCRECTANGLEPROFILEDEF(.AREA.,$,#5743,0.99999999999999967,2.1339999999999995);
#5745=IFCAXIS2PLACEMENT3D(#3,#8,#9);
#5746=IFCEXTRUDEDAREASOLID(#5744,#5745,#9,0.24999999999999997);
#5747=IFCSHAPEREPRESENTATION(#86,'Body','SweptSolid',(#5746));
#5748=IFCPRODUCTDEFINITIONSHAPE($,$,(#5747));
#5749=IFCCARTESIANPOINT((20.426553013390087,0.12499999999993557,0.));
#5750=IFCAXIS2PLACEMENT3D(#5749,$,$);
#5751=IFCLOCALPLACEMENT(#2745,#5750);
#5752=IFCOPENINGELEMENT('2Lv5Apmu12J_5BvnineKa8',#18,'M_Single-Flush:1000 x 2134mm 2:293811:1',$,'Opening',#5751,#5748,'293811');
#5753=IFCRELVOIDSELEMENT('00rx_E4Bf4tw0ORNXlC2kM',#18,$,$,#2770,#5752);
#5754=IFCQUANTITYLENGTH('Depth',$,$,0.24999999999999997);
#5755=IFCQUANTITYLENGTH('Height',$,$,0.99999999999999978);
#5756=IFCQUANTITYLENGTH('Width',$,$,2.133999999999999);
#5757=IFCELEMENTQUANTITY('3pLKlBGvOKmHbyTuEcpS74',#18,'BaseQuantities',$,$,(#5754,#5755,#5756));
#5758=IFCRELDEFINESBYPROPERTIES('3avKExazLk6MkXpeIDsRTJ',#18,$,$,(#5752),#5757);
#5759=IFCRELFILLSELEMENT('1$GJVSy6M8i_B_BRal4FZy',#18,$,$,#5752,#2940);
#5760=IFCAXIS2PLACEMENT3D(#3,#9,#6);
#5761=IFCLOCALPLACEMENT(#5751,#5760);
#5762=IFCCARTESIANPOINT((1.0669999999999997,0.38100000000000023));
#5763=IFCAXIS2PLACEMENT2D(#5762,#14);
#5764=IFCRECTANGLEPROFILEDEF(.AREA.,$,#5763,0.76199999999999968,2.1339999999999995);
#5765=IFCAXIS2PLACEMENT3D(#3,#7,#9);
#5766=IFCEXTRUDEDAREASOLID(#5764,#5765,#9,0.12799999999999997);
#5767=IFCSHAPEREPRESENTATION(#86,'Body','SweptSolid',(#5766));
#5768=IFCPRODUCTDEFINITIONSHAPE($,$,(#5767));
#5769=IFCCARTESIANPOINT((0.25499999999999751,-0.064000000000002388,0.));
#5770=IFCAXIS2PLACEMENT3D(#5769,$,$);
#5771=IFCLOCALPLACEMENT(#2952,#5770);
#5772=IFCOPENINGELEMENT('37N_ijtV3f_0WQLR44K153',#18,'M_Single-Flush:0762 x 2134mm:293922:1',$,'Opening',#5771,#5768,'293922');
#5773=IFCRELVOIDSELEMENT('00rx_E4Bf4tw0ORNXlC2m7',#18,$,$,#2975,#5772);
#5774=IFCQUANTITYLENGTH('Depth',$,$,0.12799999999999997);
#5775=IFCQUANTITYLENGTH('Height',$,$,0.76199999999999979);
#5776=IFCQUANTITYLENGTH('Width',$,$,2.133999999999999);
#5777=IFCELEMENTQUANTITY('2JU2Oc8oJZXsCgfSkA5_bu',#18,'BaseQuantities',$,$,(#5774,#5775,#5776));
#5778=IFCRELDEFINESBYPROPERTIES('1aypjjs5w9gVoRP3ObVDGn',#18,$,$,(#5772),#5777);
#5779=IFCRELFILLSELEMENT('1koyu4aDW7VcAtwPB2Ypg6',#18,$,$,#5772,#3015);
#5780=IFCAXIS2PLACEMENT3D(#3,$,$);
#5781=IFCLOCALPLACEMENT(#5771,#5780);
#5782=IFCCARTESIANPOINT((1.0669999999999997,0.38099999999999995));
#5783=IFCAXIS2PLACEMENT2D(#5782,#13);
#5784=IFCRECTANGLEPROFILEDEF(.AREA.,$,#5783,0.76200000000000023,2.1339999999999995);
#5785=IFCAXIS2PLACEMENT3D(#3,#7,#9);
#5786=IFCEXTRUDEDAREASOLID(#5784,#5785,#9,0.12799999999999997);
#5787=IFCSHAPEREPRESENTATION(#86,'Body','SweptSolid',(#5786));
#5788=IFCPRODUCTDEFINITIONSHAPE($,$,(#5787));
#5789=IFCCARTESIANPOINT((0.85499999999999732,-0.063999999999999529,0.));
#5790=IFCAXIS2PLACEMENT3D(#5789,$,$);
#5791=IFCLOCALPLACEMENT(#3178,#5790);
#5792=IFCOPENINGELEMENT('1xLhT6u1B2x0EPirql__Kd',#18,'M_Single-Flush:0762 x 2134mm:294507:1',$,'Opening',#5791,#5788,'294507');
#5793=IFCRELVOIDSELEMENT('00rx_E4Bf4tw0ORNXlC2vE',#18,$,$,#3201,#5792);
#5794=IFCQUANTITYLENGTH('Depth',$,$,0.12799999999999997);
#5795=IFCQUANTITYLENGTH('Height',$,$,0.76200000000000034);
#5796=IFCQUANTITYLENGTH('Width',$,$,2.133999999999999);
#5797=IFCELEMENTQUANTITY('00FPuC9QKRcAT8rp9tFk08',#18,'BaseQuantities',$,$,(#5794,#5795,#5796));
#5798=IFCRELDEFINESBYPROPERTIES('2DZia0k0L_X4vlvDBhJLrg',#18,$,$,(#5792),#5797);
#5799=IFCRELFILLSELEMENT('3OPGnStwX2wBjkaPTe2joD',#18,$,$,#5792,#3225);
#5800=IFCAXIS2PLACEMENT3D(#3,$,$);
#5801=IFCLOCALPLACEMENT(#5791,#5800);
#5802=IFCCARTESIANPOINT((1.0669999999999997,0.38099999999999995));
#5803=IFCAXIS2PLACEMENT2D(#5802,#14);
#5804=IFCRECTANGLEPROFILEDEF(.AREA.,$,#5803,0.76199999999999968,2.1339999999999995);
#5805=IFCAXIS2PLACEMENT3D(#3,#8,#9);
#5806=IFCEXTRUDEDAREASOLID(#5804,#5805,#9,0.12799999999999997);
#5807=IFCSHAPEREPRESENTATION(#86,'Body','SweptSolid',(#5806));
#5808=IFCPRODUCTDEFINITIONSHAPE($,$,(#5807));
#5809=IFCCARTESIANPOINT((2.2906404591205343,0.064000000000005497,0.));
#5810=IFCAXIS2PLACEMENT3D(#5809,$,$);
#5811=IFCLOCALPLACEMENT(#3237,#5810);
#5812=IFCOPENINGELEMENT('0QcehjGVHDzjRlWRvRzYOC',#18,'M_Single-Flush:0762 x 2134mm:294528:1',$,'Opening',#5811,#5808,'294528');
#5813=IFCRELVOIDSELEMENT('00rx_E4Bf4tw0ORNXlC2wb',#18,$,$,#3262,#5812);
#5814=IFCQUANTITYLENGTH('Depth',$,$,0.12799999999999997);
#5815=IFCQUANTITYLENGTH('Height',$,$,0.76199999999999979);
#5816=IFCQUANTITYLENGTH('Width',$,$,2.133999999999999);
#5817=IFCELEMENTQUANTITY('0HpD7eNv1wO93vrfd9vJoZ',#18,'BaseQuantities',$,$,(#5814,#5815,#5816));
#5818=IFCRELDEFINESBYPROPERTIES('2PW__OORBIVVUUTVX9SH8p',#18,$,$,(#5812),#5817);
#5819=IFCRELFILLSELEMENT('0bnozEC6ushmmutjmNzYdC',#18,$,$,#5812,#3286);
#5820=IFCAXIS2PLACEMENT3D(#3,#9,#6);
#5821=IFCLOCALPLACEMENT(#5811,#5820);
ENDSEC;

END-ISO-10303-21;